path,sha256
README.md,367bc50ff6a9634f2b41cc007f6ecd5299de6402a427b7c523e7a0bbf2ff83f1
code/reproduce.py,edcb5bc980bb375780556459ba9e49e596a366f4240844f69937633e3a77849c
code/verify_manifest.py,cf31e99d5d0db79cec631d60d3d5df838693372f411f7cb549627cae8638fc8c
data/data_dictionary.csv,8e4e788e11b5c8f6fd672d13c1f6a0932dc22ef7363aabcadeb353698100d816
data/parameters.json,ee181a4a9af6f7513a5fa09a73ae0ab9dd93fa21c35336d068a566d98a201e17
data/reference_metadata.json,a8506c46883eea5503b5693d423287fc15cf994953f7bd2dc8c0a46c24e8c356
data/source_register.csv,46906459ee02845a504c8115810b9ce1c85518b19fe3c663d4232c4c2749cb03
requirements.txt,815360a00e0e1d7a128cade3de11b66d3fe997cbd6e2c69f8081eb9bc8b88197
results/audit_summary.json,b31e1e28b2325beba79947493a68e263f54d1489ed176831594c117c53255aab
results/ceiling_lp_audit.csv,cf63a1c9a093126b065cf42bdd767aa0f4cfa09d6bb8d83f90b349c1a39478aa
results/central_results.json,4afcb8ec7956eaf446b0cc5204738ccbd9ad38fc511a52e4c10229a1e1da5163
results/constructive_audit.csv,bbeb88bf3042c4465b7eb04cb2a9559c14ddfbd140f5d3f6f758574799288546
results/figure1.png,328b4dbdafd1057683a34f37cc3a867530d9fd1c2373bab8d1dcdc27f79a0ba9
results/figure1_series.csv,79f20760c9a1c0de09aef45ccaa2fc4b70874bc5017fba6cd4dd01c9cb176a31
results/figure2.png,1ac458b3fc43d17033f3fc80b9258fb85a81af9bdf6f9cfbab71a6a0f5563b6d
results/figure2_series.csv,043fe6d63c235d10cce1fc102a887acc2ce23002d48cfb19109224f950a97586
results/figure3.png,239583f7cc9059c7c0344f2e89327d227391aab76d3c0db646002148836b00d1
results/figure3_series.csv,6a331c5949a1781fcdc585db3cfc6124d637c3c5f2e0fa16be49a0e99b977a8f
results/figure4.png,a521e99a9fd8db180fedc1853a70b12cb7d00c41f7dce593eab08acfc178fb1d
results/figure4_series.csv,b399063aceb0e0598be51fb5847a4895dca4256ee803480b1032860993c645a7
results/gaussian_lp_audit.csv,b976fb341c6f2c60efcdc7e4bccd253127a67064b9c563f6865d1b77889a83a0
results/runtime.json,388e9873d2f5677db525a17c21e0296af65aa5e365a3f717540dd61cc1471232
results/table2_constraint_failures.csv,54e1a418ce539360fbedc0c6e717b2c60d67725ab7c697ad9e5d2e69eeae2247
results/table3_advances.csv,65869654c3ed123d905c95f11dd909664b8a7590cb6c81e671b0623df5d9507c
results/table5_dispersion.csv,4109739ee1937b83e1af67fe4b80af04df1b6e0748e2e4bcf0726dd40dc5432a
results/uniform_lp_audit.csv,4d185f6d71f09529fa56a2c5135022fceeec4fc073bdb384ce482b2af232dd10
revision_record.json,114ce8cb818ffa8ea7ef38eb63cc83a80b054efc26aa2aaaa695d9659823580c
