reference_id,authors_full_order,year,title,journal_or_publisher,volume,issue,pages,article_number,doi,source_url,evidence_url,publication_status,published_online_date_parts,published_print_date_parts,publication_type,topic,priority,supports,does_not_support_or_caveat,interpretation_access,metadata_source,metadata_verification_date,current_jcr_quartile,current_sjr_quartile,quartile_verification_note,authors_structured,citation_year_label,in_text_parenthetical,apa7_reference_plain
bushnell2017,"[""James B. Bushnell""]",2017,(OVERLY) GREAT EXPECTATIONS: CARBON PRICING AND REVENUE UNCERTAINTY IN CALIFORNIA,National Tax Journal,70,4,837-854,,10.17310/ntj.2017.4.07,https://www.journals.uchicago.edu/doi/10.17310/ntj.2017.4.07,https://www.journals.uchicago.edu/doi/10.17310/ntj.2017.4.07,published journal article; issue metadata verified,[],"[2017, 12, 1]",peer-reviewed journal article,funding volatility,closest,Carbon-price incentives and revenue stability are distinct design objectives; California price containment can preserve marginal prices while auction revenues disappoint.,Cap-and-trade state-budget setting; does not estimate EURO donor behaviour. Author-hosted PDF is a prepublication proof with placeholder pages/DOI; final metadata comes from Crossref.,downloaded full text,Publisher-deposited Crossref record plus publisher/author evidence stated in access field,2026-10-06,NOT VERIFIED,NOT VERIFIED,No current category/year-specific official classification verified; do not infer Q1 from publisher or article type.,"[{""given"": ""James B."", ""family"": ""Bushnell""}]",2017,"(Bushnell, 2017)","Bushnell, J. B. (2017). (Overly) great expectations: Carbon pricing and revenue uncertainty in California. National Tax Journal, 70(4), 837–854. https://doi.org/10.17310/ntj.2017.4.07"
matthey2025,"[""Max Alexander Matthey"", ""Aidan Hollis"", ""Clara Brandi"", ""Georg Kobiela"", ""Benjamin Roth"", ""Magdalene Silberberger""]",2025,Climate impact auctions: an underused tool for green subsidies in the Global South,Climate Policy,25,5,806-814,,10.1080/14693062.2024.2411319,https://www.tandfonline.com/doi/full/10.1080/14693062.2024.2411319,https://www.tandfonline.com/doi/full/10.1080/14693062.2024.2411319,published journal article; issue metadata verified,"[2025, 2, 15]","[2025, 5, 28]",peer-reviewed journal article,results-based finance,closest,"Competitive results-based subsidies allocate a fixed budget and depend on measurable outcomes, ex-post assessment and manageable payment horizons. Project proponents must obtain project financing against anticipated revenues.","Policy proposal, not causal evidence that auctions universally outperform grants. Publisher PDF inaccessible; abstract and publisher-indexed sections consulted.",abstract and selected publisher sections,Publisher-deposited Crossref record plus publisher/author evidence stated in access field,2026-10-06,NOT VERIFIED,NOT VERIFIED,No current category/year-specific official classification verified; do not infer Q1 from publisher or article type.,"[{""given"": ""Max Alexander"", ""family"": ""Matthey""}, {""given"": ""Aidan"", ""family"": ""Hollis""}, {""given"": ""Clara"", ""family"": ""Brandi""}, {""given"": ""Georg"", ""family"": ""Kobiela""}, {""given"": ""Benjamin"", ""family"": ""Roth""}, {""given"": ""Magdalene"", ""family"": ""Silberberger""}]",2025,"(Matthey et al., 2025)","Matthey, M. A., Hollis, A., Brandi, C., Kobiela, G., Roth, B., & Silberberger, M. (2025). Climate impact auctions: An underused tool for green subsidies in the Global South. Climate Policy, 25(5), 806–814. https://doi.org/10.1080/14693062.2024.2411319"
morita2023,"[""Kanako Morita"", ""Ken’ichi Matsumoto""]",2023,Challenges and lessons learned for REDD+ finance and its governance,Carbon Balance and Management,18,1,,8,10.1186/s13021-023-00228-y,https://cbmjournal.biomedcentral.com/articles/10.1186/s13021-023-00228-y,https://cbmjournal.biomedcentral.com/articles/10.1186/s13021-023-00228-y,published journal article; issue metadata verified,"[2023, 5, 18]",[],peer-reviewed journal article,results-based finance,core,"REDD+ experience distinguishes predictable finance, multilevel governance and result-payment implementation challenges.",Forestry governance cannot supply event-specific project yields or delays.,downloaded full text,Publisher-deposited Crossref record plus publisher/author evidence stated in access field,2026-10-06,NOT VERIFIED,NOT VERIFIED,No current category/year-specific official classification verified; do not infer Q1 from publisher or article type.,"[{""given"": ""Kanako"", ""family"": ""Morita""}, {""given"": ""Ken’ichi"", ""family"": ""Matsumoto""}]",2023,"(Morita & Matsumoto, 2023)","Morita, K., & Matsumoto, K. I. (2023). Challenges and lessons learned for REDD+ finance and its governance. Carbon Balance and Management, 18(1), Article 8. https://doi.org/10.1186/s13021-023-00228-y"
mccarthy2025,"[""Conor McCarthy"", ""Tracy Bradfield"", ""David Butler"", ""Robert Butler""]",2025,Emissions from air travel and major football tournaments,European Sport Management Quarterly,25,4,663-683,,10.1080/16184742.2024.2416891,https://www.tandfonline.com/doi/full/10.1080/16184742.2024.2416891,https://cora.ucc.ie/handle/10468/16657,published journal article; issue metadata verified,"[2024, 11, 5]","[2025, 7, 4]",peer-reviewed journal article,mega-event context,context,International tournament structure and geographical spread affect team air-travel emissions.,Team and management travel only; cannot represent all spectator travel or event emissions.,abstract and author-repository record,Publisher-deposited Crossref record plus publisher/author evidence stated in access field,2026-10-06,NOT VERIFIED,NOT VERIFIED,No current category/year-specific official classification verified; do not infer Q1 from publisher or article type.,"[{""given"": ""Conor"", ""family"": ""McCarthy""}, {""given"": ""Tracy"", ""family"": ""Bradfield""}, {""given"": ""David"", ""family"": ""Butler""}, {""given"": ""Robert"", ""family"": ""Butler""}]",2025,"(McCarthy et al., 2025)","McCarthy, C., Bradfield, T., Butler, D., & Butler, R. (2025). Emissions from air travel and major football tournaments. European Sport Management Quarterly, 25(4), 663–683. https://doi.org/10.1080/16184742.2024.2416891"
holmstrom1991,"[""Bengt Holmstrom"", ""Paul Milgrom""]",1991,"Multitask Principal–Agent Analyses: Incentive Contracts, Asset Ownership, and Job Design","The Journal of Law, Economics, and Organization",7,Special Issue,24-52,,10.1093/jleo/7.special_issue.24,https://academic.oup.com/jleo/article/7/special_issue/24/2194011,https://academic.oup.com/jleo/article/7/special_issue/24/2194011,published journal article; issue metadata verified,"[1991, 1, 1]","[1991, 1, 1]",peer-reviewed journal article,contract theory,foundation,Noisy measures and multiple tasks shape incentive-contract design; concentrating rewards on measurable performance can distort unmeasured tasks.,Does not establish an optimal event contribution or grant contract; cite only for the actual incentive mechanism.,bibliographic record and established theoretical scope; full text not downloaded,Publisher-deposited Crossref record; human-readable Special Issue designation corroborated by official OUP journal Nobel collection https://academic.oup.com/jleo/pages/nobel,2026-10-06,NOT VERIFIED,NOT VERIFIED,No current category/year-specific official classification verified; do not infer Q1 from publisher or article type.,"[{""given"": ""Bengt"", ""family"": ""Holmstrom""}, {""given"": ""Paul"", ""family"": ""Milgrom""}]",1991,"(Holmstrom & Milgrom, 1991)","Holmstrom, B., & Milgrom, P. (1991). Multitask principal–agent analyses: Incentive contracts, asset ownership, and job design. The Journal of Law, Economics, and Organization, 7(Special Issue), 24–52. https://doi.org/10.1093/jleo/7.special_issue.24"
okeeffe_brander2026,"[""Michelle O'Keeffe"", ""Matthew Brander""]",2026,A comparison of methodologies for avoided emissions quantification,Journal of Cleaner Production,544,,,147672,10.1016/j.jclepro.2026.147672,https://linkinghub.elsevier.com/retrieve/pii/S0959652626002118,https://www.sciencedirect.com/science/article/abs/pii/S0959652626002118,published journal article; issue metadata verified,[],"[2026, 2]",peer-reviewed journal article,measurement uncertainty,core,Comparison of avoided-emissions methodologies establishes methodological heterogeneity as prior art.,"Comparison of standards, not actual additional emissions reductions from event grants.",abstract only,Publisher-deposited Crossref record plus publisher/author evidence stated in access field,2026-10-06,NOT VERIFIED,NOT VERIFIED,No current category/year-specific official classification verified; do not infer Q1 from publisher or article type.,"[{""given"": ""Michelle"", ""family"": ""O'Keeffe""}, {""given"": ""Matthew"", ""family"": ""Brander""}]",2026,"(O'Keeffe & Brander, 2026)","O'Keeffe, M., & Brander, M. (2026). A comparison of methodologies for avoided emissions quantification. Journal of Cleaner Production, 544, Article 147672. https://doi.org/10.1016/j.jclepro.2026.147672"
goldman2026,"[""Jackson S. W. Goldman"", ""Jascha Servi"", ""Sam Vosper"", ""Shaun T. Larcom""]",2026,A framework for assessing climate costs and economic benefits of major entertainment events,Communications Sustainability,1,1,,110,10.1038/s44458-026-00112-z,https://www.nature.com/articles/s44458-026-00112-z,https://www.nature.com/articles/s44458-026-00112-z,published journal article; issue metadata verified,"[2026, 7, 16]",[],peer-reviewed journal article,mega-event climate finance,closest,Framework compares event climate costs with economic benefits and illustrates FIFA 2026/Coldplay; shared responsibility and funding low-carbon travel already discussed.,Welfare and carbon-pricing application precedes this manuscript. It does not estimate realized EURO project additionality. New journal quartile not inferred from Nature branding.,downloaded full text,Publisher-deposited Crossref record plus publisher/author evidence stated in access field,2026-10-06,NOT VERIFIED,NOT VERIFIED,No current category/year-specific official classification verified; do not infer Q1 from publisher or article type.,"[{""given"": ""Jackson S. W."", ""family"": ""Goldman""}, {""given"": ""Jascha"", ""family"": ""Servi""}, {""given"": ""Sam"", ""family"": ""Vosper""}, {""given"": ""Shaun T."", ""family"": ""Larcom""}]",2026,"(Goldman et al., 2026)","Goldman, J. S. W., Servi, J., Vosper, S., & Larcom, S. T. (2026). A framework for assessing climate costs and economic benefits of major entertainment events. Communications Sustainability, 1(1), Article 110. https://doi.org/10.1038/s44458-026-00112-z"
desjardins2025,"[""Manon Desjardins"", ""Bernard Sinclair-Desgagné""]",2025,Internal Carbon Pricing in the Multidivisional Firm,Environmental and Resource Economics,88,8,2029-2057,,10.1007/s10640-025-00999-7,https://link.springer.com/10.1007/s10640-025-00999-7,https://link.springer.com/article/10.1007/s10640-025-00999-7,published journal article; issue metadata verified,"[2025, 6, 24]","[2025, 8]",peer-reviewed journal article,internal carbon pricing,closest,Formal model integrates internal carbon prices with transfer pricing and subsidiary abatement across jurisdictions.,Abstract only for main model: exact propositions and comparative statics not independently inspected.,abstract and publisher notes only,Publisher-deposited Crossref record plus publisher/author evidence stated in access field,2026-10-06,NOT VERIFIED,NOT VERIFIED,No current category/year-specific official classification verified; do not infer Q1 from publisher or article type.,"[{""given"": ""Manon"", ""family"": ""Desjardins""}, {""given"": ""Bernard"", ""family"": ""Sinclair-Desgagné""}]",2025,"(Desjardins & Sinclair-Desgagné, 2025)","Desjardins, M., & Sinclair-Desgagné, B. (2025). Internal carbon pricing in the multidivisional firm. Environmental and Resource Economics, 88(8), 2029–2057. https://doi.org/10.1007/s10640-025-00999-7"
innes1990,"[""Robert D Innes""]",1990,Limited liability and incentive contracting with ex-ante action choices,Journal of Economic Theory,52,1,45-67,,10.1016/0022-0531(90)90066-s,https://linkinghub.elsevier.com/retrieve/pii/002205319090066S,https://www.sciencedirect.com/science/article/abs/pii/002205319090066S,published journal article; issue metadata verified,[],"[1990, 10]",peer-reviewed journal article,contract theory,foundation,Limited liability and monotonicity constraints shape incentive contracting when a risk-neutral entrepreneur chooses ex-ante effort.,"Foundation for option-like contracts, not a direct proof of the proposed event-specific floor rule.",abstract only,Publisher-deposited Crossref record plus publisher/author evidence stated in access field,2026-10-06,NOT VERIFIED,NOT VERIFIED,No current category/year-specific official classification verified; do not infer Q1 from publisher or article type.,"[{""given"": ""Robert D"", ""family"": ""Innes""}]",1990,"(Innes, 1990)","Innes, R. D. (1990). Limited liability and incentive contracting with ex-ante action choices. Journal of Economic Theory, 52(1), 45–67. https://doi.org/10.1016/0022-0531(90)90066-s"
aqqad2026,"[""Yazeid Usama Aqqad"", ""Steven Ashley Forrest"", ""Ben Kolosz""]",2026,"Uncovering the carbon footprint of sport: a systematic quantitative review of emission sources, methods, and gaps",Cogent Social Sciences,12,1,,2698393,10.1080/23311886.2026.2698393,https://www.tandfonline.com/doi/full/10.1080/23311886.2026.2698393,https://www.tandfonline.com/doi/full/10.1080/23311886.2026.2698393,published online in 2026; annual volume/issue assigned; registered print date 2026-12-31 is future at audit date,"[2026, 7, 10]","[2026, 12, 31]",peer-reviewed journal article,mega-event context,context,Systematic review of sport carbon-footprint methods and gaps precedes general claims about inconsistent boundaries and weak mitigation follow-up.,"Review, not a primary estimate of EURO emissions or financed reductions.",abstract and prior verified source matrix,Publisher-deposited Crossref record plus publisher/author evidence stated in access field,2026-10-06,NOT VERIFIED,NOT VERIFIED,No current category/year-specific official classification verified; do not infer Q1 from publisher or article type.,"[{""given"": ""Yazeid Usama"", ""family"": ""Aqqad""}, {""given"": ""Steven Ashley"", ""family"": ""Forrest""}, {""given"": ""Ben"", ""family"": ""Kolosz""}]",2026,"(Aqqad et al., 2026)","Aqqad, Y. U., Forrest, S. A., & Kolosz, B. (2026). Uncovering the carbon footprint of sport: A systematic quantitative review of emission sources, methods, and gaps. Cogent Social Sciences, 12(1), Article 2698393. https://doi.org/10.1080/23311886.2026.2698393"
wang2024,"[""Hongyan Wang"", ""Jibang Tian"", ""Yanfeng Li"", ""Yang Wang"", ""Yao Lu"", ""Jianye Zhang"", ""Chentong Lei"", ""Chong Li""]",2024,Study on Life-Cycle Carbon Footprints and an Uncertainty Analysis of Mega Sporting Events: An Analysis in China,Buildings,14,8,,2510,10.3390/buildings14082510,https://www.mdpi.com/2075-5309/14/8/2510,https://www.mdpi.com/2075-5309/14/8/2510,published journal article; issue metadata verified,"[2024, 8, 14]",[],peer-reviewed journal article,mega-event uncertainty,context,"Mega-sport-event life-cycle accounting already includes traffic projections, data-quality uncertainty and Monte Carlo analysis.",Accounting uncertainty alone is not a financing mechanism or contribution.,publisher abstract and prior verified source matrix,Publisher-deposited Crossref record plus publisher/author evidence stated in access field,2026-10-06,NOT VERIFIED,NOT VERIFIED,No current category/year-specific official classification verified; do not infer Q1 from publisher or article type.,"[{""given"": ""Hongyan"", ""family"": ""Wang""}, {""given"": ""Jibang"", ""family"": ""Tian""}, {""given"": ""Yanfeng"", ""family"": ""Li""}, {""given"": ""Yang"", ""family"": ""Wang""}, {""given"": ""Yao"", ""family"": ""Lu""}, {""given"": ""Jianye"", ""family"": ""Zhang""}, {""given"": ""Chentong"", ""family"": ""Lei""}, {""given"": ""Chong"", ""family"": ""Li""}]",2024,"(Wang et al., 2024)","Wang, H., Tian, J., Li, Y., Wang, Y., Lu, Y., Zhang, J., Lei, C., & Li, C. (2024). Study on life-cycle carbon footprints and an uncertainty analysis of mega sporting events: An analysis in China. Buildings, 14(8), Article 2510. https://doi.org/10.3390/buildings14082510"
okeeffe2026,"[""Michelle O'Keeffe""]",2026,Investigating comparability within corporate avoided emissions quantification,Carbon Management,17,1,,2716309,10.1080/17583004.2026.2716309,https://www.tandfonline.com/doi/full/10.1080/17583004.2026.2716309,https://www.tandfonline.com/doi/full/10.1080/17583004.2026.2716309,published online in 2026; annual volume/issue assigned; registered print date 2026-12-31 is future at audit date,"[2026, 8, 13]","[2026, 12, 31]",peer-reviewed journal article,measurement uncertainty,closest,Within- and between-method variation in corporate avoided-emissions quantification is quantified and linked to capital-allocation implications.,Tesla product case; cannot supply event project yields. Metadata print date is 31 December 2026; online publication 13 August 2026 is verified and available as of audit date.,abstract and prior verified source matrix,Publisher-deposited Crossref record plus publisher/author evidence stated in access field,2026-10-06,NOT VERIFIED,NOT VERIFIED,No current category/year-specific official classification verified; do not infer Q1 from publisher or article type.,"[{""given"": ""Michelle"", ""family"": ""O'Keeffe""}]",2026,"(O'Keeffe, 2026)","O'Keeffe, M. (2026). Investigating comparability within corporate avoided emissions quantification. Carbon Management, 17(1), Article 2716309. https://doi.org/10.1080/17583004.2026.2716309"
cavallin2022,"[""Antonio Cavallin Toscani"", ""Laura Macchion"", ""Anna Stoppato"", ""Andrea Vinelli""]",2022,How to assess events’ environmental impacts: a uniform life cycle approach,Journal of Sustainable Tourism,30,1,240-257,,10.1080/09669582.2021.1874397,https://www.tandfonline.com/doi/full/10.1080/09669582.2021.1874397,https://www.tandfonline.com/doi/abs/10.1080/09669582.2021.1874397,published journal article; issue metadata verified,"[2021, 1, 19]","[2022, 1, 2]",peer-reviewed journal article,event accounting boundaries,context,Uniform life-cycle event assessment is established methodology.,Event environmental assessment does not determine the causal effects of financing or measured additional mitigation.,abstract only,Publisher-deposited Crossref record plus publisher/author evidence stated in access field,2026-10-06,NOT VERIFIED,NOT VERIFIED,No current category/year-specific official classification verified; do not infer Q1 from publisher or article type.,"[{""given"": ""Antonio"", ""family"": ""Cavallin Toscani""}, {""given"": ""Laura"", ""family"": ""Macchion""}, {""given"": ""Anna"", ""family"": ""Stoppato""}, {""given"": ""Andrea"", ""family"": ""Vinelli""}]",2022,"(Cavallin Toscani et al., 2022)","Cavallin Toscani, A., Macchion, L., Stoppato, A., & Vinelli, A. (2022). How to assess events’ environmental impacts: a uniform life cycle approach. Journal of Sustainable Tourism, 30(1), 240–257. https://doi.org/10.1080/09669582.2021.1874397"
angelsen2017,"[""Arild Angelsen""]",2017,REDD+ as Result‐based Aid: General Lessons and Bilateral Agreements of Norway,Review of Development Economics,21,2,237-264,,10.1111/rode.12271,https://onlinelibrary.wiley.com/doi/10.1111/rode.12271,https://onlinelibrary.wiley.com/doi/10.1111/rode.12271,published journal article; issue metadata verified,"[2016, 6, 19]","[2017, 5]",peer-reviewed journal article,results-based aid,closest foundation,"REDD+ results-based aid involves baseline construction, performance measurement, donor/recipient risk and marginal incentives.",Forestry-specific agreement evidence; do not imply identical incentives in voluntary EURO contributions.,publisher full-text indexed sections; local PDF unavailable,Publisher-deposited Crossref record plus publisher/author evidence stated in access field,2026-10-06,NOT VERIFIED,NOT VERIFIED,No current category/year-specific official classification verified; do not infer Q1 from publisher or article type.,"[{""given"": ""Arild"", ""family"": ""Angelsen""}]",2017,"(Angelsen, 2017)","Angelsen, A. (2017). REDD+ as result-based aid: General lessons and bilateral agreements of Norway. Review of Development Economics, 21(2), 237–264. https://doi.org/10.1111/rode.12271"
gorbach2022,"[""O.G. Gorbach"", ""C. Kost"", ""C. Pickett""]",2022,Review of internal carbon pricing and the development of a decision process for the identification of promising Internal Pricing Methods for an Organisation,Renewable and Sustainable Energy Reviews,154,,,111745,10.1016/j.rser.2021.111745,https://linkinghub.elsevier.com/retrieve/pii/S1364032121010170,https://www.sciencedirect.com/science/article/pii/S1364032121010170,published journal article; issue metadata verified,[],"[2022, 2]",peer-reviewed journal article,internal carbon pricing,closest,"Review includes internal carbon fees, shadow/proxy prices, trading and hybrid/revenue-neutral systems; allocating emissions to accountable cost centres and their ability to respond are central barriers.",The registered byline uses initials; do not silently expand unverified initials. Review does not identify the causal effect of any EURO payment rule.,publisher abstract and selected sections,Publisher-deposited Crossref record plus publisher/author evidence stated in access field,2026-10-06,NOT VERIFIED,NOT VERIFIED,No current category/year-specific official classification verified; do not infer Q1 from publisher or article type.,"[{""given"": ""O.G."", ""family"": ""Gorbach""}, {""given"": ""C."", ""family"": ""Kost""}, {""given"": ""C."", ""family"": ""Pickett""}]",2022,"(Gorbach et al., 2022)","Gorbach, O. G., Kost, C., & Pickett, C. (2022). Review of internal carbon pricing and the development of a decision process for the identification of promising internal pricing methods for an organisation. Renewable and Sustainable Energy Reviews, 154, Article 111745. https://doi.org/10.1016/j.rser.2021.111745"
brett2000,"[""Craig Brett"", ""Michael Keen""]",2000,Political uncertainty and the earmarking of environmental taxes,Journal of Public Economics,75,3,315-340,,10.1016/s0047-2727(99)00069-9,https://linkinghub.elsevier.com/retrieve/pii/S0047272799000699,https://www.sciencedirect.com/science/article/abs/pii/S0047272799000699,published journal article; issue metadata verified,[],"[2000, 3]",peer-reviewed journal article,earmarking and commitment,foundation,Political uncertainty can make revenue earmarking an attractive commitment device despite allocation costs.,"Theory of government succession and earmarking, not evidence a corporate funding floor improves welfare.",publisher abstract and introduction,Publisher-deposited Crossref record plus publisher/author evidence stated in access field,2026-10-06,NOT VERIFIED,NOT VERIFIED,No current category/year-specific official classification verified; do not infer Q1 from publisher or article type.,"[{""given"": ""Craig"", ""family"": ""Brett""}, {""given"": ""Michael"", ""family"": ""Keen""}]",2000,"(Brett & Keen, 2000)","Brett, C., & Keen, M. (2000). Political uncertainty and the earmarking of environmental taxes. Journal of Public Economics, 75(3), 315–340. https://doi.org/10.1016/s0047-2727(99)00069-9"
dufour2024,"[""Malin Dufour"", ""Kenneth Möllersten"", ""Lars Zetterberg""]",2024,How to maintain environmental integrity when using state support and the VCM to co-finance BECCS projects - a Swedish case study,Frontiers in Environmental Science,12,,,1387138,10.3389/fenvs.2024.1387138,https://www.frontiersin.org/articles/10.3389/fenvs.2024.1387138/full,https://www.frontiersin.org/articles/10.3389/fenvs.2024.1387138/full,published journal article; issue metadata verified,"[2024, 7, 26]",[],peer-reviewed journal article,additionality and claims,core,State support plus voluntary carbon finance raises financial additionality and environmental claim-allocation questions.,BECCS case; no direct estimate for sports grants. Claims should follow actual contribution and counterfactual reasoning.,downloaded full text,Publisher-deposited Crossref record plus publisher/author evidence stated in access field,2026-10-06,NOT VERIFIED,NOT VERIFIED,No current category/year-specific official classification verified; do not infer Q1 from publisher or article type.,"[{""given"": ""Malin"", ""family"": ""Dufour""}, {""given"": ""Kenneth"", ""family"": ""Möllersten""}, {""given"": ""Lars"", ""family"": ""Zetterberg""}]",2024,"(Dufour et al., 2024)","Dufour, M., Möllersten, K., & Zetterberg, L. (2024). How to maintain environmental integrity when using state support and the VCM to co-finance BECCS projects - a Swedish case study. Frontiers in Environmental Science, 12, Article 1387138. https://doi.org/10.3389/fenvs.2024.1387138"
gunnemyr2026,"[""Mattias Gunnemyr"", ""Bengt Brülde""]",2026,From footprints to impact and back again: Calculating corporate climate contributions,"Politics, Philosophy & Economics",,,,1470594X251414938,10.1177/1470594x251414938,https://journals.sagepub.com/doi/10.1177/1470594X251414938,https://journals.sagepub.com/doi/10.1177/1470594X251414938,"published OnlineFirst 2026-02-13; volume, issue and pages not assigned/verified","[2026, 2, 13]",[],peer-reviewed journal article,contributions and impact,closest,Purpose-dependent distinction between attributional footprints and consequential climate contributions explicitly addresses counterfactual and measurement uncertainty.,"Conceptual analysis, not a calibrated fund model. Published OnlineFirst; no volume/issue/pages verified.",publisher full HTML inspected; PDF download unavailable,Publisher-deposited Crossref record plus publisher/author evidence stated in access field,2026-10-06,NOT VERIFIED,NOT VERIFIED,No current category/year-specific official classification verified; do not infer Q1 from publisher or article type.,"[{""given"": ""Mattias"", ""family"": ""Gunnemyr""}, {""given"": ""Bengt"", ""family"": ""Brülde""}]",2026,"(Gunnemyr & Brülde, 2026)","Gunnemyr, M., & Brülde, B. (2026). From footprints to impact and back again: Calculating corporate climate contributions. Politics, Philosophy & Economics. Advance online publication. https://doi.org/10.1177/1470594x251414938"
axelsson2024,"[""Kaya Axelsson"", ""Claire Wigg"", ""Matilda Becker""]",2024,Is impact out of scope? A call for innovation in climate standards to inspire action across companies’ Spheres of Influence,Carbon Management,15,1,,2382995,10.1080/17583004.2024.2382995,https://www.tandfonline.com/doi/full/10.1080/17583004.2024.2382995,https://ora.ox.ac.uk/objects/uuid%3Accba5398-eca0-431f-b267-3ea2cc200240,published journal article; issue metadata verified,"[2024, 8, 14]","[2024, 12, 31]",peer-reviewed journal article,contributions and impact,core,Separate reporting of inventory emissions and wider spheres-of-influence impacts is already proposed.,The manuscript must not claim invention of a separate impact ledger; conceptual framework is not evidence of realized reductions.,publisher abstract and institutional repository metadata,Publisher-deposited Crossref record plus publisher/author evidence stated in access field,2026-10-06,NOT VERIFIED,NOT VERIFIED,No current category/year-specific official classification verified; do not infer Q1 from publisher or article type.,"[{""given"": ""Kaya"", ""family"": ""Axelsson""}, {""given"": ""Claire"", ""family"": ""Wigg""}, {""given"": ""Matilda"", ""family"": ""Becker""}]",2024,"(Axelsson et al., 2024)","Axelsson, K., Wigg, C., & Becker, M. (2024). Is impact out of scope? A call for innovation in climate standards to inspire action across companies’ Spheres of Influence. Carbon Management, 15(1), Article 2382995. https://doi.org/10.1080/17583004.2024.2382995"
caldecott2026,"[""Ben Caldecott"", ""Alex Clark"", ""Elizabeth Harnett"", ""Felicia Liu""]",2026,How sustainable finance creates impact: transmission mechanisms to the real economy,Review of World Economics,162,1,87-119,,10.1007/s10290-024-00541-9,https://link.springer.com/10.1007/s10290-024-00541-9,https://link.springer.com/10.1007/s10290-024-00541-9,published journal article; issue metadata verified,"[2024, 5, 23]","[2026, 2]",peer-reviewed journal article,sustainable finance impact,closest,"Finance affects real outcomes through distinct cost-of-capital, liquidity and influence mechanisms; impact-aligned and impact-generating investment differ.","Online 2024, final issue 2026. Do not relabel conceptual channels as causal evidence of UEFA fund impact.",downloaded full text,Publisher-deposited Crossref record plus publisher/author evidence stated in access field,2026-10-06,NOT VERIFIED,NOT VERIFIED,No current category/year-specific official classification verified; do not infer Q1 from publisher or article type.,"[{""given"": ""Ben"", ""family"": ""Caldecott""}, {""given"": ""Alex"", ""family"": ""Clark""}, {""given"": ""Elizabeth"", ""family"": ""Harnett""}, {""given"": ""Felicia"", ""family"": ""Liu""}]",2026,"(Caldecott et al., 2026)","Caldecott, B., Clark, A., Harnett, E., & Liu, F. (2026). How sustainable finance creates impact: Transmission mechanisms to the real economy. Review of World Economics, 162(1), 87–119. https://doi.org/10.1007/s10290-024-00541-9"
raina2024,"[""Nidhi Raina"", ""Matteo Zavalloni"", ""Davide Viaggi""]",2024,Incentive mechanisms of carbon farming contracts: A systematic mapping study,Journal of Environmental Management,352,,,120126,10.1016/j.jenvman.2024.120126,https://linkinghub.elsevier.com/retrieve/pii/S0301479724001129,https://www.sciencedirect.com/science/article/pii/S0301479724001129,published journal article; issue metadata verified,[],"[2024, 2]",peer-reviewed journal article,outcome contract risk,closest,"Systematic mapping distinguishes result-based, action-based and hybrid payments, including guaranteed payments, MRV requirements, innovation and recipient risk.",52-paper/approximately 40-case carbon-farming review; no event calibration. Publisher PDF unavailable; interpretation limited to abstract/highlights.,abstract and highlights only,Publisher-deposited Crossref record plus publisher/author evidence stated in access field,2026-10-06,NOT VERIFIED,NOT VERIFIED,No current category/year-specific official classification verified; do not infer Q1 from publisher or article type.,"[{""given"": ""Nidhi"", ""family"": ""Raina""}, {""given"": ""Matteo"", ""family"": ""Zavalloni""}, {""given"": ""Davide"", ""family"": ""Viaggi""}]",2024,"(Raina et al., 2024)","Raina, N., Zavalloni, M., & Viaggi, D. (2024). Incentive mechanisms of carbon farming contracts: A systematic mapping study. Journal of Environmental Management, 352, Article 120126. https://doi.org/10.1016/j.jenvman.2024.120126"
probst2024,"[""Benedict S. Probst"", ""Malte Toetzke"", ""Andreas Kontoleon"", ""Laura Díaz Anadón"", ""Jan C. Minx"", ""Barbara K. Haya"", ""Lambert Schneider"", ""Philipp A. Trotter"", ""Thales A. P. West"", ""Annelise Gill-Wiehl"", ""Volker H. Hoffmann""]",2024,Systematic assessment of the achieved emission reductions of carbon crediting projects,Nature Communications,15,1,,9562,10.1038/s41467-024-53645-z,https://www.nature.com/articles/s41467-024-53645-z,https://www.nature.com/articles/s41467-024-53645-z,published journal article; issue metadata verified,"[2024, 11, 14]",[],peer-reviewed journal article,additionality,core,Rigorous ex-post evaluations distinguish credited reductions from achieved additional reductions and document large method/project heterogeneity.,"Never transfer a pooled realization percentage to UEFA clubs, equipment grants or public transport.",downloaded full text,Publisher-deposited Crossref record plus publisher/author evidence stated in access field,2026-10-06,NOT VERIFIED,NOT VERIFIED,No current category/year-specific official classification verified; do not infer Q1 from publisher or article type.,"[{""given"": ""Benedict S."", ""family"": ""Probst""}, {""given"": ""Malte"", ""family"": ""Toetzke""}, {""given"": ""Andreas"", ""family"": ""Kontoleon""}, {""given"": ""Laura"", ""family"": ""Díaz Anadón""}, {""given"": ""Jan C."", ""family"": ""Minx""}, {""given"": ""Barbara K."", ""family"": ""Haya""}, {""given"": ""Lambert"", ""family"": ""Schneider""}, {""given"": ""Philipp A."", ""family"": ""Trotter""}, {""given"": ""Thales A. P."", ""family"": ""West""}, {""given"": ""Annelise"", ""family"": ""Gill-Wiehl""}, {""given"": ""Volker H."", ""family"": ""Hoffmann""}]",2024,"(Probst et al., 2024)","Probst, B. S., Toetzke, M., Kontoleon, A., Díaz Anadón, L., Minx, J. C., Haya, B. K., Schneider, L., Trotter, P. A., West, T. A. P., Gill-Wiehl, A., & Hoffmann, V. H. (2024). Systematic assessment of the achieved emission reductions of carbon crediting projects. Nature Communications, 15(1), Article 9562. https://doi.org/10.1038/s41467-024-53645-z"
west2023,"[""Thales A. P. West"", ""Sven Wunder"", ""Erin O. Sills"", ""Jan Börner"", ""Sami W. Rifai"", ""Alexandra N. Neidermeier"", ""Gabriel P. Frey"", ""Andreas Kontoleon""]",2023,Action needed to make carbon offsets from forest conservation work for climate change mitigation,Science,381,6660,873-877,,10.1126/science.ade3535,https://www.science.org/doi/10.1126/science.ade3535,https://www.science.org/doi/10.1126/science.ade3535,published journal article; issue metadata verified,[],"[2023, 8, 25]",peer-reviewed journal article,additionality,core,Synthetic-control comparison tests counterfactual deforestation baselines and attribution of forest-offset reductions.,"Use final published author list including Gabriel P. Frey; preprint differs. Forestry causal design illustrates evaluation requirements, not event results.",published metadata and author preprint abstract; final full text not downloaded,Publisher-deposited Crossref record plus publisher/author evidence stated in access field,2026-10-06,NOT VERIFIED,NOT VERIFIED,No current category/year-specific official classification verified; do not infer Q1 from publisher or article type.,"[{""given"": ""Thales A. P."", ""family"": ""West""}, {""given"": ""Sven"", ""family"": ""Wunder""}, {""given"": ""Erin O."", ""family"": ""Sills""}, {""given"": ""Jan"", ""family"": ""Börner""}, {""given"": ""Sami W."", ""family"": ""Rifai""}, {""given"": ""Alexandra N."", ""family"": ""Neidermeier""}, {""given"": ""Gabriel P."", ""family"": ""Frey""}, {""given"": ""Andreas"", ""family"": ""Kontoleon""}]",2023,"(West et al., 2023)","West, T. A. P., Wunder, S., Sills, E. O., Börner, J., Rifai, S. W., Neidermeier, A. N., Frey, G. P., & Kontoleon, A. (2023). Action needed to make carbon offsets from forest conservation work for climate change mitigation. Science, 381(6660), 873–877. https://doi.org/10.1126/science.ade3535"
gillwiehl2024,"[""Annelise Gill-Wiehl"", ""Daniel M. Kammen"", ""Barbara K. Haya""]",2024,Pervasive over-crediting from cookstove offset methodologies,Nature Sustainability,7,2,191-202,,10.1038/s41893-023-01259-6,https://www.nature.com/articles/s41893-023-01259-6,https://www.nature.com/articles/s41893-023-01259-6,published journal article; issue metadata verified,"[2024, 1, 23]",[],peer-reviewed journal article,measurement and credit integrity,core,"Cookstove methodology evaluation demonstrates how adoption, use, rebound, baseline fuel and measurement choices affect credit estimates.",Do not transfer sample over-crediting ratio or intervention-specific factors to club projects. Publisher PDF route returned HTML.,publisher abstract and selected HTML sections,Publisher-deposited Crossref record plus publisher/author evidence stated in access field,2026-10-06,NOT VERIFIED,NOT VERIFIED,No current category/year-specific official classification verified; do not infer Q1 from publisher or article type.,"[{""given"": ""Annelise"", ""family"": ""Gill-Wiehl""}, {""given"": ""Daniel M."", ""family"": ""Kammen""}, {""given"": ""Barbara K."", ""family"": ""Haya""}]",2024,"(Gill-Wiehl et al., 2024)","Gill-Wiehl, A., Kammen, D. M., & Haya, B. K. (2024). Pervasive over-crediting from cookstove offset methodologies. Nature Sustainability, 7(2), 191–202. https://doi.org/10.1038/s41893-023-01259-6"
chaigneau2018,"[""Pierre Chaigneau"", ""Alex Edmans"", ""Daniel Gottlieb""]",2018,Does improved information improve incentives?,Journal of Financial Economics,130,2,291-307,,10.1016/j.jfineco.2018.05.002,https://linkinghub.elsevier.com/retrieve/pii/S0304405X18301260,https://personal.lse.ac.uk/GOTTLIED/publications/improvedincentives.pdf,published journal article; issue metadata verified,[],"[2018, 11]",peer-reviewed journal article,noise and option-like incentives,closest foundation,"Optimal limited-liability contracts have call-option form; signal precision, thresholds and endogenous effort interact, and greater precision can weaken effort incentives.",Direct predecessor to noisy-floor reasoning. An equal-expected-budget restriction may change comparative-static signs; its derivation must be explicitly distinguished from the article.,downloaded final full text from author repository,Publisher-deposited Crossref record plus publisher/author evidence stated in access field,2026-10-06,NOT VERIFIED,NOT VERIFIED,No current category/year-specific official classification verified; do not infer Q1 from publisher or article type.,"[{""given"": ""Pierre"", ""family"": ""Chaigneau""}, {""given"": ""Alex"", ""family"": ""Edmans""}, {""given"": ""Daniel"", ""family"": ""Gottlieb""}]",2018,"(Chaigneau et al., 2018)","Chaigneau, P., Edmans, A., & Gottlieb, D. (2018). Does improved information improve incentives? Journal of Financial Economics, 130(2), 291–307. https://doi.org/10.1016/j.jfineco.2018.05.002"
uefa_esg_2024,"[""UEFA""]",2024,UEFA EURO 2024 ESG Report,UEFA,,,,,,https://editorial.uefa.com/resources/0292-1c398b01c18b-b74c8334b99b-1000/uefa_euro_2024_esg_report.pdf,https://editorial.uefa.com/resources/0292-1c398b01c18b-b74c8334b99b-1000/uefa_euro_2024_esg_report.pdf,published official report,[],[],official non-peer-reviewed source,EURO 2024 empirical instrument,core,"Reported event inventory, sustainability interventions and fund accounting.",Official report; no causal project additionality can be inferred from expenditure or reported actions. PDF metadata created and modified 2024-12-05; no publication date imputed.,full local source and companion source-data audit,Source cover/page metadata verified by source-data audit,2026-10-06,NOT APPLICABLE,NOT APPLICABLE,"Official source, not a journal article.","[{""literal"": ""UEFA""}]",2024c,"(UEFA, 2024c)",UEFA. (2024c). UEFA EURO 2024 ESG Report. https://editorial.uefa.com/resources/0292-1c398b01c18b-b74c8334b99b-1000/uefa_euro_2024_esg_report.pdf
dekra_expost_2024,"[""Jonathan Reich"", ""Moritz Weißleder""]",2024,Klimastudie über die Durchführung der UEFA EURO 2024,DEKRA Assurance Services GmbH,,,,,,https://www.uni-bielefeld.de/fakultaeten/sportwissenschaft/arbeitsbereiche/ab-iii/forschung/evaluationeuro2024/Ex-post_Klimastudie_UEFA-EURO-2024.pdf,https://www.uni-bielefeld.de/fakultaeten/sportwissenschaft/arbeitsbereiche/ab-iii/forschung/evaluationeuro2024/Ex-post_Klimastudie_UEFA-EURO-2024.pdf,published official report,[],[],official non-peer-reviewed source,EURO 2024 empirical instrument,core,Ex-post event climate study and its explicit inventory boundaries and calculations.,"Differences from UEFA reporting need boundary reconciliation, not treatment as independent samples of random error. Cover date; published by University of Bielefeld; submissions through 2024-09-13.",full local source and companion source-data audit,Source cover/page metadata verified by source-data audit,2026-10-06,NOT APPLICABLE,NOT APPLICABLE,"Official source, not a journal article.","[{""given"": ""Jonathan"", ""family"": ""Reich""}, {""given"": ""Moritz"", ""family"": ""Weißleder""}]",2024,"(Reich & Weißleder, 2024)","Reich, J., & Weißleder, M. (2024). Klimastudie über die Durchführung der UEFA EURO 2024. DEKRA Assurance Services GmbH. https://www.uni-bielefeld.de/fakultaeten/sportwissenschaft/arbeitsbereiche/ab-iii/forschung/evaluationeuro2024/Ex-post_Klimastudie_UEFA-EURO-2024.pdf"
oeko_exante_2022,"[""Hartmut Stahl"", ""Martin Cames"", ""Tobias Wagner""]",2022,Konzept- und Machbarkeitsstudie klimaneutrale UEFA EURO 2024: Schlussbericht,Öko-Institut e.V.,,,,,,https://www.oeko.de/fileadmin/oekodoc/Klimaneutrale_EURO2024.pdf,https://www.oeko.de/fileadmin/oekodoc/Klimaneutrale_EURO2024.pdf,published official report,[],[],official non-peer-reviewed source,EURO 2024 empirical instrument,core,"Ex-ante feasibility and carbon-contribution scenarios, including alternative per-tonne amounts.","Forecast/scenario report; neither realized event emissions nor an empirical distribution of future inventory error. Cover date, not public release date.",full local source and companion source-data audit,Source cover/page metadata verified by source-data audit,2026-10-06,NOT APPLICABLE,NOT APPLICABLE,"Official source, not a journal article.","[{""given"": ""Hartmut"", ""family"": ""Stahl""}, {""given"": ""Martin"", ""family"": ""Cames""}, {""given"": ""Tobias"", ""family"": ""Wagner""}]",2022,"(Stahl et al., 2022)","Stahl, H., Cames, M., & Wagner, T. (2022). Konzept- und Machbarkeitsstudie klimaneutrale UEFA EURO 2024: Schlussbericht. Öko-Institut e.V.. https://www.oeko.de/fileadmin/oekodoc/Klimaneutrale_EURO2024.pdf"
uefa_fund_2024_01_08,"[""UEFA""]",2024,EURO 2024 climate fund: Apply from 8 January 2024,UEFA,,,,,,https://www.uefa.com/uefaeuro/history/news/0289-19e3ea06a38d-cd301f5c89ca-1000--euro-2024-climate-fund-apply-from-8-january-2024/,https://www.uefa.com/uefaeuro/history/news/0289-19e3ea06a38d-cd301f5c89ca-1000--euro-2024-climate-fund-apply-from-8-january-2024/,published official announcement,[],[],official non-peer-reviewed source,EURO 2024 empirical instrument,core,Original fund application launch and disclosed emissions-linked contribution design.,Announcement is not proof that a strict automatic post-event true-up was implemented. Posted and last updated 2024-01-08.,full local source and companion source-data audit,Source cover/page metadata verified by source-data audit,2026-10-06,NOT APPLICABLE,NOT APPLICABLE,"Official source, not a journal article.","[{""literal"": ""UEFA""}]",2024a,"(UEFA, 2024a)","UEFA. (2024a, January 8). EURO 2024 climate fund: Apply from 8 January 2024. https://www.uefa.com/uefaeuro/history/news/0289-19e3ea06a38d-cd301f5c89ca-1000--euro-2024-climate-fund-apply-from-8-january-2024/"
uefa_fund_2024_07_10,"[""UEFA""]",2024,UEFA EURO 2024 climate fund invests €7m in German clubs and regional associations,UEFA,,,,,,https://www.uefa.com/uefaeuro/history/news/028f-1b5529ae25f5-497d9376828d-1000--uefa-euro-2024-climate-fund-invests-7m-in-german-clubs-and-r/,https://www.uefa.com/uefaeuro/history/news/028f-1b5529ae25f5-497d9376828d-1000--uefa-euro-2024-climate-fund-invests-7m-in-german-clubs-and-r/,published official announcement,[],[],official non-peer-reviewed source,EURO 2024 empirical instrument,core,"Funding commitment announced during the tournament, before later ex-post inventory reports.",Announcement timing does not by itself identify contractual irrevocability or actual cash disbursement dates. Last updated 2024-07-12.,full local source and companion source-data audit,Source cover/page metadata verified by source-data audit,2026-10-06,NOT APPLICABLE,NOT APPLICABLE,"Official source, not a journal article.","[{""literal"": ""UEFA""}]",2024b,"(UEFA, 2024b)","UEFA. (2024b, July 10). UEFA EURO 2024 climate fund invests €7m in German clubs and regional associations. https://www.uefa.com/uefaeuro/history/news/028f-1b5529ae25f5-497d9376828d-1000--uefa-euro-2024-climate-fund-invests-7m-in-german-clubs-and-r/"
uefa_fund_2025_07_14,"[""UEFA""]",2025,UEFA EURO 2024 Climate Fund project successfully concludes with €7.925 million invested in grassroots sustainability,UEFA,,,,,,https://www.uefa.com/uefaeuro/history/news/029a-1dfb6934f1ca-c55889085d90-1000--uefa-euro-2024-climate-fund-project-successfully-concludes-w/,https://www.uefa.com/uefaeuro/history/news/029a-1dfb6934f1ca-c55889085d90-1000--uefa-euro-2024-climate-fund-project-successfully-concludes-w/,published official announcement,[],[],official non-peer-reviewed source,EURO 2024 empirical instrument,core,Final reported fund investment and project/report status as of June 2025.,Submitted/verified reports are not necessarily independently verified causal emissions savings. Dated 2025-07-14; operational status as of 2025-06-01. Other language versions may have different article dates.,full local source and companion source-data audit,Source cover/page metadata verified by source-data audit,2026-10-06,NOT APPLICABLE,NOT APPLICABLE,"Official source, not a journal article.","[{""literal"": ""UEFA""}]",2025b,"(UEFA, 2025b)","UEFA. (2025b, July 14). UEFA EURO 2024 Climate Fund project successfully concludes with €7.925 million invested in grassroots sustainability. https://www.uefa.com/uefaeuro/history/news/029a-1dfb6934f1ca-c55889085d90-1000--uefa-euro-2024-climate-fund-project-successfully-concludes-w/"
wb_rbcf2023,"[""World Bank""]",2023,Results-Based Climate Finance to Support Mitigation Policies in Developing Countries: Final Report,"World Bank, Washington, DC",,,,,,https://www.tcafwb.org/sites/default/files/2023-05/WB_RBCF_Report_FINAL.pdf,https://www.tcafwb.org/sites/default/files/2023-05/WB_RBCF_Report_FINAL.pdf,published official report,[],[],official non-peer-reviewed source,carbon finance practice,core,"Box 4.2 and pp. 41–42 explicitly link ex-post verified payments to upfront financing needs, cash-flow constraints and prefinancing combinations.",Policy implementation/World Bank operations; does not measure EURO grant liquidity or prove any floor is optimal.,downloaded full text; relevant sections inspected,"Report cover and recommended citation; corporate author used, contributors not mislabelled authors",2026-10-06,NOT APPLICABLE,NOT APPLICABLE,"Official report, not journal article.","[{""literal"": ""World Bank""}]",2023,"(World Bank, 2023)",World Bank. (2023). Results-based climate finance to support mitigation policies in developing countries: Final report. https://www.tcafwb.org/sites/default/files/2023-05/WB_RBCF_Report_FINAL.pdf
wb_carbon2025,"[""World Bank""]",2025,State and Trends of Carbon Pricing 2025,"World Bank, Washington, DC",,,,,10.1596/978-1-4648-2255-1,https://openknowledge.worldbank.org/bitstreams/c65f581d-d94b-4f3f-91fc-c0f3250650df/download,https://openknowledge.worldbank.org/bitstreams/c65f581d-d94b-4f3f-91fc-c0f3250650df/download,published official report,[],[],official non-peer-reviewed source,carbon finance practice,core,Documents contemporary carbon-pricing revenues and internal carbon fees funding sustainability initiatives.,Descriptive global report; cannot identify marginal behavioural response to a voluntary event contribution.,downloaded full text; relevant sections inspected,"Report cover and recommended citation; corporate author used, contributors not mislabelled authors",2026-10-06,NOT APPLICABLE,NOT APPLICABLE,"Official report, not journal article.","[{""literal"": ""World Bank""}]",2025,"(World Bank, 2025)",World Bank. (2025). State and trends of carbon pricing 2025. https://doi.org/10.1596/978-1-4648-2255-1
uefa_fund_2025_01_20,"[""UEFA""]",2025,Final round of EURO 2024 climate fund takes overall investment to €7.925 million and 225 clubs,UEFA,,,,,,https://www.uefa.com/news-media/news/0295-1cdba7659d4f-2fded51eaef4-1000--final-round-of-euro-2024-climate-fund-takes-overall-invest/,https://www.uefa.com/news-media/news/0295-1cdba7659d4f-2fded51eaef4-1000--final-round-of-euro-2024-climate-fund-takes-overall-invest/,published official announcement,"[2025, 1, 20]",[],official non-peer-reviewed source,EURO 2024 empirical instrument,core,"Official January 20 announcement links the fund increase from €7 million to €7.925 million to final footprint calculations of 316,912 tCO2e; describes the additional €925,000 final round and 35 further clubs.","Dated January 20, 2025; page last updated February 18, 2025. Establishes an observed upward adjustment after calculation, not a binding ex-ante automatic true-up clause, exact unrounded arithmetic or causal additional tonnes.","Official full page re-opened October 6, 2026; source-date and substance directly verified; local source retained by data audit",Source cover/page metadata verified by source-data audit,2026-10-06,NOT APPLICABLE,NOT APPLICABLE,"Official source, not a journal article.","[{""literal"": ""UEFA""}]",2025a,"(UEFA, 2025a)","UEFA. (2025a, January 20). Final round of EURO 2024 climate fund takes overall investment to €7.925 million and 225 clubs. https://www.uefa.com/news-media/news/0295-1cdba7659d4f-2fded51eaef4-1000--final-round-of-euro-2024-climate-fund-takes-overall-invest/"
