source,value,unit,meaning_and_status,locator,url,sha256_if_downloaded
UEFA 2024c,316912,tCO2e,Reported inventory,PDF p.12,https://editorial.uefa.com/resources/0292-1c398b01c18b-b74c8334b99b-1000/uefa_euro_2024_esg_report.pdf,35953e53d7d6d6438390dc185d07c7eaf1b624bb3ddf53a94c5dde3221aa4992
UEFA 2025a/2025b,7925000,EUR,Announced fund,Financial overview,https://www.uefa.com/uefaeuro/history/news/029a-1dfb6934f1ca-c55889085d90-1000--uefa-euro-2024-climate-fund-project-successfully-concludes-w/,
UEFA 2025b,7923013,EUR,Reported investment as at 1 June 2025,Financial overview,https://www.uefa.com/uefaeuro/history/news/029a-1dfb6934f1ca-c55889085d90-1000--uefa-euro-2024-climate-fund-project-successfully-concludes-w/,
UEFA 2024a,25,EUR/tCO2e,Nominal pledge; not a legal derivative cap,Climate fund announcement,https://www.uefa.com/uefaeuro/history/news/0289-19e3ea06a38d-cd301f5c89ca-1000--euro-2024-climate-fund-apply-from-8-january-2024/,
Derived,7922800,EUR,25 times 316912,Arithmetic; not a separate observed amount,,
UEFA n.d.-a,25000,EUR,Requested-grant procedural threshold,"Art.2.1; Annex A.3; pp.4,9",https://editorial.uefa.com/resources/0288-19bd443cdc66-b6baa12522d2-1000/uefa_euro_2024_climate_forderrichtlinien_final.pdf,0c7a054b0be7d7c8b53a8a0eeb4f71743d494944377224ad14be8a636797feb9
UEFA n.d.-a,10%; maximum 5000,project-cost share; EUR,Required contribution; eligible voluntary input,Art.6.2–6.3; p.5,https://editorial.uefa.com/resources/0288-19bd443cdc66-b6baa12522d2-1000/uefa_euro_2024_climate_forderrichtlinien_final.pdf,0c7a054b0be7d7c8b53a8a0eeb4f71743d494944377224ad14be8a636797feb9
UEFA n.d.-a,250000,EUR,Project grant limit with exceptions,Art.6.1; p.5,https://editorial.uefa.com/resources/0288-19bd443cdc66-b6baa12522d2-1000/uefa_euro_2024_climate_forderrichtlinien_final.pdf,0c7a054b0be7d7c8b53a8a0eeb4f71743d494944377224ad14be8a636797feb9
UEFA n.d.-a,30,days,Payment after valid invoice and documentation,Art.9.5; p.7,https://editorial.uefa.com/resources/0288-19bd443cdc66-b6baa12522d2-1000/uefa_euro_2024_climate_forderrichtlinien_final.pdf,0c7a054b0be7d7c8b53a8a0eeb4f71743d494944377224ad14be8a636797feb9
UEFA n.d.-a,Conditional,status,Payments subject to compliance; advances recoverable,Art.7.4; p.6; Art.12.1 p.8,https://editorial.uefa.com/resources/0288-19bd443cdc66-b6baa12522d2-1000/uefa_euro_2024_climate_forderrichtlinien_final.pdf,0c7a054b0be7d7c8b53a8a0eeb4f71743d494944377224ad14be8a636797feb9
UEFA n.d.-a,Eligibility condition,status,Project could not be implemented without UEFA support; not a causal estimate,Art.6.6; p.5,https://editorial.uefa.com/resources/0288-19bd443cdc66-b6baa12522d2-1000/uefa_euro_2024_climate_forderrichtlinien_final.pdf,0c7a054b0be7d7c8b53a8a0eeb4f71743d494944377224ad14be8a636797feb9
UEFA n.d.-b,Supplier offer permitted,status,Supplier invoice or offer accompanies beneficiary invoice,Payment-trigger question; p.4,https://editorial.uefa.com/resources/0288-19bd422e1de6-291beb7a6d4b-1000/climate_fund_faq.pdf,8554e63b80b20ab5efdb899c519925a72f53180d7cbf1fc55da56e7e18890297
Fußball-Verband Mittelrhein 2024,Advance received,recipient statement,Lommersum reports receipt before supplier invoice; not Lamerdingen timing,Article dated 1 August 2024,https://www.fvm.de/news/uebersicht/detailseite/klimafond-der-uefa-euro-2024-nachhaltiger-effekt-der-euro-2024-fuer-amateurvereine/,
Weber 2024,48250;43425;24;30,EUR;EUR;kWp;kWh,Lamerdingen project cost; grant; PV; battery,Article dated 1 October 2024,https://www.fsv-lamerdingen.de/uefa-foerderung,
