relative_path,bytes,sha256
data/README_DATA.txt,4724,dcb8bc66813bb4c04ad3d2fbe4ed5d88ab0378636f63d273542e5f131bdc4cd1
data/data_dictionary.csv,18399,6d79c599331f18dc9233327ece30478a7df304d4a5825bf8c975f6372f0972aa
data/dekra_emissions_components.csv,22082,08ec6c4e4c98a4755e1b617e5faee9022189a2f30a955c63ab166aa513c1d30e
data/dekra_restricted_boundary.csv,2643,9b3dea8966e08d74bf6ad3423428e9cfada2fd8d77091511bb7e71a21c3bc0df
data/exante_expost_inputs.csv,17328,95d90f54c4188dfa99edc1015bc2b7e969bb3b5ed97fbf4e06591c6fafbb28c4
data/factor_provenance.csv,3874,d34f307c983ec2bdd89cf0bb37a9d0fbdee608c8720a06d398864e6855b274da
data/headline_metrics.csv,31666,0dc97f4a3552a39b9319f2475fb1d91601d863fc47d2f666970d774be359cd4b
data/runtime_environment.json,784,b592e741bb97c73b37753664550521262264177ea8ed0267f8974102b843fca9
data/source_catalog.json,3689,2d813ab1c17c5f04b2d37d02fa7a89a4c6d8c5254f899851e8f1477a2a178446
data/source_manifest.csv,4087,1a7fef43ca2d636848a26910cf193bbf3e8ccd2a5436b44b0537ba89e8f65c81
data/source_reconciliation.csv,3029,8981bd0bc298249503128b31652c973b7d8ca550b9377b430df8b430857544eb
data/timing_and_rules.csv,6584,6b726120268c90ddcc52b7db88e78dfa32e0e11b9c37bd90e3750ad4cd355c37
data/transport_activity.csv,19412,771c90221909e261cde019e47a1faa28c3efd5b0e2ee12dc994223d4117332ff
data/transport_differential_factors.csv,1815,2c753dd993803b522a9e49f21cf13fb54f422ca9e1e414bd6c7ceb143285f259
data/validation_report.json,2192,2715dfd45ec9e4f6936a17be8e339a52e8de0855084cba36ef1a0d0c37340e8e
