component_id,category,item,emissions_tco2e,reported_share_percent,row_type,event_year,unit,observation_status,notes,source_id,source_date,retrieved_date_utc,source_url,source_pdf_page,source_locator
DK_APPENDIX_01,transport,Transport,445169,57.1,category_total,2024,tCO2e,ex_post_estimate,"Rounded source values; zero share is rounded percentage, not zero emissions.",dekra_expost_2024,2024-09-30,2026-10-06,https://www.uni-bielefeld.de/fakultaeten/sportwissenschaft/arbeitsbereiche/ab-iii/forschung/evaluationeuro2024/Ex-post_Klimastudie_UEFA-EURO-2024.pdf,51,Appendix 1
DK_APPENDIX_02,transport,International stadium-visitor travel,371712,47.7,component,2024,tCO2e,ex_post_estimate,"Rounded source values; zero share is rounded percentage, not zero emissions.",dekra_expost_2024,2024-09-30,2026-10-06,https://www.uni-bielefeld.de/fakultaeten/sportwissenschaft/arbeitsbereiche/ab-iii/forschung/evaluationeuro2024/Ex-post_Klimastudie_UEFA-EURO-2024.pdf,51,Appendix 1
DK_APPENDIX_03,transport,National stadium-visitor travel,69209,8.9,component,2024,tCO2e,ex_post_estimate,"Rounded source values; zero share is rounded percentage, not zero emissions.",dekra_expost_2024,2024-09-30,2026-10-06,https://www.uni-bielefeld.de/fakultaeten/sportwissenschaft/arbeitsbereiche/ab-iii/forschung/evaluationeuro2024/Ex-post_Klimastudie_UEFA-EURO-2024.pdf,51,Appendix 1
DK_APPENDIX_04,transport,National-team arrival and departure,983,0.1,component,2024,tCO2e,ex_post_estimate,"Rounded source values; zero share is rounded percentage, not zero emissions.",dekra_expost_2024,2024-09-30,2026-10-06,https://www.uni-bielefeld.de/fakultaeten/sportwissenschaft/arbeitsbereiche/ab-iii/forschung/evaluationeuro2024/Ex-post_Klimastudie_UEFA-EURO-2024.pdf,51,Appendix 1
DK_APPENDIX_05,transport,National-team domestic travel,681,0.1,component,2024,tCO2e,ex_post_estimate,"Rounded source values; zero share is rounded percentage, not zero emissions.",dekra_expost_2024,2024-09-30,2026-10-06,https://www.uni-bielefeld.de/fakultaeten/sportwissenschaft/arbeitsbereiche/ab-iii/forschung/evaluationeuro2024/Ex-post_Klimastudie_UEFA-EURO-2024.pdf,51,Appendix 1
DK_APPENDIX_06,transport,Volunteer mobility,366,0.0,component,2024,tCO2e,ex_post_estimate,"Rounded source values; zero share is rounded percentage, not zero emissions.",dekra_expost_2024,2024-09-30,2026-10-06,https://www.uni-bielefeld.de/fakultaeten/sportwissenschaft/arbeitsbereiche/ab-iii/forschung/evaluationeuro2024/Ex-post_Klimastudie_UEFA-EURO-2024.pdf,51,Appendix 1
DK_APPENDIX_07,transport,Other mobility,2219,0.3,component,2024,tCO2e,ex_post_estimate,"Rounded source values; zero share is rounded percentage, not zero emissions.",dekra_expost_2024,2024-09-30,2026-10-06,https://www.uni-bielefeld.de/fakultaeten/sportwissenschaft/arbeitsbereiche/ab-iii/forschung/evaluationeuro2024/Ex-post_Klimastudie_UEFA-EURO-2024.pdf,51,Appendix 1
DK_APPENDIX_08,energy,Energy,496,0.1,category_total,2024,tCO2e,ex_post_estimate,"Rounded source values; zero share is rounded percentage, not zero emissions.",dekra_expost_2024,2024-09-30,2026-10-06,https://www.uni-bielefeld.de/fakultaeten/sportwissenschaft/arbeitsbereiche/ab-iii/forschung/evaluationeuro2024/Ex-post_Klimastudie_UEFA-EURO-2024.pdf,51,Appendix 1
DK_APPENDIX_09,energy,Stadium electricity,266,0.0,component,2024,tCO2e,ex_post_estimate,"Rounded source values; zero share is rounded percentage, not zero emissions.",dekra_expost_2024,2024-09-30,2026-10-06,https://www.uni-bielefeld.de/fakultaeten/sportwissenschaft/arbeitsbereiche/ab-iii/forschung/evaluationeuro2024/Ex-post_Klimastudie_UEFA-EURO-2024.pdf,51,Appendix 1
DK_APPENDIX_10,energy,Stadium natural gas,142,0.0,component,2024,tCO2e,ex_post_estimate,"Rounded source values; zero share is rounded percentage, not zero emissions.",dekra_expost_2024,2024-09-30,2026-10-06,https://www.uni-bielefeld.de/fakultaeten/sportwissenschaft/arbeitsbereiche/ab-iii/forschung/evaluationeuro2024/Ex-post_Klimastudie_UEFA-EURO-2024.pdf,51,Appendix 1
DK_APPENDIX_11,energy,Stadium diesel and renewable fuel,56,0.0,component,2024,tCO2e,ex_post_estimate,"Rounded source values; zero share is rounded percentage, not zero emissions.",dekra_expost_2024,2024-09-30,2026-10-06,https://www.uni-bielefeld.de/fakultaeten/sportwissenschaft/arbeitsbereiche/ab-iii/forschung/evaluationeuro2024/Ex-post_Klimastudie_UEFA-EURO-2024.pdf,51,Appendix 1
DK_APPENDIX_12,energy,Stadium refrigerants,32,0.0,component,2024,tCO2e,ex_post_estimate,"Rounded source values; zero share is rounded percentage, not zero emissions.",dekra_expost_2024,2024-09-30,2026-10-06,https://www.uni-bielefeld.de/fakultaeten/sportwissenschaft/arbeitsbereiche/ab-iii/forschung/evaluationeuro2024/Ex-post_Klimastudie_UEFA-EURO-2024.pdf,51,Appendix 1
DK_APPENDIX_13,catering,Catering,6875,0.9,category_total,2024,tCO2e,ex_post_estimate,"Rounded source values; zero share is rounded percentage, not zero emissions.",dekra_expost_2024,2024-09-30,2026-10-06,https://www.uni-bielefeld.de/fakultaeten/sportwissenschaft/arbeitsbereiche/ab-iii/forschung/evaluationeuro2024/Ex-post_Klimastudie_UEFA-EURO-2024.pdf,51,Appendix 1
DK_APPENDIX_14,catering,Stadium drinks,3709,0.5,component,2024,tCO2e,ex_post_estimate,"Rounded source values; zero share is rounded percentage, not zero emissions.",dekra_expost_2024,2024-09-30,2026-10-06,https://www.uni-bielefeld.de/fakultaeten/sportwissenschaft/arbeitsbereiche/ab-iii/forschung/evaluationeuro2024/Ex-post_Klimastudie_UEFA-EURO-2024.pdf,51,Appendix 1
DK_APPENDIX_15,catering,Stadium food public,1917,0.2,component,2024,tCO2e,ex_post_estimate,"Rounded source values; zero share is rounded percentage, not zero emissions.",dekra_expost_2024,2024-09-30,2026-10-06,https://www.uni-bielefeld.de/fakultaeten/sportwissenschaft/arbeitsbereiche/ab-iii/forschung/evaluationeuro2024/Ex-post_Klimastudie_UEFA-EURO-2024.pdf,51,Appendix 1
DK_APPENDIX_16,catering,Stadium food hospitality,567,0.1,component,2024,tCO2e,ex_post_estimate,"Rounded source values; zero share is rounded percentage, not zero emissions.",dekra_expost_2024,2024-09-30,2026-10-06,https://www.uni-bielefeld.de/fakultaeten/sportwissenschaft/arbeitsbereiche/ab-iii/forschung/evaluationeuro2024/Ex-post_Klimastudie_UEFA-EURO-2024.pdf,51,Appendix 1
DK_APPENDIX_17,catering,Stadium food staff,346,0.0,component,2024,tCO2e,ex_post_estimate,"Rounded source values; zero share is rounded percentage, not zero emissions.",dekra_expost_2024,2024-09-30,2026-10-06,https://www.uni-bielefeld.de/fakultaeten/sportwissenschaft/arbeitsbereiche/ab-iii/forschung/evaluationeuro2024/Ex-post_Klimastudie_UEFA-EURO-2024.pdf,51,Appendix 1
DK_APPENDIX_18,catering,Stadium food and beverage dispensing materials,336,0.0,component,2024,tCO2e,ex_post_estimate,"Rounded source values; zero share is rounded percentage, not zero emissions.",dekra_expost_2024,2024-09-30,2026-10-06,https://www.uni-bielefeld.de/fakultaeten/sportwissenschaft/arbeitsbereiche/ab-iii/forschung/evaluationeuro2024/Ex-post_Klimastudie_UEFA-EURO-2024.pdf,51,Appendix 1
DK_APPENDIX_19,accommodation,Accommodation,31811,4.1,category_total,2024,tCO2e,ex_post_estimate,"Rounded source values; zero share is rounded percentage, not zero emissions.",dekra_expost_2024,2024-09-30,2026-10-06,https://www.uni-bielefeld.de/fakultaeten/sportwissenschaft/arbeitsbereiche/ab-iii/forschung/evaluationeuro2024/Ex-post_Klimastudie_UEFA-EURO-2024.pdf,51,Appendix 1
DK_APPENDIX_20,accommodation,German-resident fans,7558,1.0,component,2024,tCO2e,ex_post_estimate,"Rounded source values; zero share is rounded percentage, not zero emissions.",dekra_expost_2024,2024-09-30,2026-10-06,https://www.uni-bielefeld.de/fakultaeten/sportwissenschaft/arbeitsbereiche/ab-iii/forschung/evaluationeuro2024/Ex-post_Klimastudie_UEFA-EURO-2024.pdf,51,Appendix 1
DK_APPENDIX_21,accommodation,International-resident fans,22439,2.9,component,2024,tCO2e,ex_post_estimate,"Rounded source values; zero share is rounded percentage, not zero emissions.",dekra_expost_2024,2024-09-30,2026-10-06,https://www.uni-bielefeld.de/fakultaeten/sportwissenschaft/arbeitsbereiche/ab-iii/forschung/evaluationeuro2024/Ex-post_Klimastudie_UEFA-EURO-2024.pdf,51,Appendix 1
DK_APPENDIX_22,accommodation,Teams,1453,0.2,component,2024,tCO2e,ex_post_estimate,"Rounded source values; zero share is rounded percentage, not zero emissions.",dekra_expost_2024,2024-09-30,2026-10-06,https://www.uni-bielefeld.de/fakultaeten/sportwissenschaft/arbeitsbereiche/ab-iii/forschung/evaluationeuro2024/Ex-post_Klimastudie_UEFA-EURO-2024.pdf,51,Appendix 1
DK_APPENDIX_23,accommodation,Officials,2,0.0,component,2024,tCO2e,ex_post_estimate,"Rounded source values; zero share is rounded percentage, not zero emissions.",dekra_expost_2024,2024-09-30,2026-10-06,https://www.uni-bielefeld.de/fakultaeten/sportwissenschaft/arbeitsbereiche/ab-iii/forschung/evaluationeuro2024/Ex-post_Klimastudie_UEFA-EURO-2024.pdf,51,Appendix 1
DK_APPENDIX_24,accommodation,Other persons,170,0.0,component,2024,tCO2e,ex_post_estimate,"Rounded source values; zero share is rounded percentage, not zero emissions.",dekra_expost_2024,2024-09-30,2026-10-06,https://www.uni-bielefeld.de/fakultaeten/sportwissenschaft/arbeitsbereiche/ab-iii/forschung/evaluationeuro2024/Ex-post_Klimastudie_UEFA-EURO-2024.pdf,51,Appendix 1
DK_APPENDIX_25,accommodation,Volunteers,188,0.0,component,2024,tCO2e,ex_post_estimate,"Rounded source values; zero share is rounded percentage, not zero emissions.",dekra_expost_2024,2024-09-30,2026-10-06,https://www.uni-bielefeld.de/fakultaeten/sportwissenschaft/arbeitsbereiche/ab-iii/forschung/evaluationeuro2024/Ex-post_Klimastudie_UEFA-EURO-2024.pdf,51,Appendix 1
DK_APPENDIX_26,organisation,Organisation,1953,0.3,category_total,2024,tCO2e,ex_post_estimate,"Rounded source values; zero share is rounded percentage, not zero emissions.",dekra_expost_2024,2024-09-30,2026-10-06,https://www.uni-bielefeld.de/fakultaeten/sportwissenschaft/arbeitsbereiche/ab-iii/forschung/evaluationeuro2024/Ex-post_Klimastudie_UEFA-EURO-2024.pdf,51,Appendix 1
DK_APPENDIX_27,organisation,EURO GmbH office electricity,0.03,0.0,component,2024,tCO2e,ex_post_estimate,"Rounded source values; zero share is rounded percentage, not zero emissions.",dekra_expost_2024,2024-09-30,2026-10-06,https://www.uni-bielefeld.de/fakultaeten/sportwissenschaft/arbeitsbereiche/ab-iii/forschung/evaluationeuro2024/Ex-post_Klimastudie_UEFA-EURO-2024.pdf,51,Appendix 1
DK_APPENDIX_28,organisation,EURO GmbH office heat,2,0.0,component,2024,tCO2e,ex_post_estimate,"Rounded source values; zero share is rounded percentage, not zero emissions.",dekra_expost_2024,2024-09-30,2026-10-06,https://www.uni-bielefeld.de/fakultaeten/sportwissenschaft/arbeitsbereiche/ab-iii/forschung/evaluationeuro2024/Ex-post_Klimastudie_UEFA-EURO-2024.pdf,51,Appendix 1
DK_APPENDIX_29,organisation,EURO GmbH office materials,0.001,0.0,component,2024,tCO2e,ex_post_estimate,"Rounded source values; zero share is rounded percentage, not zero emissions.",dekra_expost_2024,2024-09-30,2026-10-06,https://www.uni-bielefeld.de/fakultaeten/sportwissenschaft/arbeitsbereiche/ab-iii/forschung/evaluationeuro2024/Ex-post_Klimastudie_UEFA-EURO-2024.pdf,51,Appendix 1
DK_APPENDIX_30,organisation,EURO GmbH fleet,10,0.0,component,2024,tCO2e,ex_post_estimate,"Rounded source values; zero share is rounded percentage, not zero emissions.",dekra_expost_2024,2024-09-30,2026-10-06,https://www.uni-bielefeld.de/fakultaeten/sportwissenschaft/arbeitsbereiche/ab-iii/forschung/evaluationeuro2024/Ex-post_Klimastudie_UEFA-EURO-2024.pdf,51,Appendix 1
DK_APPENDIX_31,organisation,EURO GmbH staff business travel arrival and departure,1817,0.2,component,2024,tCO2e,ex_post_estimate,"Rounded source values; zero share is rounded percentage, not zero emissions.",dekra_expost_2024,2024-09-30,2026-10-06,https://www.uni-bielefeld.de/fakultaeten/sportwissenschaft/arbeitsbereiche/ab-iii/forschung/evaluationeuro2024/Ex-post_Klimastudie_UEFA-EURO-2024.pdf,51,Appendix 1
DK_APPENDIX_32,organisation,EURO GmbH staff business-travel accommodation,117,0.0,component,2024,tCO2e,ex_post_estimate,"Rounded source values; zero share is rounded percentage, not zero emissions.",dekra_expost_2024,2024-09-30,2026-10-06,https://www.uni-bielefeld.de/fakultaeten/sportwissenschaft/arbeitsbereiche/ab-iii/forschung/evaluationeuro2024/Ex-post_Klimastudie_UEFA-EURO-2024.pdf,51,Appendix 1
DK_APPENDIX_33,organisation,EURO GmbH waste,6,0.0,component,2024,tCO2e,ex_post_estimate,"Rounded source values; zero share is rounded percentage, not zero emissions.",dekra_expost_2024,2024-09-30,2026-10-06,https://www.uni-bielefeld.de/fakultaeten/sportwissenschaft/arbeitsbereiche/ab-iii/forschung/evaluationeuro2024/Ex-post_Klimastudie_UEFA-EURO-2024.pdf,51,Appendix 1
DK_APPENDIX_34,materials,Materials,9147,1.2,category_total,2024,tCO2e,ex_post_estimate,"Rounded source values; zero share is rounded percentage, not zero emissions.",dekra_expost_2024,2024-09-30,2026-10-06,https://www.uni-bielefeld.de/fakultaeten/sportwissenschaft/arbeitsbereiche/ab-iii/forschung/evaluationeuro2024/Ex-post_Klimastudie_UEFA-EURO-2024.pdf,51,Appendix 1
DK_APPENDIX_35,materials,Merchandising,2333,0.3,component,2024,tCO2e,ex_post_estimate,"Rounded source values; zero share is rounded percentage, not zero emissions.",dekra_expost_2024,2024-09-30,2026-10-06,https://www.uni-bielefeld.de/fakultaeten/sportwissenschaft/arbeitsbereiche/ab-iii/forschung/evaluationeuro2024/Ex-post_Klimastudie_UEFA-EURO-2024.pdf,51,Appendix 1
DK_APPENDIX_36,materials,Advertising and branding,308,0.0,component,2024,tCO2e,ex_post_estimate,"Rounded source values; zero share is rounded percentage, not zero emissions.",dekra_expost_2024,2024-09-30,2026-10-06,https://www.uni-bielefeld.de/fakultaeten/sportwissenschaft/arbeitsbereiche/ab-iii/forschung/evaluationeuro2024/Ex-post_Klimastudie_UEFA-EURO-2024.pdf,51,Appendix 1
DK_APPENDIX_37,materials,Stadium conversion and fit-out,3315,0.4,component,2024,tCO2e,ex_post_estimate,"Rounded source values; zero share is rounded percentage, not zero emissions.",dekra_expost_2024,2024-09-30,2026-10-06,https://www.uni-bielefeld.de/fakultaeten/sportwissenschaft/arbeitsbereiche/ab-iii/forschung/evaluationeuro2024/Ex-post_Klimastudie_UEFA-EURO-2024.pdf,51,Appendix 1
DK_APPENDIX_38,materials,International Broadcasting Centre,3159,0.4,component,2024,tCO2e,ex_post_estimate,"Rounded source values; zero share is rounded percentage, not zero emissions.",dekra_expost_2024,2024-09-30,2026-10-06,https://www.uni-bielefeld.de/fakultaeten/sportwissenschaft/arbeitsbereiche/ab-iii/forschung/evaluationeuro2024/Ex-post_Klimastudie_UEFA-EURO-2024.pdf,51,Appendix 1
DK_APPENDIX_39,materials,Water supply,32,0.0,component,2024,tCO2e,ex_post_estimate,"Rounded source values; zero share is rounded percentage, not zero emissions.",dekra_expost_2024,2024-09-30,2026-10-06,https://www.uni-bielefeld.de/fakultaeten/sportwissenschaft/arbeitsbereiche/ab-iii/forschung/evaluationeuro2024/Ex-post_Klimastudie_UEFA-EURO-2024.pdf,51,Appendix 1
DK_APPENDIX_40,waste,Waste,330,0.0,category_total,2024,tCO2e,ex_post_estimate,"Rounded source values; zero share is rounded percentage, not zero emissions.",dekra_expost_2024,2024-09-30,2026-10-06,https://www.uni-bielefeld.de/fakultaeten/sportwissenschaft/arbeitsbereiche/ab-iii/forschung/evaluationeuro2024/Ex-post_Klimastudie_UEFA-EURO-2024.pdf,51,Appendix 1
DK_APPENDIX_41,waste,Stadium waste,330,0.0,component,2024,tCO2e,ex_post_estimate,"Rounded source values; zero share is rounded percentage, not zero emissions.",dekra_expost_2024,2024-09-30,2026-10-06,https://www.uni-bielefeld.de/fakultaeten/sportwissenschaft/arbeitsbereiche/ab-iii/forschung/evaluationeuro2024/Ex-post_Klimastudie_UEFA-EURO-2024.pdf,51,Appendix 1
DK_APPENDIX_42,fan_zones,Fan zones,283186,36.4,category_total,2024,tCO2e,ex_post_estimate,"Rounded source values; zero share is rounded percentage, not zero emissions.",dekra_expost_2024,2024-09-30,2026-10-06,https://www.uni-bielefeld.de/fakultaeten/sportwissenschaft/arbeitsbereiche/ab-iii/forschung/evaluationeuro2024/Ex-post_Klimastudie_UEFA-EURO-2024.pdf,52,Appendix 1
DK_APPENDIX_43,fan_zones,Regional visitor travel,7660,1.0,component,2024,tCO2e,ex_post_estimate,"Rounded source values; zero share is rounded percentage, not zero emissions.",dekra_expost_2024,2024-09-30,2026-10-06,https://www.uni-bielefeld.de/fakultaeten/sportwissenschaft/arbeitsbereiche/ab-iii/forschung/evaluationeuro2024/Ex-post_Klimastudie_UEFA-EURO-2024.pdf,52,Appendix 1
DK_APPENDIX_44,fan_zones,Supraregional visitor travel,23962,3.1,component,2024,tCO2e,ex_post_estimate,"Rounded source values; zero share is rounded percentage, not zero emissions.",dekra_expost_2024,2024-09-30,2026-10-06,https://www.uni-bielefeld.de/fakultaeten/sportwissenschaft/arbeitsbereiche/ab-iii/forschung/evaluationeuro2024/Ex-post_Klimastudie_UEFA-EURO-2024.pdf,52,Appendix 1
DK_APPENDIX_45,fan_zones,International visitor travel Europe,113958,14.6,component,2024,tCO2e,ex_post_estimate,"Rounded source values; zero share is rounded percentage, not zero emissions.",dekra_expost_2024,2024-09-30,2026-10-06,https://www.uni-bielefeld.de/fakultaeten/sportwissenschaft/arbeitsbereiche/ab-iii/forschung/evaluationeuro2024/Ex-post_Klimastudie_UEFA-EURO-2024.pdf,52,Appendix 1
DK_APPENDIX_46,fan_zones,International visitor travel non-Europe,91408,11.7,component,2024,tCO2e,ex_post_estimate,"Rounded source values; zero share is rounded percentage, not zero emissions.",dekra_expost_2024,2024-09-30,2026-10-06,https://www.uni-bielefeld.de/fakultaeten/sportwissenschaft/arbeitsbereiche/ab-iii/forschung/evaluationeuro2024/Ex-post_Klimastudie_UEFA-EURO-2024.pdf,52,Appendix 1
DK_APPENDIX_47,fan_zones,Electricity,66,0.0,component,2024,tCO2e,ex_post_estimate,"Rounded source values; zero share is rounded percentage, not zero emissions.",dekra_expost_2024,2024-09-30,2026-10-06,https://www.uni-bielefeld.de/fakultaeten/sportwissenschaft/arbeitsbereiche/ab-iii/forschung/evaluationeuro2024/Ex-post_Klimastudie_UEFA-EURO-2024.pdf,52,Appendix 1
DK_APPENDIX_48,fan_zones,Fuel,243,0.0,component,2024,tCO2e,ex_post_estimate,"Rounded source values; zero share is rounded percentage, not zero emissions.",dekra_expost_2024,2024-09-30,2026-10-06,https://www.uni-bielefeld.de/fakultaeten/sportwissenschaft/arbeitsbereiche/ab-iii/forschung/evaluationeuro2024/Ex-post_Klimastudie_UEFA-EURO-2024.pdf,52,Appendix 1
DK_APPENDIX_49,fan_zones,Food,2075,0.3,component,2024,tCO2e,ex_post_estimate,"Rounded source values; zero share is rounded percentage, not zero emissions.",dekra_expost_2024,2024-09-30,2026-10-06,https://www.uni-bielefeld.de/fakultaeten/sportwissenschaft/arbeitsbereiche/ab-iii/forschung/evaluationeuro2024/Ex-post_Klimastudie_UEFA-EURO-2024.pdf,52,Appendix 1
DK_APPENDIX_50,fan_zones,Drinks,4258,0.5,component,2024,tCO2e,ex_post_estimate,"Rounded source values; zero share is rounded percentage, not zero emissions.",dekra_expost_2024,2024-09-30,2026-10-06,https://www.uni-bielefeld.de/fakultaeten/sportwissenschaft/arbeitsbereiche/ab-iii/forschung/evaluationeuro2024/Ex-post_Klimastudie_UEFA-EURO-2024.pdf,52,Appendix 1
DK_APPENDIX_51,fan_zones,Food and beverage dispensing materials,460,0.1,component,2024,tCO2e,ex_post_estimate,"Rounded source values; zero share is rounded percentage, not zero emissions.",dekra_expost_2024,2024-09-30,2026-10-06,https://www.uni-bielefeld.de/fakultaeten/sportwissenschaft/arbeitsbereiche/ab-iii/forschung/evaluationeuro2024/Ex-post_Klimastudie_UEFA-EURO-2024.pdf,52,Appendix 1
DK_APPENDIX_52,fan_zones,Materials,911,0.1,component,2024,tCO2e,ex_post_estimate,"Rounded source values; zero share is rounded percentage, not zero emissions.",dekra_expost_2024,2024-09-30,2026-10-06,https://www.uni-bielefeld.de/fakultaeten/sportwissenschaft/arbeitsbereiche/ab-iii/forschung/evaluationeuro2024/Ex-post_Klimastudie_UEFA-EURO-2024.pdf,52,Appendix 1
DK_APPENDIX_53,fan_zones,Waste,632,0.1,component,2024,tCO2e,ex_post_estimate,"Rounded source values; zero share is rounded percentage, not zero emissions.",dekra_expost_2024,2024-09-30,2026-10-06,https://www.uni-bielefeld.de/fakultaeten/sportwissenschaft/arbeitsbereiche/ab-iii/forschung/evaluationeuro2024/Ex-post_Klimastudie_UEFA-EURO-2024.pdf,52,Appendix 1
DK_APPENDIX_54,fan_zones,Services,10592,1.4,component,2024,tCO2e,ex_post_estimate,"Rounded source values; zero share is rounded percentage, not zero emissions.",dekra_expost_2024,2024-09-30,2026-10-06,https://www.uni-bielefeld.de/fakultaeten/sportwissenschaft/arbeitsbereiche/ab-iii/forschung/evaluationeuro2024/Ex-post_Klimastudie_UEFA-EURO-2024.pdf,52,Appendix 1
DK_APPENDIX_55,fan_zones,Refrigerants,0.35,0.0,component,2024,tCO2e,ex_post_estimate,"Rounded source values; zero share is rounded percentage, not zero emissions.",dekra_expost_2024,2024-09-30,2026-10-06,https://www.uni-bielefeld.de/fakultaeten/sportwissenschaft/arbeitsbereiche/ab-iii/forschung/evaluationeuro2024/Ex-post_Klimastudie_UEFA-EURO-2024.pdf,52,Appendix 1
DK_APPENDIX_56,fan_zones,Accommodation,26441,3.4,component,2024,tCO2e,ex_post_estimate,"Rounded source values; zero share is rounded percentage, not zero emissions.",dekra_expost_2024,2024-09-30,2026-10-06,https://www.uni-bielefeld.de/fakultaeten/sportwissenschaft/arbeitsbereiche/ab-iii/forschung/evaluationeuro2024/Ex-post_Klimastudie_UEFA-EURO-2024.pdf,52,Appendix 1
DK_APPENDIX_57,fan_zones,Transport and logistics,520,0.1,component,2024,tCO2e,ex_post_estimate,"Rounded source values; zero share is rounded percentage, not zero emissions.",dekra_expost_2024,2024-09-30,2026-10-06,https://www.uni-bielefeld.de/fakultaeten/sportwissenschaft/arbeitsbereiche/ab-iii/forschung/evaluationeuro2024/Ex-post_Klimastudie_UEFA-EURO-2024.pdf,52,Appendix 1
DK_APPENDIX_58,all,Total emissions,778968,100.0,grand_total,2024,tCO2e,ex_post_estimate,"Rounded source values; zero share is rounded percentage, not zero emissions.",dekra_expost_2024,2024-09-30,2026-10-06,https://www.uni-bielefeld.de/fakultaeten/sportwissenschaft/arbeitsbereiche/ab-iii/forschung/evaluationeuro2024/Ex-post_Klimastudie_UEFA-EURO-2024.pdf,52,Appendix 1
