input_id,metric,version,value,unit,event_year,observation_status,notes,source_id,source_date,retrieved_date_utc,source_url,source_pdf_page,source_locator
DK_T12_stadium_tickets_ex_ante,stadium_tickets,ex_ante,2800000,tickets,2024,ex_ante_estimate,"Transcribed from Table 12; ex-post inputs may include surveys, extrapolations and assumptions. Rounded total is not the headline 778,968.",dekra_expost_2024,2024-09-30,2026-10-06,https://www.uni-bielefeld.de/fakultaeten/sportwissenschaft/arbeitsbereiche/ab-iii/forschung/evaluationeuro2024/Ex-post_Klimastudie_UEFA-EURO-2024.pdf,31,Table 12
DK_T12_stadium_tickets_ex_post,stadium_tickets,ex_post,2680461,tickets,2024,source_ex_post_input_mixed_provenance,"Transcribed from Table 12; ex-post inputs may include surveys, extrapolations and assumptions. Rounded total is not the headline 778,968.",dekra_expost_2024,2024-09-30,2026-10-06,https://www.uni-bielefeld.de/fakultaeten/sportwissenschaft/arbeitsbereiche/ab-iii/forschung/evaluationeuro2024/Ex-post_Klimastudie_UEFA-EURO-2024.pdf,31,Table 12
DK_T12_german_resident_ticket_share_ex_ante,german_resident_ticket_share,ex_ante,68,percent,2024,ex_ante_estimate,"Transcribed from Table 12; ex-post inputs may include surveys, extrapolations and assumptions. Rounded total is not the headline 778,968.",dekra_expost_2024,2024-09-30,2026-10-06,https://www.uni-bielefeld.de/fakultaeten/sportwissenschaft/arbeitsbereiche/ab-iii/forschung/evaluationeuro2024/Ex-post_Klimastudie_UEFA-EURO-2024.pdf,31,Table 12
DK_T12_german_resident_ticket_share_ex_post,german_resident_ticket_share,ex_post,56,percent,2024,source_ex_post_input_mixed_provenance,"Transcribed from Table 12; ex-post inputs may include surveys, extrapolations and assumptions. Rounded total is not the headline 778,968.",dekra_expost_2024,2024-09-30,2026-10-06,https://www.uni-bielefeld.de/fakultaeten/sportwissenschaft/arbeitsbereiche/ab-iii/forschung/evaluationeuro2024/Ex-post_Klimastudie_UEFA-EURO-2024.pdf,31,Table 12
DK_T12_tickets_per_person_ex_ante,tickets_per_person,ex_ante,2.1,tickets/person,2024,ex_ante_estimate,"Transcribed from Table 12; ex-post inputs may include surveys, extrapolations and assumptions. Rounded total is not the headline 778,968.",dekra_expost_2024,2024-09-30,2026-10-06,https://www.uni-bielefeld.de/fakultaeten/sportwissenschaft/arbeitsbereiche/ab-iii/forschung/evaluationeuro2024/Ex-post_Klimastudie_UEFA-EURO-2024.pdf,31,Table 12
DK_T12_tickets_per_person_ex_post,tickets_per_person,ex_post,1.5,tickets/person,2024,source_ex_post_input_mixed_provenance,"Transcribed from Table 12; ex-post inputs may include surveys, extrapolations and assumptions. Rounded total is not the headline 778,968.",dekra_expost_2024,2024-09-30,2026-10-06,https://www.uni-bielefeld.de/fakultaeten/sportwissenschaft/arbeitsbereiche/ab-iii/forschung/evaluationeuro2024/Ex-post_Klimastudie_UEFA-EURO-2024.pdf,31,Table 12
DK_T12_international_fan_travel_ex_ante,international_fan_travel,ex_ante,1400000000,passenger-km,2024,ex_ante_estimate,"Transcribed from Table 12; ex-post inputs may include surveys, extrapolations and assumptions. Rounded total is not the headline 778,968.",dekra_expost_2024,2024-09-30,2026-10-06,https://www.uni-bielefeld.de/fakultaeten/sportwissenschaft/arbeitsbereiche/ab-iii/forschung/evaluationeuro2024/Ex-post_Klimastudie_UEFA-EURO-2024.pdf,31,Table 12
DK_T12_international_fan_travel_ex_post,international_fan_travel,ex_post,1926963518,passenger-km,2024,source_ex_post_input_mixed_provenance,"Transcribed from Table 12; ex-post inputs may include surveys, extrapolations and assumptions. Rounded total is not the headline 778,968.",dekra_expost_2024,2024-09-30,2026-10-06,https://www.uni-bielefeld.de/fakultaeten/sportwissenschaft/arbeitsbereiche/ab-iii/forschung/evaluationeuro2024/Ex-post_Klimastudie_UEFA-EURO-2024.pdf,31,Table 12
DK_T12_team_travel_ex_ante,team_travel,ex_ante,5200000,passenger-km,2024,ex_ante_estimate,"Transcribed from Table 12; ex-post inputs may include surveys, extrapolations and assumptions. Rounded total is not the headline 778,968.",dekra_expost_2024,2024-09-30,2026-10-06,https://www.uni-bielefeld.de/fakultaeten/sportwissenschaft/arbeitsbereiche/ab-iii/forschung/evaluationeuro2024/Ex-post_Klimastudie_UEFA-EURO-2024.pdf,31,Table 12
DK_T12_team_travel_ex_post,team_travel,ex_post,6916399,passenger-km,2024,source_ex_post_input_mixed_provenance,"Transcribed from Table 12; ex-post inputs may include surveys, extrapolations and assumptions. Rounded total is not the headline 778,968.",dekra_expost_2024,2024-09-30,2026-10-06,https://www.uni-bielefeld.de/fakultaeten/sportwissenschaft/arbeitsbereiche/ab-iii/forschung/evaluationeuro2024/Ex-post_Klimastudie_UEFA-EURO-2024.pdf,31,Table 12
DK_T12_officials_ex_ante,officials,ex_ante,4500,persons,2024,ex_ante_estimate,"Transcribed from Table 12; ex-post inputs may include surveys, extrapolations and assumptions. Rounded total is not the headline 778,968.",dekra_expost_2024,2024-09-30,2026-10-06,https://www.uni-bielefeld.de/fakultaeten/sportwissenschaft/arbeitsbereiche/ab-iii/forschung/evaluationeuro2024/Ex-post_Klimastudie_UEFA-EURO-2024.pdf,31,Table 12
DK_T12_officials_ex_post,officials,ex_post,4500,persons,2024,source_ex_post_input_mixed_provenance,"Transcribed from Table 12; ex-post inputs may include surveys, extrapolations and assumptions. Rounded total is not the headline 778,968.",dekra_expost_2024,2024-09-30,2026-10-06,https://www.uni-bielefeld.de/fakultaeten/sportwissenschaft/arbeitsbereiche/ab-iii/forschung/evaluationeuro2024/Ex-post_Klimastudie_UEFA-EURO-2024.pdf,31,Table 12
DK_T12_media_ex_ante,media,ex_ante,14000,persons,2024,ex_ante_estimate,"Transcribed from Table 12; ex-post inputs may include surveys, extrapolations and assumptions. Rounded total is not the headline 778,968.",dekra_expost_2024,2024-09-30,2026-10-06,https://www.uni-bielefeld.de/fakultaeten/sportwissenschaft/arbeitsbereiche/ab-iii/forschung/evaluationeuro2024/Ex-post_Klimastudie_UEFA-EURO-2024.pdf,31,Table 12
DK_T12_media_ex_post,media,ex_post,14000,persons,2024,source_ex_post_input_mixed_provenance,"Transcribed from Table 12; ex-post inputs may include surveys, extrapolations and assumptions. Rounded total is not the headline 778,968.",dekra_expost_2024,2024-09-30,2026-10-06,https://www.uni-bielefeld.de/fakultaeten/sportwissenschaft/arbeitsbereiche/ab-iii/forschung/evaluationeuro2024/Ex-post_Klimastudie_UEFA-EURO-2024.pdf,31,Table 12
DK_T12_volunteers_ex_ante,volunteers,ex_ante,16000,persons,2024,ex_ante_estimate,"Transcribed from Table 12; ex-post inputs may include surveys, extrapolations and assumptions. Rounded total is not the headline 778,968.",dekra_expost_2024,2024-09-30,2026-10-06,https://www.uni-bielefeld.de/fakultaeten/sportwissenschaft/arbeitsbereiche/ab-iii/forschung/evaluationeuro2024/Ex-post_Klimastudie_UEFA-EURO-2024.pdf,31,Table 12
DK_T12_volunteers_ex_post,volunteers,ex_post,13900,persons,2024,source_ex_post_input_mixed_provenance,"Transcribed from Table 12; ex-post inputs may include surveys, extrapolations and assumptions. Rounded total is not the headline 778,968.",dekra_expost_2024,2024-09-30,2026-10-06,https://www.uni-bielefeld.de/fakultaeten/sportwissenschaft/arbeitsbereiche/ab-iii/forschung/evaluationeuro2024/Ex-post_Klimastudie_UEFA-EURO-2024.pdf,31,Table 12
DK_T12_other_staff_ex_ante,other_staff,ex_ante,110000,persons,2024,ex_ante_estimate,"Transcribed from Table 12; ex-post inputs may include surveys, extrapolations and assumptions. Rounded total is not the headline 778,968.",dekra_expost_2024,2024-09-30,2026-10-06,https://www.uni-bielefeld.de/fakultaeten/sportwissenschaft/arbeitsbereiche/ab-iii/forschung/evaluationeuro2024/Ex-post_Klimastudie_UEFA-EURO-2024.pdf,31,Table 12
DK_T12_other_staff_ex_post,other_staff,ex_post,110000,persons,2024,source_ex_post_input_mixed_provenance,"Transcribed from Table 12; ex-post inputs may include surveys, extrapolations and assumptions. Rounded total is not the headline 778,968.",dekra_expost_2024,2024-09-30,2026-10-06,https://www.uni-bielefeld.de/fakultaeten/sportwissenschaft/arbeitsbereiche/ab-iii/forschung/evaluationeuro2024/Ex-post_Klimastudie_UEFA-EURO-2024.pdf,31,Table 12
DK_T12_german_resident_fan_nights_ex_ante,german_resident_fan_nights,ex_ante,950000,person-nights,2024,ex_ante_estimate,"Transcribed from Table 12; ex-post inputs may include surveys, extrapolations and assumptions. Rounded total is not the headline 778,968.",dekra_expost_2024,2024-09-30,2026-10-06,https://www.uni-bielefeld.de/fakultaeten/sportwissenschaft/arbeitsbereiche/ab-iii/forschung/evaluationeuro2024/Ex-post_Klimastudie_UEFA-EURO-2024.pdf,31,Table 12
DK_T12_german_resident_fan_nights_ex_post,german_resident_fan_nights,ex_post,598129,person-nights,2024,source_ex_post_input_mixed_provenance,"Transcribed from Table 12; ex-post inputs may include surveys, extrapolations and assumptions. Rounded total is not the headline 778,968.",dekra_expost_2024,2024-09-30,2026-10-06,https://www.uni-bielefeld.de/fakultaeten/sportwissenschaft/arbeitsbereiche/ab-iii/forschung/evaluationeuro2024/Ex-post_Klimastudie_UEFA-EURO-2024.pdf,31,Table 12
DK_T12_international_resident_fan_nights_ex_ante,international_resident_fan_nights,ex_ante,1800000,person-nights,2024,ex_ante_estimate,"Transcribed from Table 12; ex-post inputs may include surveys, extrapolations and assumptions. Rounded total is not the headline 778,968.",dekra_expost_2024,2024-09-30,2026-10-06,https://www.uni-bielefeld.de/fakultaeten/sportwissenschaft/arbeitsbereiche/ab-iii/forschung/evaluationeuro2024/Ex-post_Klimastudie_UEFA-EURO-2024.pdf,31,Table 12
DK_T12_international_resident_fan_nights_ex_post,international_resident_fan_nights,ex_post,1793624,person-nights,2024,source_ex_post_input_mixed_provenance,"Transcribed from Table 12; ex-post inputs may include surveys, extrapolations and assumptions. Rounded total is not the headline 778,968.",dekra_expost_2024,2024-09-30,2026-10-06,https://www.uni-bielefeld.de/fakultaeten/sportwissenschaft/arbeitsbereiche/ab-iii/forschung/evaluationeuro2024/Ex-post_Klimastudie_UEFA-EURO-2024.pdf,31,Table 12
DK_T12_other_person_nights_ex_ante,other_person_nights,ex_ante,380000,person-nights,2024,ex_ante_estimate,"Transcribed from Table 12; ex-post inputs may include surveys, extrapolations and assumptions. Rounded total is not the headline 778,968.",dekra_expost_2024,2024-09-30,2026-10-06,https://www.uni-bielefeld.de/fakultaeten/sportwissenschaft/arbeitsbereiche/ab-iii/forschung/evaluationeuro2024/Ex-post_Klimastudie_UEFA-EURO-2024.pdf,31,Table 12
DK_T12_other_person_nights_ex_post,other_person_nights,ex_post,79837,person-nights,2024,source_ex_post_input_mixed_provenance,"Transcribed from Table 12; ex-post inputs may include surveys, extrapolations and assumptions. Rounded total is not the headline 778,968.",dekra_expost_2024,2024-09-30,2026-10-06,https://www.uni-bielefeld.de/fakultaeten/sportwissenschaft/arbeitsbereiche/ab-iii/forschung/evaluationeuro2024/Ex-post_Klimastudie_UEFA-EURO-2024.pdf,31,Table 12
DK_T12_stadium_electricity_ex_ante,stadium_electricity,ex_ante,11000000,kWh,2024,ex_ante_estimate,"Transcribed from Table 12; ex-post inputs may include surveys, extrapolations and assumptions. Rounded total is not the headline 778,968.",dekra_expost_2024,2024-09-30,2026-10-06,https://www.uni-bielefeld.de/fakultaeten/sportwissenschaft/arbeitsbereiche/ab-iii/forschung/evaluationeuro2024/Ex-post_Klimastudie_UEFA-EURO-2024.pdf,31,Table 12
DK_T12_stadium_electricity_ex_post,stadium_electricity,ex_post,10123350,kWh,2024,source_ex_post_input_mixed_provenance,"Transcribed from Table 12; ex-post inputs may include surveys, extrapolations and assumptions. Rounded total is not the headline 778,968.",dekra_expost_2024,2024-09-30,2026-10-06,https://www.uni-bielefeld.de/fakultaeten/sportwissenschaft/arbeitsbereiche/ab-iii/forschung/evaluationeuro2024/Ex-post_Klimastudie_UEFA-EURO-2024.pdf,31,Table 12
DK_T12_stadium_diesel_ex_ante,stadium_diesel,ex_ante,270000,litres,2024,ex_ante_estimate,"Transcribed from Table 12; ex-post inputs may include surveys, extrapolations and assumptions. Rounded total is not the headline 778,968.",dekra_expost_2024,2024-09-30,2026-10-06,https://www.uni-bielefeld.de/fakultaeten/sportwissenschaft/arbeitsbereiche/ab-iii/forschung/evaluationeuro2024/Ex-post_Klimastudie_UEFA-EURO-2024.pdf,31,Table 12
DK_T12_stadium_diesel_ex_post,stadium_diesel,ex_post,21000,litres,2024,source_ex_post_input_mixed_provenance,"Transcribed from Table 12; ex-post inputs may include surveys, extrapolations and assumptions. Rounded total is not the headline 778,968.",dekra_expost_2024,2024-09-30,2026-10-06,https://www.uni-bielefeld.de/fakultaeten/sportwissenschaft/arbeitsbereiche/ab-iii/forschung/evaluationeuro2024/Ex-post_Klimastudie_UEFA-EURO-2024.pdf,31,Table 12
DK_T12_stadium_food_ex_ante,stadium_food,ex_ante,1300000,servings,2024,ex_ante_estimate,"Transcribed from Table 12; ex-post inputs may include surveys, extrapolations and assumptions. Rounded total is not the headline 778,968.",dekra_expost_2024,2024-09-30,2026-10-06,https://www.uni-bielefeld.de/fakultaeten/sportwissenschaft/arbeitsbereiche/ab-iii/forschung/evaluationeuro2024/Ex-post_Klimastudie_UEFA-EURO-2024.pdf,31,Table 12
DK_T12_stadium_food_ex_post,stadium_food,ex_post,1770000,servings,2024,source_ex_post_input_mixed_provenance,"Transcribed from Table 12; ex-post inputs may include surveys, extrapolations and assumptions. Rounded total is not the headline 778,968.",dekra_expost_2024,2024-09-30,2026-10-06,https://www.uni-bielefeld.de/fakultaeten/sportwissenschaft/arbeitsbereiche/ab-iii/forschung/evaluationeuro2024/Ex-post_Klimastudie_UEFA-EURO-2024.pdf,31,Table 12
DK_T12_stadium_drinks_ex_ante,stadium_drinks,ex_ante,4300000,servings,2024,ex_ante_estimate,"Transcribed from Table 12; ex-post inputs may include surveys, extrapolations and assumptions. Rounded total is not the headline 778,968.",dekra_expost_2024,2024-09-30,2026-10-06,https://www.uni-bielefeld.de/fakultaeten/sportwissenschaft/arbeitsbereiche/ab-iii/forschung/evaluationeuro2024/Ex-post_Klimastudie_UEFA-EURO-2024.pdf,31,Table 12
DK_T12_stadium_drinks_ex_post,stadium_drinks,ex_post,4700000,servings,2024,source_ex_post_input_mixed_provenance,"Transcribed from Table 12; ex-post inputs may include surveys, extrapolations and assumptions. Rounded total is not the headline 778,968.",dekra_expost_2024,2024-09-30,2026-10-06,https://www.uni-bielefeld.de/fakultaeten/sportwissenschaft/arbeitsbereiche/ab-iii/forschung/evaluationeuro2024/Ex-post_Klimastudie_UEFA-EURO-2024.pdf,31,Table 12
DK_T12_euro_gmbh_fleet_ex_ante,euro_gmbh_fleet,ex_ante,758,vehicles,2024,ex_ante_estimate,"Transcribed from Table 12; ex-post inputs may include surveys, extrapolations and assumptions. Rounded total is not the headline 778,968.",dekra_expost_2024,2024-09-30,2026-10-06,https://www.uni-bielefeld.de/fakultaeten/sportwissenschaft/arbeitsbereiche/ab-iii/forschung/evaluationeuro2024/Ex-post_Klimastudie_UEFA-EURO-2024.pdf,31,Table 12
DK_T12_euro_gmbh_fleet_ex_post,euro_gmbh_fleet,ex_post,797,vehicles,2024,source_ex_post_input_mixed_provenance,"Transcribed from Table 12; ex-post inputs may include surveys, extrapolations and assumptions. Rounded total is not the headline 778,968.",dekra_expost_2024,2024-09-30,2026-10-06,https://www.uni-bielefeld.de/fakultaeten/sportwissenschaft/arbeitsbereiche/ab-iii/forschung/evaluationeuro2024/Ex-post_Klimastudie_UEFA-EURO-2024.pdf,31,Table 12
DK_T12_distinct_fan_zone_visitors_ex_ante,distinct_fan_zone_visitors,ex_ante,3800000,persons,2024,ex_ante_estimate,"Transcribed from Table 12; ex-post inputs may include surveys, extrapolations and assumptions. Rounded total is not the headline 778,968.",dekra_expost_2024,2024-09-30,2026-10-06,https://www.uni-bielefeld.de/fakultaeten/sportwissenschaft/arbeitsbereiche/ab-iii/forschung/evaluationeuro2024/Ex-post_Klimastudie_UEFA-EURO-2024.pdf,31,Table 12
DK_T12_distinct_fan_zone_visitors_ex_post,distinct_fan_zone_visitors,ex_post,6139300,persons,2024,source_ex_post_input_mixed_provenance,"Transcribed from Table 12; ex-post inputs may include surveys, extrapolations and assumptions. Rounded total is not the headline 778,968.",dekra_expost_2024,2024-09-30,2026-10-06,https://www.uni-bielefeld.de/fakultaeten/sportwissenschaft/arbeitsbereiche/ab-iii/forschung/evaluationeuro2024/Ex-post_Klimastudie_UEFA-EURO-2024.pdf,31,Table 12
DK_T12_total_emissions_rounded_ex_ante,total_emissions_rounded,ex_ante,490000,tCO2e,2024,ex_ante_estimate,"Transcribed from Table 12; ex-post inputs may include surveys, extrapolations and assumptions. Rounded total is not the headline 778,968.",dekra_expost_2024,2024-09-30,2026-10-06,https://www.uni-bielefeld.de/fakultaeten/sportwissenschaft/arbeitsbereiche/ab-iii/forschung/evaluationeuro2024/Ex-post_Klimastudie_UEFA-EURO-2024.pdf,31,Table 12
DK_T12_total_emissions_rounded_ex_post,total_emissions_rounded,ex_post,780000,tCO2e,2024,source_ex_post_input_mixed_provenance,"Transcribed from Table 12; ex-post inputs may include surveys, extrapolations and assumptions. Rounded total is not the headline 778,968.",dekra_expost_2024,2024-09-30,2026-10-06,https://www.uni-bielefeld.de/fakultaeten/sportwissenschaft/arbeitsbereiche/ab-iii/forschung/evaluationeuro2024/Ex-post_Klimastudie_UEFA-EURO-2024.pdf,31,Table 12
