category,activity_basis,factor_source_family,reported_factor_version,numeric_factor_available,observation_status,notes,source_id,source_date,retrieved_date_utc,source_url,source_pdf_page,source_locator
transport,person-km and travel-time data,UBA; DEFRA,"2024 DEFRA, UBA undated",False,method_disclosure,Transport and logistics factors; complete numerical mapping not disclosed.,dekra_expost_2024,2024-09-30,2026-10-06,https://www.uni-bielefeld.de/fakultaeten/sportwissenschaft/arbeitsbereiche/ab-iii/forschung/evaluationeuro2024/Ex-post_Klimastudie_UEFA-EURO-2024.pdf,19,Methodology / factor-source description
energy,energy/fuel/refrigerant consumption,Energy suppliers; BAFA; DEFRA,BAFA 2022; DEFRA 2024,False,method_disclosure,Specific supplier factors preferred; upstream emissions included.,dekra_expost_2024,2024-09-30,2026-10-06,https://www.uni-bielefeld.de/fakultaeten/sportwissenschaft/arbeitsbereiche/ab-iii/forschung/evaluationeuro2024/Ex-post_Klimastudie_UEFA-EURO-2024.pdf,19,Methodology / factor-source description
catering,food and beverage quantities,ifeu; ecoinvent; Eaternity,ifeu 2020; ecoinvent v3.10; Eaternity undated,False,method_disclosure,Exact food-item quantities and assigned factors not all published.,dekra_expost_2024,2024-09-30,2026-10-06,https://www.uni-bielefeld.de/fakultaeten/sportwissenschaft/arbeitsbereiche/ab-iii/forschung/evaluationeuro2024/Ex-post_Klimastudie_UEFA-EURO-2024.pdf,19,Methodology / factor-source description
accommodation,person-nights,UBA; DEFRA,DEFRA 2024; German location,False,method_disclosure,Country-specific German accommodation values used.,dekra_expost_2024,2024-09-30,2026-10-06,https://www.uni-bielefeld.de/fakultaeten/sportwissenschaft/arbeitsbereiche/ab-iii/forschung/evaluationeuro2024/Ex-post_Klimastudie_UEFA-EURO-2024.pdf,19,Methodology / factor-source description
materials,material quantities and expenditure,European Commission; ecoinvent; BAFA; ctrl+s,European Commission 2014; ecoinvent v3.10; other dates vary,False,method_disclosure,Textile/material factors and spend-based factors; no complete activity-factor cells published.,dekra_expost_2024,2024-09-30,2026-10-06,https://www.uni-bielefeld.de/fakultaeten/sportwissenschaft/arbeitsbereiche/ab-iii/forschung/evaluationeuro2024/Ex-post_Klimastudie_UEFA-EURO-2024.pdf,20,Methodology / factor-source description
services,purchased service expenditure,ctrl+s,undated,False,method_disclosure,Spend-based calculation; amounts and exact factors not completely public.,dekra_expost_2024,2024-09-30,2026-10-06,https://www.uni-bielefeld.de/fakultaeten/sportwissenschaft/arbeitsbereiche/ab-iii/forschung/evaluationeuro2024/Ex-post_Klimastudie_UEFA-EURO-2024.pdf,20,Methodology / factor-source description
waste,waste quantities,ifeu,2021 study for Berlin 2020,False,method_disclosure,Waste treatment credits excluded.,dekra_expost_2024,2024-09-30,2026-10-06,https://www.uni-bielefeld.de/fakultaeten/sportwissenschaft/arbeitsbereiche/ab-iii/forschung/evaluationeuro2024/Ex-post_Klimastudie_UEFA-EURO-2024.pdf,20,Methodology / factor-source description
fan_zones,"mixed activities, some visitor-based extrapolation",same factors as stadiums,"mixed, as above",False,method_disclosure,Same factors for comparability; missing activity records were extrapolated.,dekra_expost_2024,2024-09-30,2026-10-06,https://www.uni-bielefeld.de/fakultaeten/sportwissenschaft/arbeitsbereiche/ab-iii/forschung/evaluationeuro2024/Ex-post_Klimastudie_UEFA-EURO-2024.pdf,20,Methodology / factor-source description
uefa_inventory,UEFA Carbon Footprint Calculator inputs,DEFRA,2022,False,method_disclosure,Version explicitly stated; do not harmonise with DEKRA factors without new primary data.,uefa_esg_2024,,2026-10-06,https://editorial.uefa.com/resources/0292-1c398b01c18b-b74c8334b99b-1000/uefa_euro_2024_esg_report.pdf,12,Methodology / factor-source description
