metric_id,metric,value,unit,event_year,scope,observation_status,value_qualifier,notes,source_id,source_date,retrieved_date_utc,source_url,source_pdf_page,source_locator
uefa_esg_2024__operations_emissions,operations_emissions,67955,tCO2e,2024,UEFA operations,ex_post_estimate,reported,2022 DEFRA factors stated in footnote. Forecasts are source-reported retrospectively.,uefa_esg_2024,,2026-10-06,https://editorial.uefa.com/resources/0292-1c398b01c18b-b74c8334b99b-1000/uefa_euro_2024_esg_report.pdf,12,Achieving reduction; Reduction results
uefa_esg_2024__ticket_travel_emissions,ticket_travel_emissions,248957,tCO2e,2024,UEFA ticket-holder travel,ex_post_estimate,reported,2022 DEFRA factors stated in footnote. Forecasts are source-reported retrospectively.,uefa_esg_2024,,2026-10-06,https://editorial.uefa.com/resources/0292-1c398b01c18b-b74c8334b99b-1000/uefa_euro_2024_esg_report.pdf,12,Achieving reduction; Reduction results
uefa_esg_2024__total_emissions,total_emissions,316912,tCO2e,2024,UEFA operations plus ticket-holder travel,ex_post_estimate,reported,2022 DEFRA factors stated in footnote. Forecasts are source-reported retrospectively.,uefa_esg_2024,,2026-10-06,https://editorial.uefa.com/resources/0292-1c398b01c18b-b74c8334b99b-1000/uefa_euro_2024_esg_report.pdf,12,Achieving reduction; Reduction results
uefa_esg_2024__operations_forecast,operations_forecast,78000,tCO2e,2024,UEFA operations forecast,ex_ante_estimate,reported,2022 DEFRA factors stated in footnote. Forecasts are source-reported retrospectively.,uefa_esg_2024,,2026-10-06,https://editorial.uefa.com/resources/0292-1c398b01c18b-b74c8334b99b-1000/uefa_euro_2024_esg_report.pdf,12,Achieving reduction; Reduction results
uefa_esg_2024__ticket_travel_forecast,ticket_travel_forecast,330000,tCO2e,2024,UEFA ticket-holder travel forecast,ex_ante_estimate,reported,2022 DEFRA factors stated in footnote. Forecasts are source-reported retrospectively.,uefa_esg_2024,,2026-10-06,https://editorial.uefa.com/resources/0292-1c398b01c18b-b74c8334b99b-1000/uefa_euro_2024_esg_report.pdf,12,Achieving reduction; Reduction results
uefa_esg_2024__forecast_total_arithmetic,forecast_total_arithmetic,408000,tCO2e,2024,UEFA operations plus ticket-holder travel forecast,derived_sum,derived,"Sum of the two displayed forecasts; distinct from the 280,000-tonne minimum fund basis.",uefa_esg_2024,,2026-10-06,https://editorial.uefa.com/resources/0292-1c398b01c18b-b74c8334b99b-1000/uefa_euro_2024_esg_report.pdf,12,"78,000 plus 330,000"
uefa_esg_2024__fund_rounded,fund_rounded,8000000,EUR,2024,"Climate fund, ESG report version",reported_rounded,reported,Page 14 says just over €8m; do not replace with the later €7.925m.,uefa_esg_2024,,2026-10-06,https://editorial.uefa.com/resources/0292-1c398b01c18b-b74c8334b99b-1000/uefa_euro_2024_esg_report.pdf,13,Advocacy
uefa_esg_2024__club_projects_investment_rounded,club_projects_investment_rounded,5900000,EUR,2024,"Club projects, ESG report version",reported_rounded,reported,,uefa_esg_2024,,2026-10-06,https://editorial.uefa.com/resources/0292-1c398b01c18b-b74c8334b99b-1000/uefa_euro_2024_esg_report.pdf,14,Investing in climate resilience
uefa_esg_2024__clubs,clubs,227,clubs,2024,"Climate fund, ESG report version",administrative_report,reported,Different units/counts and versions are retained rather than reconciled by assumption.,uefa_esg_2024,,2026-10-06,https://editorial.uefa.com/resources/0292-1c398b01c18b-b74c8334b99b-1000/uefa_euro_2024_esg_report.pdf,14,Investing in climate resilience
uefa_esg_2024__mitigation_projects,mitigation_projects,328,projects,2024,"Climate fund, ESG report version",administrative_report,reported,Different units/counts and versions are retained rather than reconciled by assumption.,uefa_esg_2024,,2026-10-06,https://editorial.uefa.com/resources/0292-1c398b01c18b-b74c8334b99b-1000/uefa_euro_2024_esg_report.pdf,14,Investing in climate resilience
uefa_esg_2024__regional_associations,regional_associations,21,associations,2024,"Climate fund, ESG report version",administrative_report,reported,Different units/counts and versions are retained rather than reconciled by assumption.,uefa_esg_2024,,2026-10-06,https://editorial.uefa.com/resources/0292-1c398b01c18b-b74c8334b99b-1000/uefa_euro_2024_esg_report.pdf,14,Investing in climate resilience
uefa_esg_2024__fund_applicants,fund_applicants,5586,clubs,2024,"Climate fund, ESG report version",administrative_report,reported,Different units/counts and versions are retained rather than reconciled by assumption.,uefa_esg_2024,,2026-10-06,https://editorial.uefa.com/resources/0292-1c398b01c18b-b74c8334b99b-1000/uefa_euro_2024_esg_report.pdf,14,Investing in climate resilience
uefa_esg_2024__average_project_cost,average_project_cost,30400,EUR,2024,"Climate fund, ESG report version",administrative_report,reported,Different units/counts and versions are retained rather than reconciled by assumption.,uefa_esg_2024,,2026-10-06,https://editorial.uefa.com/resources/0292-1c398b01c18b-b74c8334b99b-1000/uefa_euro_2024_esg_report.pdf,14,Investing in climate resilience
uefa_esg_2024__expected_lifetime_savings,expected_lifetime_savings,67000,tonnes_carbon_emissions,2024,Fund projects over their lifecycle,expected_lifetime_estimate,roughly,"Page 13 uses past-tense avoided wording, but p14 explicitly says expected over the life cycle. Not measured realised savings.",uefa_esg_2024,,2026-10-06,https://editorial.uefa.com/resources/0292-1c398b01c18b-b74c8334b99b-1000/uefa_euro_2024_esg_report.pdf,14,Investing in climate resilience
dekra_expost_2024__total_emissions,total_emissions,778968,tCO2e,2024,DEKRA full boundary including fan zones and accommodation,ex_post_estimate,reported,Source total retained; rounded category values do not all sum exactly.,dekra_expost_2024,2024-09-30,2026-10-06,https://www.uni-bielefeld.de/fakultaeten/sportwissenschaft/arbeitsbereiche/ab-iii/forschung/evaluationeuro2024/Ex-post_Klimastudie_UEFA-EURO-2024.pdf,21,Table 1 and Figure 11
dekra_expost_2024__restricted_boundary_emissions,restricted_boundary_emissions,463970.8,tCO2e,2024,DEKRA Table 19 excluding fan zones and accommodation,ex_post_estimate,reported,This boundary approximation is not equal to the UEFA inventory; reconciliation is unresolved.,dekra_expost_2024,2024-09-30,2026-10-06,https://www.uni-bielefeld.de/fakultaeten/sportwissenschaft/arbeitsbereiche/ab-iii/forschung/evaluationeuro2024/Ex-post_Klimastudie_UEFA-EURO-2024.pdf,43,Table 19
dekra_expost_2024__all_mobility_emissions,all_mobility_emissions,683975,tCO2e,2024,All mobility including fan zones and EURO GmbH,ex_post_estimate,reported,"Do not confuse with 445,169 main transport block, which excludes fan-zone mobility and EURO GmbH business travel.",dekra_expost_2024,2024-09-30,2026-10-06,https://www.uni-bielefeld.de/fakultaeten/sportwissenschaft/arbeitsbereiche/ab-iii/forschung/evaluationeuro2024/Ex-post_Klimastudie_UEFA-EURO-2024.pdf,23,Table 4 / section 3.2
dekra_expost_2024__baseline_exante_emissions,baseline_exante_emissions,490000,tCO2e,2024,Öko-Institut ex-ante boundary as reported by DEKRA,ex_ante_estimate,reported,Rounded; also verified directly in the original Öko-Institut report.,dekra_expost_2024,2024-09-30,2026-10-06,https://www.uni-bielefeld.de/fakultaeten/sportwissenschaft/arbeitsbereiche/ab-iii/forschung/evaluationeuro2024/Ex-post_Klimastudie_UEFA-EURO-2024.pdf,31,Table 12
dekra_expost_2024__minimum_fund_basis,minimum_fund_basis,280000,tCO2e,2024,Original UEFA fund basis,ex_ante_estimate,around,"Different boundary and planned reduction strategies, footnote 23.",dekra_expost_2024,2024-09-30,2026-10-06,https://www.uni-bielefeld.de/fakultaeten/sportwissenschaft/arbeitsbereiche/ab-iii/forschung/evaluationeuro2024/Ex-post_Klimastudie_UEFA-EURO-2024.pdf,44,Climate responsibility
dekra_expost_2024__hypothetical_restricted_fund,hypothetical_restricted_fund,11600000,EUR,2024,DEKRA restricted boundary at €25/tCO2e,source_hypothetical,rounded,"Source rounding, not actual UEFA commitment.",dekra_expost_2024,2024-09-30,2026-10-06,https://www.uni-bielefeld.de/fakultaeten/sportwissenschaft/arbeitsbereiche/ab-iii/forschung/evaluationeuro2024/Ex-post_Klimastudie_UEFA-EURO-2024.pdf,44,Climate responsibility
oeko_exante_2022__baseline_exante_emissions,baseline_exante_emissions,490000,tCO2e,2024,Öko-Institut full ex-ante event boundary,ex_ante_estimate,approximately,Prepared autumn 2021 to spring 2022; cover dated 6 July 2022.,oeko_exante_2022,2022-07-06,2026-10-06,https://www.oeko.de/fileadmin/oekodoc/Klimaneutrale_EURO2024.pdf,20,Figure 3-1
oeko_exante_2022__illustrative_budget_at_25,illustrative_budget_at_25,12000000,EUR,2024,Öko-Institut source illustrative price scenario,source_hypothetical,source_rounded,Source gives rounded figure at 25 EUR/tCO2e; do not silently replace with arithmetic product.,oeko_exante_2022,2022-07-06,2026-10-06,https://www.oeko.de/fileadmin/oekodoc/Klimaneutrale_EURO2024.pdf,59,Table 6-1
oeko_exante_2022__illustrative_budget_at_50,illustrative_budget_at_50,24000000,EUR,2024,Öko-Institut source illustrative price scenario,source_hypothetical,source_rounded,Source gives rounded figure at 50 EUR/tCO2e; do not silently replace with arithmetic product.,oeko_exante_2022,2022-07-06,2026-10-06,https://www.oeko.de/fileadmin/oekodoc/Klimaneutrale_EURO2024.pdf,59,Table 6-1
oeko_exante_2022__illustrative_budget_at_100,illustrative_budget_at_100,48000000,EUR,2024,Öko-Institut source illustrative price scenario,source_hypothetical,source_rounded,Source gives rounded figure at 100 EUR/tCO2e; do not silently replace with arithmetic product.,oeko_exante_2022,2022-07-06,2026-10-06,https://www.oeko.de/fileadmin/oekodoc/Klimaneutrale_EURO2024.pdf,59,Table 6-1
uefa_fund_2024_01_08__contribution_per_emitted_tonne,contribution_per_emitted_tonne,25,EUR/tCO2_emitted,2024,UEFA climate fund,policy_rule,reported,"€25 denominator is tournament emissions produced, not funded-project tonnes avoided. Initial fund is approximately €7m. Contribution wording: minimum 10% of requested grant capped at €5,000.",uefa_fund_2024_01_08,2024-01-08,2026-10-06,https://www.uefa.com/uefaeuro/history/news/0289-19e3ea06a38d-cd301f5c89ca-1000--euro-2024-climate-fund-apply-from-8-january-2024/,,Fund description and application terms
uefa_fund_2024_01_08__initial_fund,initial_fund,7000000,EUR,2024,UEFA climate fund,announced_budget,reported,"€25 denominator is tournament emissions produced, not funded-project tonnes avoided. Initial fund is approximately €7m. Contribution wording: minimum 10% of requested grant capped at €5,000.",uefa_fund_2024_01_08,2024-01-08,2026-10-06,https://www.uefa.com/uefaeuro/history/news/0289-19e3ea06a38d-cd301f5c89ca-1000--euro-2024-climate-fund-apply-from-8-january-2024/,,Fund description and application terms
uefa_fund_2024_01_08__max_grant,max_grant,250000,EUR,2024,UEFA climate fund,policy_rule,reported,"€25 denominator is tournament emissions produced, not funded-project tonnes avoided. Initial fund is approximately €7m. Contribution wording: minimum 10% of requested grant capped at €5,000.",uefa_fund_2024_01_08,2024-01-08,2026-10-06,https://www.uefa.com/uefaeuro/history/news/0289-19e3ea06a38d-cd301f5c89ca-1000--euro-2024-climate-fund-apply-from-8-january-2024/,,Fund description and application terms
uefa_fund_2024_01_08__club_contribution_rate,club_contribution_rate,10,percent,2024,UEFA climate fund,policy_rule,reported,"€25 denominator is tournament emissions produced, not funded-project tonnes avoided. Initial fund is approximately €7m. Contribution wording: minimum 10% of requested grant capped at €5,000.",uefa_fund_2024_01_08,2024-01-08,2026-10-06,https://www.uefa.com/uefaeuro/history/news/0289-19e3ea06a38d-cd301f5c89ca-1000--euro-2024-climate-fund-apply-from-8-january-2024/,,Fund description and application terms
uefa_fund_2024_01_08__club_contribution_cap,club_contribution_cap,5000,EUR,2024,UEFA climate fund,policy_rule,reported,"€25 denominator is tournament emissions produced, not funded-project tonnes avoided. Initial fund is approximately €7m. Contribution wording: minimum 10% of requested grant capped at €5,000.",uefa_fund_2024_01_08,2024-01-08,2026-10-06,https://www.uefa.com/uefaeuro/history/news/0289-19e3ea06a38d-cd301f5c89ca-1000--euro-2024-climate-fund-apply-from-8-january-2024/,,Fund description and application terms
uefa_fund_2024_01_08__simplified_application_threshold,simplified_application_threshold,25000,EUR,2024,UEFA climate fund,policy_rule,reported,"€25 denominator is tournament emissions produced, not funded-project tonnes avoided. Initial fund is approximately €7m. Contribution wording: minimum 10% of requested grant capped at €5,000.",uefa_fund_2024_01_08,2024-01-08,2026-10-06,https://www.uefa.com/uefaeuro/history/news/0289-19e3ea06a38d-cd301f5c89ca-1000--euro-2024-climate-fund-apply-from-8-january-2024/,,Fund description and application terms
uefa_fund_landing__contribution_per_emitted_tonne,contribution_per_emitted_tonne,25,EUR/tCO2_emitted,2024,UEFA climate fund,policy_rule,reported,"€25 denominator is tournament emissions produced, not funded-project tonnes avoided. Initial fund is approximately €7m. Contribution wording: minimum 10% of requested grant capped at €5,000.",uefa_fund_landing,,2026-10-06,https://www.uefa.com/sustainability/euro2024climatefund/,,Fund description and application terms
uefa_fund_landing__initial_fund,initial_fund,7000000,EUR,2024,UEFA climate fund,announced_budget,reported,"€25 denominator is tournament emissions produced, not funded-project tonnes avoided. Initial fund is approximately €7m. Contribution wording: minimum 10% of requested grant capped at €5,000.",uefa_fund_landing,,2026-10-06,https://www.uefa.com/sustainability/euro2024climatefund/,,Fund description and application terms
uefa_fund_landing__max_grant,max_grant,250000,EUR,2024,UEFA climate fund,policy_rule,reported,"€25 denominator is tournament emissions produced, not funded-project tonnes avoided. Initial fund is approximately €7m. Contribution wording: minimum 10% of requested grant capped at €5,000.",uefa_fund_landing,,2026-10-06,https://www.uefa.com/sustainability/euro2024climatefund/,,Fund description and application terms
uefa_fund_landing__club_contribution_rate,club_contribution_rate,10,percent,2024,UEFA climate fund,policy_rule,reported,"€25 denominator is tournament emissions produced, not funded-project tonnes avoided. Initial fund is approximately €7m. Contribution wording: minimum 10% of requested grant capped at €5,000.",uefa_fund_landing,,2026-10-06,https://www.uefa.com/sustainability/euro2024climatefund/,,Fund description and application terms
uefa_fund_landing__club_contribution_cap,club_contribution_cap,5000,EUR,2024,UEFA climate fund,policy_rule,reported,"€25 denominator is tournament emissions produced, not funded-project tonnes avoided. Initial fund is approximately €7m. Contribution wording: minimum 10% of requested grant capped at €5,000.",uefa_fund_landing,,2026-10-06,https://www.uefa.com/sustainability/euro2024climatefund/,,Fund description and application terms
uefa_fund_landing__simplified_application_threshold,simplified_application_threshold,25000,EUR,2024,UEFA climate fund,policy_rule,reported,"€25 denominator is tournament emissions produced, not funded-project tonnes avoided. Initial fund is approximately €7m. Contribution wording: minimum 10% of requested grant capped at €5,000.",uefa_fund_landing,,2026-10-06,https://www.uefa.com/sustainability/euro2024climatefund/,,Fund description and application terms
uefa_fund_2024_07_10__fund,fund,7000000,EUR,2024,UEFA climate fund July 2024 version,announced_allocation,reported,"Club funding stated over €4.9m; total just over €7m. Savings are rough lifecycle expectations, not realised outcomes. 80+81+30=191 round counts differs from reported total 190.",uefa_fund_2024_07_10,2024-07-10,2026-10-06,https://www.uefa.com/uefaeuro/history/news/028f-1b5529ae25f5-497d9376828d-1000--uefa-euro-2024-climate-fund-invests-7m-in-german-clubs-and-r/,,"Article body; Over 5,000 applications"
uefa_fund_2024_07_10__clubs,clubs,190,clubs,2024,UEFA climate fund July 2024 version,administrative_report,reported,"Club funding stated over €4.9m; total just over €7m. Savings are rough lifecycle expectations, not realised outcomes. 80+81+30=191 round counts differs from reported total 190.",uefa_fund_2024_07_10,2024-07-10,2026-10-06,https://www.uefa.com/uefaeuro/history/news/028f-1b5529ae25f5-497d9376828d-1000--uefa-euro-2024-climate-fund-invests-7m-in-german-clubs-and-r/,,"Article body; Over 5,000 applications"
uefa_fund_2024_07_10__regional_associations,regional_associations,21,associations,2024,UEFA climate fund July 2024 version,administrative_report,reported,"Club funding stated over €4.9m; total just over €7m. Savings are rough lifecycle expectations, not realised outcomes. 80+81+30=191 round counts differs from reported total 190.",uefa_fund_2024_07_10,2024-07-10,2026-10-06,https://www.uefa.com/uefaeuro/history/news/028f-1b5529ae25f5-497d9376828d-1000--uefa-euro-2024-climate-fund-invests-7m-in-german-clubs-and-r/,,"Article body; Over 5,000 applications"
uefa_fund_2024_07_10__club_funding,club_funding,4900000,EUR,2024,UEFA climate fund July 2024 version,reported_rounded,reported,"Club funding stated over €4.9m; total just over €7m. Savings are rough lifecycle expectations, not realised outcomes. 80+81+30=191 round counts differs from reported total 190.",uefa_fund_2024_07_10,2024-07-10,2026-10-06,https://www.uefa.com/uefaeuro/history/news/028f-1b5529ae25f5-497d9376828d-1000--uefa-euro-2024-climate-fund-invests-7m-in-german-clubs-and-r/,,"Article body; Over 5,000 applications"
uefa_fund_2024_07_10__regional_allocation_each,regional_allocation_each,100000,EUR,2024,UEFA climate fund July 2024 version,reported_allocation,reported,"Club funding stated over €4.9m; total just over €7m. Savings are rough lifecycle expectations, not realised outcomes. 80+81+30=191 round counts differs from reported total 190.",uefa_fund_2024_07_10,2024-07-10,2026-10-06,https://www.uefa.com/uefaeuro/history/news/028f-1b5529ae25f5-497d9376828d-1000--uefa-euro-2024-climate-fund-invests-7m-in-german-clubs-and-r/,,"Article body; Over 5,000 applications"
uefa_fund_2024_07_10__third_round,third_round,698000,EUR,2024,UEFA climate fund July 2024 version,reported_allocation,reported,"Club funding stated over €4.9m; total just over €7m. Savings are rough lifecycle expectations, not realised outcomes. 80+81+30=191 round counts differs from reported total 190.",uefa_fund_2024_07_10,2024-07-10,2026-10-06,https://www.uefa.com/uefaeuro/history/news/028f-1b5529ae25f5-497d9376828d-1000--uefa-euro-2024-climate-fund-invests-7m-in-german-clubs-and-r/,,"Article body; Over 5,000 applications"
uefa_fund_2024_07_10__third_round_clubs,third_round_clubs,30,clubs,2024,UEFA climate fund July 2024 version,administrative_report,reported,"Club funding stated over €4.9m; total just over €7m. Savings are rough lifecycle expectations, not realised outcomes. 80+81+30=191 round counts differs from reported total 190.",uefa_fund_2024_07_10,2024-07-10,2026-10-06,https://www.uefa.com/uefaeuro/history/news/028f-1b5529ae25f5-497d9376828d-1000--uefa-euro-2024-climate-fund-invests-7m-in-german-clubs-and-r/,,"Article body; Over 5,000 applications"
uefa_fund_2024_07_10__applications,applications,5586,clubs,2024,UEFA climate fund July 2024 version,administrative_report,reported,"Club funding stated over €4.9m; total just over €7m. Savings are rough lifecycle expectations, not realised outcomes. 80+81+30=191 round counts differs from reported total 190.",uefa_fund_2024_07_10,2024-07-10,2026-10-06,https://www.uefa.com/uefaeuro/history/news/028f-1b5529ae25f5-497d9376828d-1000--uefa-euro-2024-climate-fund-invests-7m-in-german-clubs-and-r/,,"Article body; Over 5,000 applications"
uefa_fund_2024_07_10__expected_lifetime_savings,expected_lifetime_savings,60000,tonnes_carbon_emissions,2024,UEFA climate fund July 2024 version,expected_lifetime_estimate,reported,"Club funding stated over €4.9m; total just over €7m. Savings are rough lifecycle expectations, not realised outcomes. 80+81+30=191 round counts differs from reported total 190.",uefa_fund_2024_07_10,2024-07-10,2026-10-06,https://www.uefa.com/uefaeuro/history/news/028f-1b5529ae25f5-497d9376828d-1000--uefa-euro-2024-climate-fund-invests-7m-in-german-clubs-and-r/,,"Article body; Over 5,000 applications"
uefa_fund_2025_01_20__initial_fund,initial_fund,7000000,EUR,2024,UEFA final-round fund version,announced_budget,reported,Original emissions basis explicitly a minimum. Article posted 2025-01-20 and last updated 2025-02-18.,uefa_fund_2025_01_20,2025-01-20,2026-10-06,https://www.uefa.com/news-media/news/0295-1cdba7659d4f-2fded51eaef4-1000--final-round-of-euro-2024-climate-fund-takes-overall-invest/,,Opening paragraphs; More than 200 clubs
uefa_fund_2025_01_20__minimum_exante_emissions,minimum_exante_emissions,280000,tCO2e,2024,UEFA final-round fund version,ex_ante_estimate,reported,Original emissions basis explicitly a minimum. Article posted 2025-01-20 and last updated 2025-02-18.,uefa_fund_2025_01_20,2025-01-20,2026-10-06,https://www.uefa.com/news-media/news/0295-1cdba7659d4f-2fded51eaef4-1000--final-round-of-euro-2024-climate-fund-takes-overall-invest/,,Opening paragraphs; More than 200 clubs
uefa_fund_2025_01_20__final_emissions,final_emissions,316912,tCO2e,2024,UEFA final-round fund version,ex_post_estimate,reported,Original emissions basis explicitly a minimum. Article posted 2025-01-20 and last updated 2025-02-18.,uefa_fund_2025_01_20,2025-01-20,2026-10-06,https://www.uefa.com/news-media/news/0295-1cdba7659d4f-2fded51eaef4-1000--final-round-of-euro-2024-climate-fund-takes-overall-invest/,,Opening paragraphs; More than 200 clubs
uefa_fund_2025_01_20__top_up,top_up,925000,EUR,2024,UEFA final-round fund version,reported_allocation,reported,Original emissions basis explicitly a minimum. Article posted 2025-01-20 and last updated 2025-02-18.,uefa_fund_2025_01_20,2025-01-20,2026-10-06,https://www.uefa.com/news-media/news/0295-1cdba7659d4f-2fded51eaef4-1000--final-round-of-euro-2024-climate-fund-takes-overall-invest/,,Opening paragraphs; More than 200 clubs
uefa_fund_2025_01_20__final_fund,final_fund,7925000,EUR,2024,UEFA final-round fund version,reported_allocation,reported,Original emissions basis explicitly a minimum. Article posted 2025-01-20 and last updated 2025-02-18.,uefa_fund_2025_01_20,2025-01-20,2026-10-06,https://www.uefa.com/news-media/news/0295-1cdba7659d4f-2fded51eaef4-1000--final-round-of-euro-2024-climate-fund-takes-overall-invest/,,Opening paragraphs; More than 200 clubs
uefa_fund_2025_01_20__additional_clubs,additional_clubs,35,clubs,2024,UEFA final-round fund version,administrative_report,reported,Original emissions basis explicitly a minimum. Article posted 2025-01-20 and last updated 2025-02-18.,uefa_fund_2025_01_20,2025-01-20,2026-10-06,https://www.uefa.com/news-media/news/0295-1cdba7659d4f-2fded51eaef4-1000--final-round-of-euro-2024-climate-fund-takes-overall-invest/,,Opening paragraphs; More than 200 clubs
uefa_fund_2025_01_20__total_clubs,total_clubs,225,clubs,2024,UEFA final-round fund version,administrative_report,reported,Original emissions basis explicitly a minimum. Article posted 2025-01-20 and last updated 2025-02-18.,uefa_fund_2025_01_20,2025-01-20,2026-10-06,https://www.uefa.com/news-media/news/0295-1cdba7659d4f-2fded51eaef4-1000--final-round-of-euro-2024-climate-fund-takes-overall-invest/,,Opening paragraphs; More than 200 clubs
uefa_fund_2025_01_20__energy_projects,energy_projects,184,projects,2024,UEFA final-round fund version,administrative_report,reported,Original emissions basis explicitly a minimum. Article posted 2025-01-20 and last updated 2025-02-18.,uefa_fund_2025_01_20,2025-01-20,2026-10-06,https://www.uefa.com/news-media/news/0295-1cdba7659d4f-2fded51eaef4-1000--final-round-of-euro-2024-climate-fund-takes-overall-invest/,,Opening paragraphs; More than 200 clubs
uefa_fund_2025_01_20__water_projects,water_projects,20,projects,2024,UEFA final-round fund version,administrative_report,reported,Original emissions basis explicitly a minimum. Article posted 2025-01-20 and last updated 2025-02-18.,uefa_fund_2025_01_20,2025-01-20,2026-10-06,https://www.uefa.com/news-media/news/0295-1cdba7659d4f-2fded51eaef4-1000--final-round-of-euro-2024-climate-fund-takes-overall-invest/,,Opening paragraphs; More than 200 clubs
uefa_fund_2025_01_20__waste_projects,waste_projects,9,projects,2024,UEFA final-round fund version,administrative_report,reported,Original emissions basis explicitly a minimum. Article posted 2025-01-20 and last updated 2025-02-18.,uefa_fund_2025_01_20,2025-01-20,2026-10-06,https://www.uefa.com/news-media/news/0295-1cdba7659d4f-2fded51eaef4-1000--final-round-of-euro-2024-climate-fund-takes-overall-invest/,,Opening paragraphs; More than 200 clubs
uefa_fund_2025_01_20__mobility_projects,mobility_projects,12,projects,2024,UEFA final-round fund version,administrative_report,reported,Original emissions basis explicitly a minimum. Article posted 2025-01-20 and last updated 2025-02-18.,uefa_fund_2025_01_20,2025-01-20,2026-10-06,https://www.uefa.com/news-media/news/0295-1cdba7659d4f-2fded51eaef4-1000--final-round-of-euro-2024-climate-fund-takes-overall-invest/,,Opening paragraphs; More than 200 clubs
uefa_fund_2025_07_14__final_budget,final_budget,7925000,EUR,2024,UEFA closure version,reported_budget,reported,"Status as of 1 June 2025, published 14 July 2025. Allocations sum to €7.925m while total invested is separately reported as €7,923,013. Final reports still pending within agreed deadlines.",uefa_fund_2025_07_14,2025-07-14,2026-10-06,https://www.uefa.com/uefaeuro/history/news/029a-1dfb6934f1ca-c55889085d90-1000--uefa-euro-2024-climate-fund-project-successfully-concludes-w/,,Reporting and transparency; Financial overview
uefa_fund_2025_07_14__final_invested_exact,final_invested_exact,7923013,EUR,2024,UEFA closure version,reported_disbursement,reported,"Status as of 1 June 2025, published 14 July 2025. Allocations sum to €7.925m while total invested is separately reported as €7,923,013. Final reports still pending within agreed deadlines.",uefa_fund_2025_07_14,2025-07-14,2026-10-06,https://www.uefa.com/uefaeuro/history/news/029a-1dfb6934f1ca-c55889085d90-1000--uefa-euro-2024-climate-fund-project-successfully-concludes-w/,,Reporting and transparency; Financial overview
uefa_fund_2025_07_14__club_allocation,club_allocation,5825000,EUR,2024,UEFA closure version,reported_allocation,reported,"Status as of 1 June 2025, published 14 July 2025. Allocations sum to €7.925m while total invested is separately reported as €7,923,013. Final reports still pending within agreed deadlines.",uefa_fund_2025_07_14,2025-07-14,2026-10-06,https://www.uefa.com/uefaeuro/history/news/029a-1dfb6934f1ca-c55889085d90-1000--uefa-euro-2024-climate-fund-project-successfully-concludes-w/,,Reporting and transparency; Financial overview
uefa_fund_2025_07_14__regional_allocation,regional_allocation,2100000,EUR,2024,UEFA closure version,reported_allocation,reported,"Status as of 1 June 2025, published 14 July 2025. Allocations sum to €7.925m while total invested is separately reported as €7,923,013. Final reports still pending within agreed deadlines.",uefa_fund_2025_07_14,2025-07-14,2026-10-06,https://www.uefa.com/uefaeuro/history/news/029a-1dfb6934f1ca-c55889085d90-1000--uefa-euro-2024-climate-fund-project-successfully-concludes-w/,,Reporting and transparency; Financial overview
uefa_fund_2025_07_14__appointed_clubs,appointed_clubs,225,clubs,2024,UEFA closure version,administrative_report,reported,"Status as of 1 June 2025, published 14 July 2025. Allocations sum to €7.925m while total invested is separately reported as €7,923,013. Final reports still pending within agreed deadlines.",uefa_fund_2025_07_14,2025-07-14,2026-10-06,https://www.uefa.com/uefaeuro/history/news/029a-1dfb6934f1ca-c55889085d90-1000--uefa-euro-2024-climate-fund-project-successfully-concludes-w/,,Reporting and transparency; Financial overview
uefa_fund_2025_07_14__club_reports_verified,club_reports_verified,211,clubs,2024,UEFA closure version,administrative_report,reported,"Status as of 1 June 2025, published 14 July 2025. Allocations sum to €7.925m while total invested is separately reported as €7,923,013. Final reports still pending within agreed deadlines.",uefa_fund_2025_07_14,2025-07-14,2026-10-06,https://www.uefa.com/uefaeuro/history/news/029a-1dfb6934f1ca-c55889085d90-1000--uefa-euro-2024-climate-fund-project-successfully-concludes-w/,,Reporting and transparency; Financial overview
uefa_fund_2025_07_14__club_reports_pending,club_reports_pending,14,clubs,2024,UEFA closure version,administrative_report,reported,"Status as of 1 June 2025, published 14 July 2025. Allocations sum to €7.925m while total invested is separately reported as €7,923,013. Final reports still pending within agreed deadlines.",uefa_fund_2025_07_14,2025-07-14,2026-10-06,https://www.uefa.com/uefaeuro/history/news/029a-1dfb6934f1ca-c55889085d90-1000--uefa-euro-2024-climate-fund-project-successfully-concludes-w/,,Reporting and transparency; Financial overview
uefa_fund_2025_07_14__regional_associations,regional_associations,21,associations,2024,UEFA closure version,administrative_report,reported,"Status as of 1 June 2025, published 14 July 2025. Allocations sum to €7.925m while total invested is separately reported as €7,923,013. Final reports still pending within agreed deadlines.",uefa_fund_2025_07_14,2025-07-14,2026-10-06,https://www.uefa.com/uefaeuro/history/news/029a-1dfb6934f1ca-c55889085d90-1000--uefa-euro-2024-climate-fund-project-successfully-concludes-w/,,Reporting and transparency; Financial overview
uefa_fund_2025_07_14__regional_reports_received,regional_reports_received,13,associations,2024,UEFA closure version,administrative_report,reported,"Status as of 1 June 2025, published 14 July 2025. Allocations sum to €7.925m while total invested is separately reported as €7,923,013. Final reports still pending within agreed deadlines.",uefa_fund_2025_07_14,2025-07-14,2026-10-06,https://www.uefa.com/uefaeuro/history/news/029a-1dfb6934f1ca-c55889085d90-1000--uefa-euro-2024-climate-fund-project-successfully-concludes-w/,,Reporting and transparency; Financial overview
uefa_fund_2025_07_14__regional_reports_pending,regional_reports_pending,8,associations,2024,UEFA closure version,administrative_report,reported,"Status as of 1 June 2025, published 14 July 2025. Allocations sum to €7.925m while total invested is separately reported as €7,923,013. Final reports still pending within agreed deadlines.",uefa_fund_2025_07_14,2025-07-14,2026-10-06,https://www.uefa.com/uefaeuro/history/news/029a-1dfb6934f1ca-c55889085d90-1000--uefa-euro-2024-climate-fund-project-successfully-concludes-w/,,Reporting and transparency; Financial overview
uefa_fund_2025_07_14__required_contracts_signed,required_contracts_signed,66,contracts,2024,UEFA closure version,administrative_report,reported,"Status as of 1 June 2025, published 14 July 2025. Allocations sum to €7.925m while total invested is separately reported as €7,923,013. Final reports still pending within agreed deadlines.",uefa_fund_2025_07_14,2025-07-14,2026-10-06,https://www.uefa.com/uefaeuro/history/news/029a-1dfb6934f1ca-c55889085d90-1000--uefa-euro-2024-climate-fund-project-successfully-concludes-w/,,Reporting and transparency; Financial overview
