rule_id,reported_value,notes,source_id,source_date,retrieved_date_utc,source_url,source_pdf_page,source_locator
application_open,2024-01-08,Date,uefa_fund_2024_01_08,2024-01-08,2026-10-06,https://www.uefa.com/uefaeuro/history/news/0289-19e3ea06a38d-cd301f5c89ca-1000--euro-2024-climate-fund-apply-from-8-january-2024/,,Article opening
application_close,2024-06-30,Date,uefa_fund_2024_01_08,2024-01-08,2026-10-06,https://www.uefa.com/uefaeuro/history/news/0289-19e3ea06a38d-cd301f5c89ca-1000--euro-2024-climate-fund-apply-from-8-january-2024/,,Article opening
tournament_start,2024-06-14,Date,dekra_expost_2024,2024-09-30,2026-10-06,https://www.uni-bielefeld.de/fakultaeten/sportwissenschaft/arbeitsbereiche/ab-iii/forschung/evaluationeuro2024/Ex-post_Klimastudie_UEFA-EURO-2024.pdf,,Cover
tournament_end,2024-07-14,Date,dekra_expost_2024,2024-09-30,2026-10-06,https://www.uni-bielefeld.de/fakultaeten/sportwissenschaft/arbeitsbereiche/ab-iii/forschung/evaluationeuro2024/Ex-post_Klimastudie_UEFA-EURO-2024.pdf,,Cover
dekra_submission_cutoff,2024-09-13,Data submitted after this cutoff excluded.,dekra_expost_2024,2024-09-30,2026-10-06,https://www.uni-bielefeld.de/fakultaeten/sportwissenschaft/arbeitsbereiche/ab-iii/forschung/evaluationeuro2024/Ex-post_Klimastudie_UEFA-EURO-2024.pdf,,p11 section 2.3
dekra_inventory_window,mid-May to mid-August 2024,Organisation/preparation and materials use other periods.,dekra_expost_2024,2024-09-30,2026-10-06,https://www.uni-bielefeld.de/fakultaeten/sportwissenschaft/arbeitsbereiche/ab-iii/forschung/evaluationeuro2024/Ex-post_Klimastudie_UEFA-EURO-2024.pdf,,p12 section 2.4
final_topup_announcement,2025-01-20,Current page last updated 2025-02-18.,uefa_fund_2025_01_20,2025-01-20,2026-10-06,https://www.uefa.com/news-media/news/0295-1cdba7659d4f-2fded51eaef4-1000--final-round-of-euro-2024-climate-fund-takes-overall-invest/,,Article dateline
closure_status_asof,2025-06-01,Not all beneficiary reports were complete.,uefa_fund_2025_07_14,2025-07-14,2026-10-06,https://www.uefa.com/uefaeuro/history/news/029a-1dfb6934f1ca-c55889085d90-1000--uefa-euro-2024-climate-fund-project-successfully-concludes-w/,,Opening paragraph
closure_article_date,2025-07-14,English version.,uefa_fund_2025_07_14,2025-07-14,2026-10-06,https://www.uefa.com/uefaeuro/history/news/029a-1dfb6934f1ca-c55889085d90-1000--uefa-euro-2024-climate-fund-project-successfully-concludes-w/,,Article dateline
contribution_denominator,tonnes of emissions produced in connection with EURO 2024,Not avoided tonnes; not a carbon-credit price.,uefa_fund_2024_01_08,2024-01-08,2026-10-06,https://www.uefa.com/uefaeuro/history/news/0289-19e3ea06a38d-cd301f5c89ca-1000--euro-2024-climate-fund-apply-from-8-january-2024/,,Fund description
cofinance_early_wording,"minimum 10% of requested grant, capped at EUR 5,000",Preserved wording; later source describes 10% of total costs.,uefa_fund_2024_01_08,2024-01-08,2026-10-06,https://www.uefa.com/uefaeuro/history/news/0289-19e3ea06a38d-cd301f5c89ca-1000--euro-2024-climate-fund-apply-from-8-january-2024/,,Application terms
cofinance_later_wording,"10% of total costs, capped at EUR 5,000",Do not force a single denominator across source versions.,uefa_fund_2024_07_10,2024-07-10,2026-10-06,https://www.uefa.com/uefaeuro/history/news/028f-1b5529ae25f5-497d9376828d-1000--uefa-euro-2024-climate-fund-invests-7m-in-german-clubs-and-r/,,"Over 5,000 applications"
lifecycle_savings_period,"average project lifecycles, years not enumerated","No annual series, discount schedule or verified realised abatement is supplied.",uefa_fund_2024_07_10,2024-07-10,2026-10-06,https://www.uefa.com/uefaeuro/history/news/028f-1b5529ae25f5-497d9376828d-1000--uefa-euro-2024-climate-fund-invests-7m-in-german-clubs-and-r/,,Savings paragraph
dekra_emissions_data_kind,"inventory estimates, not exact measurements","Factors, extrapolation, incomplete data and survey uncertainty.",dekra_expost_2024,2024-09-30,2026-10-06,https://www.uni-bielefeld.de/fakultaeten/sportwissenschaft/arbeitsbereiche/ab-iii/forschung/evaluationeuro2024/Ex-post_Klimastudie_UEFA-EURO-2024.pdf,,pp45–46
fan_zone_missingness,three fan zones largely extrapolated; some other gaps,No uncertainty distribution or raw city microdata is published.,dekra_expost_2024,2024-09-30,2026-10-06,https://www.uni-bielefeld.de/fakultaeten/sportwissenschaft/arbeitsbereiche/ab-iii/forschung/evaluationeuro2024/Ex-post_Klimastudie_UEFA-EURO-2024.pdf,,"pp12,18,46"
survey_sample_ticket_holders,13387,Expanded to 1.7m stadium visitors; assumed 56% domestic and 44% international.,dekra_expost_2024,2024-09-30,2026-10-06,https://www.uni-bielefeld.de/fakultaeten/sportwissenschaft/arbeitsbereiche/ab-iii/forschung/evaluationeuro2024/Ex-post_Klimastudie_UEFA-EURO-2024.pdf,,p14 section 2.4.1
survey_sample_fan_zone_visitors,2728,Expanded to 6.139m visitors.,dekra_expost_2024,2024-09-30,2026-10-06,https://www.uni-bielefeld.de/fakultaeten/sportwissenschaft/arbeitsbereiche/ab-iii/forschung/evaluationeuro2024/Ex-post_Klimastudie_UEFA-EURO-2024.pdf,,p18 section 2.4.8
factors_uefa,2022 DEFRA emission factors,Version as stated; not substituted with 2024 factors.,uefa_esg_2024,,2026-10-06,https://editorial.uefa.com/resources/0292-1c398b01c18b-b74c8334b99b-1000/uefa_euro_2024_esg_report.pdf,,pp11–12
factors_dekra,UBA and DEFRA 2024 transport factors plus multiple other databases,All factors include upstream emissions; exact complete factor-to-activity mapping is not disclosed.,dekra_expost_2024,2024-09-30,2026-10-06,https://www.uni-bielefeld.de/fakultaeten/sportwissenschaft/arbeitsbereiche/ab-iii/forschung/evaluationeuro2024/Ex-post_Klimastudie_UEFA-EURO-2024.pdf,,"pp19–20,48–50"
uefa_verification_status,assessment is being independently verified,"Statement is ongoing verification, not evidence of a completed assurance certificate in this source.",uefa_esg_2024,,2026-10-06,https://editorial.uefa.com/resources/0292-1c398b01c18b-b74c8334b99b-1000/uefa_euro_2024_esg_report.pdf,,p11
offsetting_status,climate responsibility funding rather than traditional credits,Expected project savings cannot be subtracted from event footprint as verified offsets.,uefa_esg_2024,,2026-10-06,https://editorial.uefa.com/resources/0292-1c398b01c18b-b74c8334b99b-1000/uefa_euro_2024_esg_report.pdf,,p14
additionality_warning,baseline and actual savings difficult to establish; formal additionality not fulfilled,"Source conceptual warning, not a project-level evaluation.",oeko_exante_2022,2022-07-06,2026-10-06,https://www.oeko.de/fileadmin/oekodoc/Klimaneutrale_EURO2024.pdf,,p58
