activity_id,population,travel_scope,mode,source_mode_label,reported_activity_million_pkm,activity_pkm,reported_share_percent,source_unit,unit,event_year,row_type,observation_status,absolute_emission_factor,absolute_factor_status,notes,source_id,source_date,retrieved_date_utc,source_url,source_pdf_page,source_locator
DK_T13_air_long,ticket_holders,international,air_long,Flugzeug (Langstrecke),411.14,411140000,21.34,million passenger-km,passenger-km,2024,component,ex_post_activity_estimate,,not_disclosed_in_tables_13_18,,dekra_expost_2024,2024-09-30,2026-10-06,https://www.uni-bielefeld.de/fakultaeten/sportwissenschaft/arbeitsbereiche/ab-iii/forschung/evaluationeuro2024/Ex-post_Klimastudie_UEFA-EURO-2024.pdf,35,Table 13
DK_T13_air_medium,ticket_holders,international,air_medium,Flugzeug (Mittelstrecke),192.55,192550000,9.99,million passenger-km,passenger-km,2024,component,ex_post_activity_estimate,,not_disclosed_in_tables_13_18,,dekra_expost_2024,2024-09-30,2026-10-06,https://www.uni-bielefeld.de/fakultaeten/sportwissenschaft/arbeitsbereiche/ab-iii/forschung/evaluationeuro2024/Ex-post_Klimastudie_UEFA-EURO-2024.pdf,35,Table 13
DK_T13_air_short,ticket_holders,international,air_short,Flugzeug (Kurzstrecke),485.42,485420000,25.19,million passenger-km,passenger-km,2024,component,ex_post_activity_estimate,,not_disclosed_in_tables_13_18,,dekra_expost_2024,2024-09-30,2026-10-06,https://www.uni-bielefeld.de/fakultaeten/sportwissenschaft/arbeitsbereiche/ab-iii/forschung/evaluationeuro2024/Ex-post_Klimastudie_UEFA-EURO-2024.pdf,35,Table 13
DK_T13_rail_long,ticket_holders,international,rail_long,Bahn (Fernverkehr),416.91,416910000,21.64,million passenger-km,passenger-km,2024,component,ex_post_activity_estimate,,not_disclosed_in_tables_13_18,,dekra_expost_2024,2024-09-30,2026-10-06,https://www.uni-bielefeld.de/fakultaeten/sportwissenschaft/arbeitsbereiche/ab-iii/forschung/evaluationeuro2024/Ex-post_Klimastudie_UEFA-EURO-2024.pdf,35,Table 13
DK_T13_coach,ticket_holders,international,coach,Reisebus,31.48,31480000,1.63,million passenger-km,passenger-km,2024,component,ex_post_activity_estimate,,not_disclosed_in_tables_13_18,,dekra_expost_2024,2024-09-30,2026-10-06,https://www.uni-bielefeld.de/fakultaeten/sportwissenschaft/arbeitsbereiche/ab-iii/forschung/evaluationeuro2024/Ex-post_Klimastudie_UEFA-EURO-2024.pdf,35,Table 13
DK_T13_car,ticket_holders,international,car,Pkw,389.46,389460000,20.21,million passenger-km,passenger-km,2024,component,ex_post_activity_estimate,,not_disclosed_in_tables_13_18,,dekra_expost_2024,2024-09-30,2026-10-06,https://www.uni-bielefeld.de/fakultaeten/sportwissenschaft/arbeitsbereiche/ab-iii/forschung/evaluationeuro2024/Ex-post_Klimastudie_UEFA-EURO-2024.pdf,35,Table 13
DK_T13_total,ticket_holders,international,total,Gesamt,1926.96,1926960000,100.0,million passenger-km,passenger-km,2024,total,ex_post_activity_estimate,,not_disclosed_in_tables_13_18,,dekra_expost_2024,2024-09-30,2026-10-06,https://www.uni-bielefeld.de/fakultaeten/sportwissenschaft/arbeitsbereiche/ab-iii/forschung/evaluationeuro2024/Ex-post_Klimastudie_UEFA-EURO-2024.pdf,35,Table 13
DK_T14_air_short,ticket_holders,national,air_short,Flugzeug (Kurzstrecke),30.18,30180000,4.71,million passenger-km,passenger-km,2024,component,ex_post_activity_estimate,,not_disclosed_in_tables_13_18,,dekra_expost_2024,2024-09-30,2026-10-06,https://www.uni-bielefeld.de/fakultaeten/sportwissenschaft/arbeitsbereiche/ab-iii/forschung/evaluationeuro2024/Ex-post_Klimastudie_UEFA-EURO-2024.pdf,36,Table 14
DK_T14_rail_long,ticket_holders,national,rail_long,Bahn (Fernverkehr),183.34,183340000,28.63,million passenger-km,passenger-km,2024,component,ex_post_activity_estimate,,not_disclosed_in_tables_13_18,,dekra_expost_2024,2024-09-30,2026-10-06,https://www.uni-bielefeld.de/fakultaeten/sportwissenschaft/arbeitsbereiche/ab-iii/forschung/evaluationeuro2024/Ex-post_Klimastudie_UEFA-EURO-2024.pdf,36,Table 14
DK_T14_coach,ticket_holders,national,coach,Reisebus,4.14,4140000,0.65,million passenger-km,passenger-km,2024,component,ex_post_activity_estimate,,not_disclosed_in_tables_13_18,,dekra_expost_2024,2024-09-30,2026-10-06,https://www.uni-bielefeld.de/fakultaeten/sportwissenschaft/arbeitsbereiche/ab-iii/forschung/evaluationeuro2024/Ex-post_Klimastudie_UEFA-EURO-2024.pdf,36,Table 14
DK_T14_car,ticket_holders,national,car,Pkw,175.59,175590000,27.42,million passenger-km,passenger-km,2024,component,ex_post_activity_estimate,,not_disclosed_in_tables_13_18,,dekra_expost_2024,2024-09-30,2026-10-06,https://www.uni-bielefeld.de/fakultaeten/sportwissenschaft/arbeitsbereiche/ab-iii/forschung/evaluationeuro2024/Ex-post_Klimastudie_UEFA-EURO-2024.pdf,36,Table 14
DK_T14_rail_local,ticket_holders,national,rail_local,Bahn (Nahverkehr),162.36,162360000,25.36,million passenger-km,passenger-km,2024,component,ex_post_activity_estimate,,not_disclosed_in_tables_13_18,,dekra_expost_2024,2024-09-30,2026-10-06,https://www.uni-bielefeld.de/fakultaeten/sportwissenschaft/arbeitsbereiche/ab-iii/forschung/evaluationeuro2024/Ex-post_Klimastudie_UEFA-EURO-2024.pdf,36,Table 14
DK_T14_bus_local,ticket_holders,national,bus_local,Linienbus (Nahverkehr),16.87,16870000,2.63,million passenger-km,passenger-km,2024,component,ex_post_activity_estimate,,not_disclosed_in_tables_13_18,,dekra_expost_2024,2024-09-30,2026-10-06,https://www.uni-bielefeld.de/fakultaeten/sportwissenschaft/arbeitsbereiche/ab-iii/forschung/evaluationeuro2024/Ex-post_Klimastudie_UEFA-EURO-2024.pdf,36,Table 14
DK_T14_tram_metro,ticket_holders,national,tram_metro,"Straßen-, Stadt- und U-Bahn",64.49,64490000,10.07,million passenger-km,passenger-km,2024,component,ex_post_activity_estimate,,not_disclosed_in_tables_13_18,,dekra_expost_2024,2024-09-30,2026-10-06,https://www.uni-bielefeld.de/fakultaeten/sportwissenschaft/arbeitsbereiche/ab-iii/forschung/evaluationeuro2024/Ex-post_Klimastudie_UEFA-EURO-2024.pdf,36,Table 14
DK_T14_ebike_scooter,ticket_holders,national,ebike_scooter,E-Bike/E-Scooter,0.09,90000,0.01,million passenger-km,passenger-km,2024,component,ex_post_activity_estimate,,not_disclosed_in_tables_13_18,,dekra_expost_2024,2024-09-30,2026-10-06,https://www.uni-bielefeld.de/fakultaeten/sportwissenschaft/arbeitsbereiche/ab-iii/forschung/evaluationeuro2024/Ex-post_Klimastudie_UEFA-EURO-2024.pdf,36,Table 14
DK_T14_cycle_walk,ticket_holders,national,cycle_walk,Fahrrad/Fuß,3.24,3240000,0.51,million passenger-km,passenger-km,2024,component,ex_post_activity_estimate,,not_disclosed_in_tables_13_18,,dekra_expost_2024,2024-09-30,2026-10-06,https://www.uni-bielefeld.de/fakultaeten/sportwissenschaft/arbeitsbereiche/ab-iii/forschung/evaluationeuro2024/Ex-post_Klimastudie_UEFA-EURO-2024.pdf,36,Table 14
DK_T14_total,ticket_holders,national,total,Gesamt,640.31,640310000,100.0,million passenger-km,passenger-km,2024,total,ex_post_activity_estimate,,not_disclosed_in_tables_13_18,,dekra_expost_2024,2024-09-30,2026-10-06,https://www.uni-bielefeld.de/fakultaeten/sportwissenschaft/arbeitsbereiche/ab-iii/forschung/evaluationeuro2024/Ex-post_Klimastudie_UEFA-EURO-2024.pdf,36,Table 14
DK_T15_air_long,fan_zone_visitors,international,air_long,Flugzeug (Langstrecke),668.83,668830000,68.48,million passenger-km,passenger-km,2024,component,ex_post_activity_estimate,,not_disclosed_in_tables_13_18,,dekra_expost_2024,2024-09-30,2026-10-06,https://www.uni-bielefeld.de/fakultaeten/sportwissenschaft/arbeitsbereiche/ab-iii/forschung/evaluationeuro2024/Ex-post_Klimastudie_UEFA-EURO-2024.pdf,36,Table 15
DK_T15_air_medium,fan_zone_visitors,international,air_medium,Flugzeug (Mittelstrecke),86.64,86640000,8.87,million passenger-km,passenger-km,2024,component,ex_post_activity_estimate,,not_disclosed_in_tables_13_18,,dekra_expost_2024,2024-09-30,2026-10-06,https://www.uni-bielefeld.de/fakultaeten/sportwissenschaft/arbeitsbereiche/ab-iii/forschung/evaluationeuro2024/Ex-post_Klimastudie_UEFA-EURO-2024.pdf,36,Table 15
DK_T15_air_short,fan_zone_visitors,international,air_short,Flugzeug (Kurzstrecke),121.72,121720000,12.46,million passenger-km,passenger-km,2024,component,ex_post_activity_estimate,,not_disclosed_in_tables_13_18,,dekra_expost_2024,2024-09-30,2026-10-06,https://www.uni-bielefeld.de/fakultaeten/sportwissenschaft/arbeitsbereiche/ab-iii/forschung/evaluationeuro2024/Ex-post_Klimastudie_UEFA-EURO-2024.pdf,36,Table 15
DK_T15_rail_long,fan_zone_visitors,international,rail_long,Bahn (Fernverkehr),35.46,35460000,3.63,million passenger-km,passenger-km,2024,component,ex_post_activity_estimate,,not_disclosed_in_tables_13_18,,dekra_expost_2024,2024-09-30,2026-10-06,https://www.uni-bielefeld.de/fakultaeten/sportwissenschaft/arbeitsbereiche/ab-iii/forschung/evaluationeuro2024/Ex-post_Klimastudie_UEFA-EURO-2024.pdf,36,Table 15
DK_T15_coach,fan_zone_visitors,international,coach,Reisebus,5.88,5880000,0.6,million passenger-km,passenger-km,2024,component,ex_post_activity_estimate,,not_disclosed_in_tables_13_18,,dekra_expost_2024,2024-09-30,2026-10-06,https://www.uni-bielefeld.de/fakultaeten/sportwissenschaft/arbeitsbereiche/ab-iii/forschung/evaluationeuro2024/Ex-post_Klimastudie_UEFA-EURO-2024.pdf,36,Table 15
DK_T15_car,fan_zone_visitors,international,car,Pkw,45.81,45810000,4.69,million passenger-km,passenger-km,2024,component,ex_post_activity_estimate,,not_disclosed_in_tables_13_18,,dekra_expost_2024,2024-09-30,2026-10-06,https://www.uni-bielefeld.de/fakultaeten/sportwissenschaft/arbeitsbereiche/ab-iii/forschung/evaluationeuro2024/Ex-post_Klimastudie_UEFA-EURO-2024.pdf,36,Table 15
DK_T15_rail_local,fan_zone_visitors,international,rail_local,Bahn (Nahverkehr),8.44,8440000,0.86,million passenger-km,passenger-km,2024,component,ex_post_activity_estimate,,not_disclosed_in_tables_13_18,,dekra_expost_2024,2024-09-30,2026-10-06,https://www.uni-bielefeld.de/fakultaeten/sportwissenschaft/arbeitsbereiche/ab-iii/forschung/evaluationeuro2024/Ex-post_Klimastudie_UEFA-EURO-2024.pdf,36,Table 15
DK_T15_bus_local,fan_zone_visitors,international,bus_local,Linienbus (Nahverkehr),1.47,1470000,0.15,million passenger-km,passenger-km,2024,component,ex_post_activity_estimate,,not_disclosed_in_tables_13_18,,dekra_expost_2024,2024-09-30,2026-10-06,https://www.uni-bielefeld.de/fakultaeten/sportwissenschaft/arbeitsbereiche/ab-iii/forschung/evaluationeuro2024/Ex-post_Klimastudie_UEFA-EURO-2024.pdf,36,Table 15
DK_T15_tram_metro,fan_zone_visitors,international,tram_metro,"Straßen-, Stadt- und U-Bahn",2.23,2230000,0.23,million passenger-km,passenger-km,2024,component,ex_post_activity_estimate,,not_disclosed_in_tables_13_18,,dekra_expost_2024,2024-09-30,2026-10-06,https://www.uni-bielefeld.de/fakultaeten/sportwissenschaft/arbeitsbereiche/ab-iii/forschung/evaluationeuro2024/Ex-post_Klimastudie_UEFA-EURO-2024.pdf,36,Table 15
DK_T15_ebike_scooter,fan_zone_visitors,international,ebike_scooter,E-Bike/E-Scooter,0.2,200000,0.02,million passenger-km,passenger-km,2024,component,ex_post_activity_estimate,,not_disclosed_in_tables_13_18,,dekra_expost_2024,2024-09-30,2026-10-06,https://www.uni-bielefeld.de/fakultaeten/sportwissenschaft/arbeitsbereiche/ab-iii/forschung/evaluationeuro2024/Ex-post_Klimastudie_UEFA-EURO-2024.pdf,36,Table 15
DK_T15_cycle_walk,fan_zone_visitors,international,cycle_walk,Fahrrad/Fuß,0.0,,0.0,million passenger-km,passenger-km,2024,component,not_observed_source_placeholder_zero,,not_disclosed_in_tables_13_18,Source displays 0.00 but footnote says walking/cycling activity could not be included due to data availability; not an observed zero.,dekra_expost_2024,2024-09-30,2026-10-06,https://www.uni-bielefeld.de/fakultaeten/sportwissenschaft/arbeitsbereiche/ab-iii/forschung/evaluationeuro2024/Ex-post_Klimastudie_UEFA-EURO-2024.pdf,36,Table 15
DK_T15_total,fan_zone_visitors,international,total,Gesamt,976.68,976680000,100.0,million passenger-km,passenger-km,2024,total,ex_post_activity_estimate,,not_disclosed_in_tables_13_18,,dekra_expost_2024,2024-09-30,2026-10-06,https://www.uni-bielefeld.de/fakultaeten/sportwissenschaft/arbeitsbereiche/ab-iii/forschung/evaluationeuro2024/Ex-post_Klimastudie_UEFA-EURO-2024.pdf,36,Table 15
DK_T16_air_short,fan_zone_visitors,national,air_short,Flugzeug (Kurzstrecke),7.83,7830000,2.54,million passenger-km,passenger-km,2024,component,ex_post_activity_estimate,,not_disclosed_in_tables_13_18,,dekra_expost_2024,2024-09-30,2026-10-06,https://www.uni-bielefeld.de/fakultaeten/sportwissenschaft/arbeitsbereiche/ab-iii/forschung/evaluationeuro2024/Ex-post_Klimastudie_UEFA-EURO-2024.pdf,37,Table 16
DK_T16_rail_long,fan_zone_visitors,national,rail_long,Bahn (Fernverkehr),108.29,108290000,35.21,million passenger-km,passenger-km,2024,component,ex_post_activity_estimate,,not_disclosed_in_tables_13_18,,dekra_expost_2024,2024-09-30,2026-10-06,https://www.uni-bielefeld.de/fakultaeten/sportwissenschaft/arbeitsbereiche/ab-iii/forschung/evaluationeuro2024/Ex-post_Klimastudie_UEFA-EURO-2024.pdf,37,Table 16
DK_T16_coach,fan_zone_visitors,national,coach,Reisebus,4.51,4510000,1.47,million passenger-km,passenger-km,2024,component,ex_post_activity_estimate,,not_disclosed_in_tables_13_18,,dekra_expost_2024,2024-09-30,2026-10-06,https://www.uni-bielefeld.de/fakultaeten/sportwissenschaft/arbeitsbereiche/ab-iii/forschung/evaluationeuro2024/Ex-post_Klimastudie_UEFA-EURO-2024.pdf,37,Table 16
DK_T16_car,fan_zone_visitors,national,car,Pkw,97.11,97110000,31.57,million passenger-km,passenger-km,2024,component,ex_post_activity_estimate,,not_disclosed_in_tables_13_18,,dekra_expost_2024,2024-09-30,2026-10-06,https://www.uni-bielefeld.de/fakultaeten/sportwissenschaft/arbeitsbereiche/ab-iii/forschung/evaluationeuro2024/Ex-post_Klimastudie_UEFA-EURO-2024.pdf,37,Table 16
DK_T16_rail_local,fan_zone_visitors,national,rail_local,Bahn (Nahverkehr),41.39,41390000,13.46,million passenger-km,passenger-km,2024,component,ex_post_activity_estimate,,not_disclosed_in_tables_13_18,,dekra_expost_2024,2024-09-30,2026-10-06,https://www.uni-bielefeld.de/fakultaeten/sportwissenschaft/arbeitsbereiche/ab-iii/forschung/evaluationeuro2024/Ex-post_Klimastudie_UEFA-EURO-2024.pdf,37,Table 16
DK_T16_bus_local,fan_zone_visitors,national,bus_local,Linienbus (Nahverkehr),8.19,8190000,2.66,million passenger-km,passenger-km,2024,component,ex_post_activity_estimate,,not_disclosed_in_tables_13_18,,dekra_expost_2024,2024-09-30,2026-10-06,https://www.uni-bielefeld.de/fakultaeten/sportwissenschaft/arbeitsbereiche/ab-iii/forschung/evaluationeuro2024/Ex-post_Klimastudie_UEFA-EURO-2024.pdf,37,Table 16
DK_T16_tram_metro,fan_zone_visitors,national,tram_metro,"Straßen-, Stadt- und U-Bahn",39.0,39000000,12.68,million passenger-km,passenger-km,2024,component,ex_post_activity_estimate,,not_disclosed_in_tables_13_18,,dekra_expost_2024,2024-09-30,2026-10-06,https://www.uni-bielefeld.de/fakultaeten/sportwissenschaft/arbeitsbereiche/ab-iii/forschung/evaluationeuro2024/Ex-post_Klimastudie_UEFA-EURO-2024.pdf,37,Table 16
DK_T16_ebike_scooter,fan_zone_visitors,national,ebike_scooter,E-Bike/E-Scooter,1.27,1270000,0.41,million passenger-km,passenger-km,2024,component,ex_post_activity_estimate,,not_disclosed_in_tables_13_18,,dekra_expost_2024,2024-09-30,2026-10-06,https://www.uni-bielefeld.de/fakultaeten/sportwissenschaft/arbeitsbereiche/ab-iii/forschung/evaluationeuro2024/Ex-post_Klimastudie_UEFA-EURO-2024.pdf,37,Table 16
DK_T16_cycle_walk,fan_zone_visitors,national,cycle_walk,Fahrrad/Fuß,0.0,,0.0,million passenger-km,passenger-km,2024,component,not_observed_source_placeholder_zero,,not_disclosed_in_tables_13_18,Source displays 0.00 but footnote says walking/cycling activity could not be included due to data availability; not an observed zero.,dekra_expost_2024,2024-09-30,2026-10-06,https://www.uni-bielefeld.de/fakultaeten/sportwissenschaft/arbeitsbereiche/ab-iii/forschung/evaluationeuro2024/Ex-post_Klimastudie_UEFA-EURO-2024.pdf,37,Table 16
DK_T16_total,fan_zone_visitors,national,total,Gesamt,307.95,307950000,100.0,million passenger-km,passenger-km,2024,total,ex_post_activity_estimate,,not_disclosed_in_tables_13_18,,dekra_expost_2024,2024-09-30,2026-10-06,https://www.uni-bielefeld.de/fakultaeten/sportwissenschaft/arbeitsbereiche/ab-iii/forschung/evaluationeuro2024/Ex-post_Klimastudie_UEFA-EURO-2024.pdf,37,Table 16
DK_T17_air_medium,national_teams,international,air_medium,Flugzeug (Mittelstrecke),0.16,160000,5.04,million passenger-km,passenger-km,2024,component,ex_post_activity_estimate,,not_disclosed_in_tables_13_18,,dekra_expost_2024,2024-09-30,2026-10-06,https://www.uni-bielefeld.de/fakultaeten/sportwissenschaft/arbeitsbereiche/ab-iii/forschung/evaluationeuro2024/Ex-post_Klimastudie_UEFA-EURO-2024.pdf,38,Table 17
DK_T17_air_short,national_teams,international,air_short,Flugzeug (Kurzstrecke),3.05,3050000,94.09,million passenger-km,passenger-km,2024,component,ex_post_activity_estimate,,not_disclosed_in_tables_13_18,,dekra_expost_2024,2024-09-30,2026-10-06,https://www.uni-bielefeld.de/fakultaeten/sportwissenschaft/arbeitsbereiche/ab-iii/forschung/evaluationeuro2024/Ex-post_Klimastudie_UEFA-EURO-2024.pdf,38,Table 17
DK_T17_coach,national_teams,international,coach,Reisebus,0.03,30000,0.87,million passenger-km,passenger-km,2024,component,ex_post_activity_estimate,,not_disclosed_in_tables_13_18,,dekra_expost_2024,2024-09-30,2026-10-06,https://www.uni-bielefeld.de/fakultaeten/sportwissenschaft/arbeitsbereiche/ab-iii/forschung/evaluationeuro2024/Ex-post_Klimastudie_UEFA-EURO-2024.pdf,38,Table 17
DK_T17_total,national_teams,international,total,Gesamt,3.24,3240000,100.0,million passenger-km,passenger-km,2024,total,ex_post_activity_estimate,,not_disclosed_in_tables_13_18,,dekra_expost_2024,2024-09-30,2026-10-06,https://www.uni-bielefeld.de/fakultaeten/sportwissenschaft/arbeitsbereiche/ab-iii/forschung/evaluationeuro2024/Ex-post_Klimastudie_UEFA-EURO-2024.pdf,38,Table 17
DK_T18_air_short,national_teams,national,air_short,Flugzeug (Kurzstrecke),1.98,1980000,53.95,million passenger-km,passenger-km,2024,component,ex_post_activity_estimate,,not_disclosed_in_tables_13_18,Table share 53.95%; adjacent narrative says 53.59%. Table retained; discrepancy logged.,dekra_expost_2024,2024-09-30,2026-10-06,https://www.uni-bielefeld.de/fakultaeten/sportwissenschaft/arbeitsbereiche/ab-iii/forschung/evaluationeuro2024/Ex-post_Klimastudie_UEFA-EURO-2024.pdf,38,Table 18
DK_T18_coach,national_teams,national,coach,Reisebus,0.49,490000,13.3,million passenger-km,passenger-km,2024,component,ex_post_activity_estimate,,not_disclosed_in_tables_13_18,,dekra_expost_2024,2024-09-30,2026-10-06,https://www.uni-bielefeld.de/fakultaeten/sportwissenschaft/arbeitsbereiche/ab-iii/forschung/evaluationeuro2024/Ex-post_Klimastudie_UEFA-EURO-2024.pdf,38,Table 18
DK_T18_rail_long,national_teams,national,rail_long,Bahn (Fernverkehr),1.2,1200000,32.75,million passenger-km,passenger-km,2024,component,ex_post_activity_estimate,,not_disclosed_in_tables_13_18,,dekra_expost_2024,2024-09-30,2026-10-06,https://www.uni-bielefeld.de/fakultaeten/sportwissenschaft/arbeitsbereiche/ab-iii/forschung/evaluationeuro2024/Ex-post_Klimastudie_UEFA-EURO-2024.pdf,38,Table 18
DK_T18_total,national_teams,national,total,Gesamt,3.67,3670000,100.0,million passenger-km,passenger-km,2024,total,ex_post_activity_estimate,,not_disclosed_in_tables_13_18,,dekra_expost_2024,2024-09-30,2026-10-06,https://www.uni-bielefeld.de/fakultaeten/sportwissenschaft/arbeitsbereiche/ab-iii/forschung/evaluationeuro2024/Ex-post_Klimastudie_UEFA-EURO-2024.pdf,38,Table 18
