cap,mean,target,constructed_mean,mean_error,marginal_error
0.5,0.025,0.1264911064067352,0.02500000000000001,6.938893903907228e-18,0.0
0.5,0.125,0.2,0.125,0.0,2.7755575615628914e-17
0.5,0.25,0.2,0.25,0.0,0.0
0.5,0.375,0.2,0.375,0.0,0.0
0.5,0.475,0.12649110640673522,0.475,0.0,0.0
1,0.05,0.17888543819998318,0.05000000000000002,1.3877787807814457e-17,0.0
1,0.25,0.4,0.25,0.0,0.0
1,0.5,0.4,0.49999999999999994,5.551115123125783e-17,0.0
1,0.75,0.4,0.75,0.0,0.0
1,0.95,0.17888543819998326,0.95,0.0,0.0
2,0.1,0.2529822128134704,0.1,0.0,0.0
2,0.5,0.5656854249492381,0.49999999999999994,5.551115123125783e-17,1.1102230246251565e-16
2,1.0,0.8,1.0,0.0,0.0
2,1.5,0.5656854249492381,1.5,0.0,0.0
2,1.9,0.25298221281347044,1.9,0.0,0.0
4,0.2,0.35777087639996635,0.2,0.0,5.551115123125783e-17
4,1.0,0.8,0.9999999999999999,1.1102230246251565e-16,0.0
4,2.0,0.8,2.0,0.0,1.1102230246251565e-16
4,3.0,0.8,3.0,0.0,0.0
4,3.8,0.3577708763999665,3.8,0.0,0.0
