cap_to_rate_sd,mean_fraction,uniform_max,gaussian_max
1,0.0,0.0,0.0
1,0.005,0.0537284965911771,0.013959919911434374
1,0.01,0.07598356856515925,0.025706905802281712
1,0.015,0.09306048591020996,0.0365068756716316
1,0.02,0.1074569931823542,0.04665598733655601
1,0.025,0.12014057070673773,0.056300234559425934
1,0.03,0.13160740129524925,0.06552794490885261
1,0.035,0.1421522402976362,0.07439874399089608
1,0.04,0.1519671371303185,0.08295577519875058
1,0.045,0.16118548977353128,0.09123179773471057
1,0.05,0.16990442448471227,0.09925258561909575
1,0.055,0.17819726374282358,0.10703897839267505
1,0.06,0.18612097182041992,0.11460819457666901
1,0.065,0.19372084941308118,0.12197471330405885
1,0.07,0.20103362615063633,0.12915088889208873
1,0.075,0.20808957251439086,0.13614739281287627
1,0.08,0.2149139863647084,0.1429735399591998
1,0.085,0.2215282665510616,0.14963753492085005
1,0.09,0.22795070569547776,0.15614666148646333
1,0.095,0.23419708702931052,0.16250743091937997
1,0.1,0.24028114141347545,0.16872569969551293
1,0.105,0.24621490260524587,0.174806764219433
1,0.11,0.2520089871628765,0.18075543791188886
1,0.115,0.2576728176521671,0.1865761146086952
1,0.12,0.2632148025904985,0.19227282119590017
1,0.125,0.2686424829558855,0.19784926168438843
1,0.13,0.27396265255441543,0.2033088544052591
1,0.135,0.2791814577306299,0.20865476362473515
1,0.14,0.2843044805952724,0.21388992659268014
1,0.145,0.2886751345948129,0.21901707682469096
1,0.15,0.2886751345948129,0.22403876425459138
1,0.155,0.2886751345948129,0.2289573727686594
1,0.16,0.2886751345948129,0.23377513553555576
1,0.165,0.2886751345948129,0.23849414846935008
1,0.17,0.2886751345948129,0.24311638210275546
1,0.17500000000000002,0.2886751345948129,0.2476436920994971
1,0.18,0.2886751345948129,0.25207782859616285
1,0.185,0.2886751345948129,0.25642044453262147
1,0.19,0.2886751345948129,0.2606731031047592
1,0.195,0.2886751345948129,0.26483728445249277
1,0.2,0.2886751345948129,0.2689143916789167
1,0.20500000000000002,0.2886751345948129,0.272905756282355
1,0.21,0.2886751345948129,0.27681264307121883
1,0.215,0.2886751345948129,0.2806362546219009
1,0.22,0.2886751345948129,0.28437773533152527
1,0.225,0.2886751345948129,0.28803817511052887
1,0.23,0.2886751345948129,0.291618612754119
1,0.23500000000000001,0.2886751345948129,0.2951200390266391
1,0.24,0.2886751345948129,0.2985433994886213
1,0.245,0.2886751345948129,0.30188959709263763
1,0.25,0.2886751345948129,0.30515949457091535
1,0.255,0.2886751345948129,0.30835391663498185
1,0.26,0.2886751345948129,0.31147365200525157
1,0.265,0.2886751345948129,0.31451945528644726
1,0.27,0.2886751345948129,0.3174920487029472
1,0.275,0.2886751345948129,0.32039212370667186
1,0.28,0.2886751345948129,0.32322034246868686
1,0.28500000000000003,0.2886751345948129,0.3259773392645991
1,0.29,0.2886751345948129,0.328663721762715
1,0.295,0.2886751345948129,0.33128007222306094
1,0.3,0.2886751345948129,0.3338269486145412
1,0.305,0.2886751345948129,0.33630488565673794
1,0.31,0.2886751345948129,0.338714395792358
1,0.315,0.2886751345948129,0.3410559700955855
1,0.32,0.2886751345948129,0.3433300791212435
1,0.325,0.2886751345948129,0.34553717369913844
1,0.33,0.2886751345948129,0.34767768567758167
1,0.335,0.2886751345948129,0.34975202861972793
1,0.34,0.2886751345948129,0.35176059845602264
1,0.34500000000000003,0.2886751345948129,0.3537037740957894
1,0.35000000000000003,0.2886751345948129,0.35558191800069855
1,0.355,0.2886751345948129,0.357395376722639
1,0.36,0.2886751345948129,0.3591444814082881
1,0.365,0.2886751345948129,0.3608295482724946
1,0.37,0.2886751345948129,0.36245087904239226
1,0.375,0.2886751345948129,0.3640087613740227
1,0.38,0.2886751345948129,0.3655034692430903
1,0.385,0.2886751345948129,0.36693526331133347
1,0.39,0.2886751345948129,0.36830439126988607
1,0.395,0.2886751345948129,0.3696110881608843
1,0.4,0.2886751345948129,0.3708555766784716
1,0.405,0.2886751345948129,0.3720380674502698
1,0.41000000000000003,0.2886751345948129,0.3731587593002752
1,0.41500000000000004,0.2886751345948129,0.3742178394940986
1,0.42,0.2886751345948129,0.3752154839673444
1,0.425,0.2886751345948129,0.3761518575379015
1,0.43,0.2886751345948129,0.3770271141028263
1,0.435,0.2886751345948129,0.3778413968204411
1,0.44,0.2886751345948129,0.3785948382782532
1,0.445,0.2886751345948129,0.3792875606471726
1,0.45,0.2886751345948129,0.3799196758225478
1,0.455,0.2886751345948129,0.38049128555242107
1,0.46,0.2886751345948129,0.3810024815534089
1,0.465,0.2886751345948129,0.3814533456145407
1,0.47000000000000003,0.2886751345948129,0.38184394968937363
1,0.47500000000000003,0.2886751345948129,0.3821743559766498
1,0.48,0.2886751345948129,0.38244461698973375
1,0.485,0.2886751345948129,0.3826547756150329
1,0.49,0.2886751345948129,0.3828048651595666
1,0.495,0.2886751345948129,0.3828949093878262
1,0.5,0.2886751345948129,0.38292492254802624
1,0.505,0.2886751345948129,0.3828949093878262
1,0.51,0.2886751345948129,0.38280486515956663
1,0.515,0.2886751345948129,0.38265477561503286
1,0.52,0.2886751345948129,0.38244461698973375
1,0.525,0.2886751345948129,0.38217435597664967
1,0.53,0.2886751345948129,0.38184394968937363
1,0.535,0.2886751345948129,0.3814533456145407
1,0.54,0.2886751345948129,0.38100248155340877
1,0.545,0.2886751345948129,0.3804912855524212
1,0.55,0.2886751345948129,0.3799196758225477
1,0.555,0.2886751345948129,0.3792875606471726
1,0.56,0.2886751345948129,0.37859483827825313
1,0.5650000000000001,0.2886751345948129,0.37784139682044116
1,0.5700000000000001,0.2886751345948129,0.3770271141028262
1,0.5750000000000001,0.2886751345948129,0.3761518575379015
1,0.58,0.2886751345948129,0.3752154839673445
1,0.585,0.2886751345948129,0.3742178394940986
1,0.59,0.2886751345948129,0.3731587593002752
1,0.595,0.2886751345948129,0.3720380674502698
1,0.6,0.2886751345948129,0.3708555766784715
1,0.605,0.2886751345948129,0.3696110881608843
1,0.61,0.2886751345948129,0.3683043912698862
1,0.615,0.2886751345948129,0.3669352633113335
1,0.62,0.2886751345948129,0.36550346924309035
1,0.625,0.2886751345948129,0.3640087613740228
1,0.63,0.2886751345948129,0.36245087904239215
1,0.635,0.2886751345948129,0.3608295482724945
1,0.64,0.2886751345948129,0.35914448140828814
1,0.645,0.2886751345948129,0.35739537672263905
1,0.65,0.2886751345948129,0.3555819180006985
1,0.655,0.2886751345948129,0.35370377409578935
1,0.66,0.2886751345948129,0.3517605984560227
1,0.665,0.2886751345948129,0.34975202861972793
1,0.67,0.2886751345948129,0.3476776856775816
1,0.675,0.2886751345948129,0.3455371736991383
1,0.68,0.2886751345948129,0.3433300791212435
1,0.685,0.2886751345948129,0.3410559700955855
1,0.6900000000000001,0.2886751345948129,0.33871439579235785
1,0.6950000000000001,0.2886751345948129,0.3363048856567379
1,0.7000000000000001,0.2886751345948129,0.3338269486145411
1,0.705,0.2886751345948129,0.331280072223061
1,0.71,0.2886751345948129,0.3286637217627151
1,0.715,0.2886751345948129,0.32597733926459904
1,0.72,0.2886751345948129,0.3232203424686868
1,0.725,0.2886751345948129,0.3203921237066719
1,0.73,0.2886751345948129,0.31749204870294734
1,0.735,0.2886751345948129,0.3145194552864471
1,0.74,0.2886751345948129,0.31147365200525157
1,0.745,0.2886751345948129,0.3083539166349817
1,0.75,0.2886751345948129,0.3051594945709153
1,0.755,0.2886751345948129,0.30188959709263785
1,0.76,0.2886751345948129,0.2985433994886214
1,0.765,0.2886751345948129,0.2951200390266391
1,0.77,0.2886751345948129,0.2916186127541188
1,0.775,0.2886751345948129,0.288038175110529
1,0.78,0.2886751345948129,0.28437773533152544
1,0.785,0.2886751345948129,0.280636254621901
1,0.79,0.2886751345948129,0.2768126430712188
1,0.795,0.2886751345948129,0.27290575628235514
1,0.8,0.2886751345948129,0.2689143916789166
1,0.805,0.2886751345948129,0.26483728445249277
1,0.81,0.2886751345948129,0.2606731031047591
1,0.8150000000000001,0.2886751345948129,0.25642044453262125
1,0.8200000000000001,0.2886751345948129,0.2520778285961627
1,0.8250000000000001,0.2886751345948129,0.24764369209949721
1,0.8300000000000001,0.2886751345948129,0.24311638210275555
1,0.835,0.2886751345948129,0.23849414846935035
1,0.84,0.2886751345948129,0.23377513553555573
1,0.845,0.2886751345948129,0.22895737276865935
1,0.85,0.2886751345948129,0.22403876425459124
1,0.855,0.2886751345948129,0.21901707682469096
1,0.86,0.2843044805952724,0.21388992659268002
1,0.865,0.2791814577306299,0.20865476362473523
1,0.87,0.27396265255441543,0.20330885440525925
1,0.875,0.2686424829558855,0.19784926168438832
1,0.88,0.2632148025904985,0.1922728211959004
1,0.885,0.2576728176521671,0.18657611460869516
1,0.89,0.25200898716287645,0.18075543791188897
1,0.895,0.24621490260524584,0.17480676421943275
1,0.9,0.2402811414134754,0.16872569969551288
1,0.905,0.2341970870293105,0.16250743091937958
1,0.91,0.22795070569547773,0.15614666148646306
1,0.915,0.22152826655106156,0.14963753492084986
1,0.92,0.21491398636470835,0.14297353995919937
1,0.925,0.2080895725143908,0.1361473928128759
1,0.93,0.20103362615063625,0.1291508888920886
1,0.935,0.19372084941308113,0.12197471330405829
1,0.9400000000000001,0.18612097182041984,0.1146081945766696
1,0.9450000000000001,0.17819726374282344,0.1070389783926754
1,0.9500000000000001,0.16990442448471216,0.09925258561909567
1,0.9550000000000001,0.16118548977353117,0.09123179773471046
1,0.96,0.1519671371303186,0.08295577519875008
1,0.965,0.14215224029763626,0.07439874399089552
1,0.97,0.1316074012952493,0.06552794490885316
1,0.975,0.12014057070673777,0.05630023455942634
1,0.98,0.10745699318235424,0.04665598733655596
1,0.985,0.09306048591021,0.0365068756716318
1,0.99,0.0759835685651593,0.025706905802282187
1,0.995,0.05372849659117712,0.01395991991143486
1,1.0,0.0,0.0
2,0.0,0.0,0.0
2,0.005,0.07598356856515925,0.026270570004937266
2,0.01,0.1074569931823542,0.04808913795478297
2,0.015,0.13160740129524925,0.06802346041774146
2,0.02,0.1519671371303185,0.08667152249115616
2,0.025,0.16990442448471227,0.10432740488278384
2,0.03,0.18612097182041992,0.12116869624524851
2,0.035,0.20103362615063633,0.13731508872481346
2,0.04,0.2149139863647084,0.15285306879847507
2,0.045,0.22795070569547776,0.1678482258256926
2,0.05,0.24028114141347545,0.18235210636358995
2,0.055,0.2520089871628765,0.19640634601812174
2,0.06,0.2632148025904985,0.21004531378685576
2,0.065,0.27396265255441543,0.22329788571740472
2,0.07,0.2843044805952724,0.2361886804502593
2,0.075,0.2942830956382712,0.24873894718452583
2,0.08,0.303934274260637,0.2609672207773731
2,0.085,0.31328827900551337,0.2728898159451818
2,0.09,0.32237097954706256,0.28452120732279096
2,0.095,0.33120469674512304,0.29587432668156977
2,0.1,0.33980884896942454,0.30696079881269656
2,0.105,0.34820045452270937,0.3177911311930176
2,0.11,0.35639452748564715,0.3283748682764463
2,0.115,0.3644043933785842,0.3387207183287876
2,0.12,0.37224194364083985,0.3488366586817661
2,0.125,0.3799178428257963,0.35873002383040514
2,0.13,0.38744169882616236,0.3684075797487714
2,0.135,0.3948222038857478,0.37787558703033275
2,0.14,0.40206725230127266,0.38713985488707153
2,0.145,0.40918403935758724,0.39620578761134956
2,0.15,0.4161791450287817,0.4050784247773205
2,0.155,0.42305860521774524,0.41376247620650264
2,0.16,0.4298279727294168,0.42226235252671296
2,0.165,0.43649236973007505,0.43058219200021075
2,0.17,0.4430565331021232,0.4387258841757808
2,0.17500000000000002,0.4495248538361022,0.4466970908229491
2,0.18,0.4559014113909555,0.45449926452927875
2,0.185,0.4621900037864964,0.4621356652788201
2,0.19,0.46839417405862105,0.46960937527937147
2,0.195,0.474517233600587,0.4769233122642498
2,0.2,0.4805622828269509,0.4840802414602484
2,0.20500000000000002,0.48653222952621195,0.49108278638510616
2,0.21,0.49242980521049173,0.497933438614187
2,0.215,0.4982575797231178,0.5046345666366332
2,0.22,0.504017974325753,0.5111884239044602
2,0.225,0.5097132734541368,0.5175971561643881
2,0.23,0.5153456353043342,0.5238628081503077
2,0.23500000000000001,0.5209171013886222,0.5299873297043123
2,0.24,0.526429605180997,0.5359725813856754
2,0.245,0.5318849799561147,0.5418203396198578
2,0.25,0.537284965911771,0.5475323014333355
2,0.255,0.5426312166533632,0.5531100888146615
2,0.26,0.5479253051088309,0.5585552527373993
2,0.265,0.5531687289340402,0.5638692768766939
2,0.27,0.5583629154612598,0.5690535810474828
2,0.275,0.5635092262370637,0.5741095243894614
2,0.28,0.5686089611905448,0.5790384083211249
2,0.28500000000000003,0.5736633624679954,0.5838414792828707
2,0.29,0.5773502691896258,0.5885199312870979
2,0.295,0.5773502691896258,0.5930749082913342
2,0.3,0.5773502691896258,0.5975075064089278
2,0.305,0.5773502691896258,0.6018187759702734
2,0.31,0.5773502691896258,0.6060097234463848
2,0.315,0.5773502691896258,0.6100813132454324
2,0.32,0.5773502691896258,0.614034469391878
2,0.325,0.5773502691896258,0.617870077096982
2,0.33,0.5773502691896258,0.6215889842285487
2,0.335,0.5773502691896258,0.6251920026871957
2,0.34,0.5773502691896258,0.62867990969568
2,0.34500000000000003,0.5773502691896258,0.6320534490072796
2,0.35000000000000003,0.5773502691896258,0.6353133320387006
2,0.355,0.5773502691896258,0.6384602389325018
2,0.36,0.5773502691896258,0.6414948195536088
2,0.365,0.5773502691896258,0.6444176944240929
2,0.37,0.5773502691896258,0.6472294556000542
2,0.375,0.5773502691896258,0.6499306674941089
2,0.38,0.5773502691896258,0.6525218676467208
2,0.385,0.5773502691896258,0.655003567449308
2,0.39,0.5773502691896258,0.6573762528218645
2,0.395,0.5773502691896258,0.6596403848475755
2,0.4,0.5773502691896258,0.6617964003667209
2,0.405,0.5773502691896258,0.663844712531973
2,0.41000000000000003,0.5773502691896258,0.6657857113270147
2,0.41500000000000004,0.5773502691896258,0.6676197640502616
2,0.42,0.5773502691896258,0.6693472157653065
2,0.425,0.5773502691896258,0.6709683897195862
2,0.43,0.5773502691896258,0.6724835877326311
2,0.435,0.5773502691896258,0.6738930905551519
2,0.44,0.5773502691896258,0.675197158200103
2,0.445,0.5773502691896258,0.6763960302467613
2,0.45,0.5773502691896258,0.677489926118757
2,0.455,0.5773502691896258,0.6784790453369217
2,0.46,0.5773502691896258,0.6793635677477121
2,0.465,0.5773502691896258,0.6801436537278958
2,0.47000000000000003,0.5773502691896258,0.6808194443661199
2,0.47500000000000003,0.5773502691896258,0.6813910616218802
2,0.48,0.5773502691896258,0.6818586084623879
2,0.485,0.5773502691896258,0.6822221689777017
2,0.49,0.5773502691896258,0.6824818084744863
2,0.495,0.5773502691896258,0.6826375735486505
2,0.5,0.5773502691896258,0.6826894921370859
2,0.505,0.5773502691896258,0.6826375735486505
2,0.51,0.5773502691896258,0.6824818084744864
2,0.515,0.5773502691896258,0.6822221689777017
2,0.52,0.5773502691896258,0.6818586084623879
2,0.525,0.5773502691896258,0.6813910616218802
2,0.53,0.5773502691896258,0.6808194443661197
2,0.535,0.5773502691896258,0.6801436537278958
2,0.54,0.5773502691896258,0.6793635677477121
2,0.545,0.5773502691896258,0.6784790453369218
2,0.55,0.5773502691896258,0.6774899261187569
2,0.555,0.5773502691896258,0.6763960302467613
2,0.56,0.5773502691896258,0.675197158200103
2,0.5650000000000001,0.5773502691896258,0.6738930905551517
2,0.5700000000000001,0.5773502691896258,0.6724835877326311
2,0.5750000000000001,0.5773502691896258,0.6709683897195863
2,0.58,0.5773502691896258,0.6693472157653066
2,0.585,0.5773502691896258,0.6676197640502615
2,0.59,0.5773502691896258,0.6657857113270148
2,0.595,0.5773502691896258,0.6638447125319731
2,0.6,0.5773502691896258,0.6617964003667212
2,0.605,0.5773502691896258,0.6596403848475754
2,0.61,0.5773502691896258,0.6573762528218643
2,0.615,0.5773502691896258,0.655003567449308
2,0.62,0.5773502691896258,0.6525218676467208
2,0.625,0.5773502691896258,0.6499306674941089
2,0.63,0.5773502691896258,0.6472294556000544
2,0.635,0.5773502691896258,0.644417694424093
2,0.64,0.5773502691896258,0.6414948195536088
2,0.645,0.5773502691896258,0.6384602389325018
2,0.65,0.5773502691896258,0.6353133320387004
2,0.655,0.5773502691896258,0.6320534490072796
2,0.66,0.5773502691896258,0.6286799096956799
2,0.665,0.5773502691896258,0.6251920026871957
2,0.67,0.5773502691896258,0.6215889842285486
2,0.675,0.5773502691896258,0.6178700770969819
2,0.68,0.5773502691896258,0.614034469391878
2,0.685,0.5773502691896258,0.6100813132454325
2,0.6900000000000001,0.5773502691896258,0.6060097234463849
2,0.6950000000000001,0.5773502691896258,0.6018187759702738
2,0.7000000000000001,0.5773502691896258,0.5975075064089277
2,0.705,0.5773502691896258,0.5930749082913344
2,0.71,0.5773502691896258,0.5885199312870979
2,0.715,0.5736633624679954,0.5838414792828707
2,0.72,0.5686089611905448,0.5790384083211249
2,0.725,0.5635092262370637,0.5741095243894615
2,0.73,0.5583629154612598,0.5690535810474826
2,0.735,0.5531687289340402,0.5638692768766937
2,0.74,0.5479253051088309,0.5585552527373993
2,0.745,0.5426312166533632,0.5531100888146615
2,0.75,0.537284965911771,0.5475323014333356
2,0.755,0.5318849799561147,0.5418203396198579
2,0.76,0.526429605180997,0.5359725813856754
2,0.765,0.5209171013886222,0.5299873297043122
2,0.77,0.5153456353043342,0.5238628081503076
2,0.775,0.5097132734541368,0.5175971561643882
2,0.78,0.5040179743257529,0.5111884239044602
2,0.785,0.4982575797231178,0.5046345666366334
2,0.79,0.4924298052104917,0.49793343861418693
2,0.795,0.4865322295262119,0.49108278638510605
2,0.8,0.4805622828269508,0.4840802414602485
2,0.805,0.47451723360058695,0.4769233122642498
2,0.81,0.468394174058621,0.4696093752793712
2,0.8150000000000001,0.46219000378649633,0.4621356652788199
2,0.8200000000000001,0.45590141139095547,0.4544992645292786
2,0.8250000000000001,0.4495248538361021,0.44669709082294895
2,0.8300000000000001,0.4430565331021231,0.43872588417578107
2,0.835,0.43649236973007505,0.43058219200021064
2,0.84,0.4298279727294168,0.42226235252671274
2,0.845,0.42305860521774524,0.4137624762065023
2,0.85,0.4161791450287818,0.40507842477732015
2,0.855,0.40918403935758724,0.3962057876113497
2,0.86,0.40206725230127266,0.3871398548870716
2,0.865,0.3948222038857478,0.37787558703033286
2,0.87,0.38744169882616236,0.3684075797487717
2,0.875,0.3799178428257963,0.3587300238304051
2,0.88,0.37224194364083985,0.3488366586817664
2,0.885,0.3644043933785842,0.3387207183287879
2,0.89,0.3563945274856471,0.32837486827644646
2,0.895,0.34820045452270937,0.3177911311930174
2,0.9,0.3398088489694245,0.30696079881269633
2,0.905,0.331204696745123,0.29587432668156965
2,0.91,0.3223709795470625,0.28452120732279096
2,0.915,0.3132882790055133,0.272889815945182
2,0.92,0.30393427426063696,0.2609672207773729
2,0.925,0.2942830956382711,0.24873894718452505
2,0.93,0.2843044805952723,0.2361886804502592
2,0.935,0.2739626525544153,0.2232978857174045
2,0.9400000000000001,0.26321480259049834,0.2100453137868552
2,0.9450000000000001,0.25200898716287634,0.1964063460181218
2,0.9500000000000001,0.24028114141347529,0.1823521063635899
2,0.9550000000000001,0.2279507056954776,0.1678482258256926
2,0.96,0.2149139863647085,0.15285306879847493
2,0.965,0.2010336261506364,0.1373150887248139
2,0.97,0.18612097182042,0.12116869624524829
2,0.975,0.16990442448471232,0.10432740488278469
2,0.98,0.1519671371303186,0.08667152249114873
2,0.985,0.1316074012952493,0.06802346041774132
2,0.99,0.10745699318235424,0.04808913795478231
2,0.995,0.0759835685651593,0.02627057000493782
2,1.0,0.0,0.0
4,0.0,0.0,0.0
4,0.005,0.1074569931823542,0.04815111453570279
4,0.01,0.1519671371303185,0.0868777176780076
4,0.015,0.18612097182041992,0.12159367100324463
4,0.02,0.2149139863647084,0.15357045539698835
4,0.025,0.24028114141347545,0.18343611274849925
4,0.03,0.2632148025904985,0.211571367056938
4,0.035,0.2843044805952724,0.23823377208238736
4,0.04,0.303934274260637,0.2636101190004593
4,0.045,0.32237097954706256,0.2878426012756991
4,0.05,0.33980884896942454,0.31104340429378685
4,0.055,0.35639452748564715,0.333303510449186
4,0.06,0.37224194364083985,0.35469834032337716
4,0.065,0.38744169882616236,0.37529154014796096
4,0.07,0.40206725230127266,0.39513762258124546
4,0.075,0.4161791450287817,0.41428386620533875
4,0.08,0.4298279727294168,0.4327717179967736
4,0.085,0.4430565331021232,0.4506378521208594
4,0.09,0.4559014113909555,0.46791498474545085
4,0.095,0.46839417405862105,0.48463251165759147
4,0.1,0.4805622828269509,0.500817014596696
4,0.105,0.49242980521049173,0.5164926685972583
4,0.11,0.504017974325753,0.5316815735162178
4,0.115,0.5153456353043342,0.5464040266771351
4,0.12,0.526429605180997,0.5606787492031162
4,0.125,0.537284965911771,0.5745230755089893
4,0.13,0.5479253051088309,0.5879531131814554
4,0.135,0.5583629154612598,0.600983878831078
4,0.14,0.5686089611905448,0.6136294142772035
4,0.145,0.5786736179661062,0.6259028865058421
4,0.15,0.5885661912765424,0.6378166741397115
4,0.155,0.5982952171775804,0.6493824426200675
4,0.16,0.607868548521274,0.6606112098808605
4,0.165,0.6172934291446436,0.6715134039671801
4,0.17,0.6265765580110267,0.6820989137901878
4,0.17500000000000002,0.6357241449187989,0.6923771340037802
4,0.18,0.6447419590941251,0.7023570048221234
4,0.185,0.6536353717481354,0.7120470474629211
4,0.19,0.6624093934902461,0.7214553957922654
4,0.195,0.6710687073377123,0.7305898246572732
4,0.2,0.6796176979388491,0.7394577753195928
4,0.20500000000000002,0.6880604775275886,0.7480663783417287
4,0.21,0.6964009090454187,0.7564224742277134
4,0.215,0.7046426267996269,0.7645326320773547
4,0.22,0.7127890549712943,0.7724031664777693
4,0.225,0.7208434242404264,0.7800401528261754
4,0.23,0.7288087867571684,0.7874494412522655
4,0.23500000000000001,0.7366880296558702,0.7946366692873855
4,0.24,0.7444838872816797,0.80160727340906
4,0.245,0.7521989522764794,0.8083664995738595
4,0.25,0.7598356856515927,0.8149194128380712
4,0.255,0.7673964259581995,0.8212709061540052
4,0.26,0.7748833976523247,0.8274257084197291
4,0.265,0.782298718739206,0.8333883918513018
4,0.27,0.7896444077714956,0.8391633787390111
4,0.275,0.7969223902668242,0.8447549476425323
4,0.28,0.8041345046025453,0.8501672390740777
4,0.28500000000000003,0.8112825074387919,0.8554042607137331
4,0.29,0.8183680787151745,0.86046989219646
4,0.295,0.8253928262613859,0.8653678895066479
4,0.3,0.8323582900575635,0.8701018890123692
4,0.305,0.8392659461763854,0.8746754111686438
4,0.31,0.8461172104354905,0.8790918639162139
4,0.315,0.8529134417858172,0.8833545457999572
4,0.32,0.8596559454588336,0.8874666488289342
4,0.325,0.8663459758932995,0.891431261098158
4,0.33,0.8729847394601501,0.8952513691904731
4,0.335,0.8795733970022619,0.8989298603754069
4,0.34,0.8861130662042463,0.902469524620487
4,0.34500000000000003,0.8926048238059683,0.9058730564293177
4,0.35000000000000003,0.8990497076722044,0.9091430565194989
4,0.355,0.9054487187297073,0.9122820333526737
4,0.36,0.911802822781911,0.9152924045278318
4,0.365,0.9181129522105946,0.9181764980483772
4,0.37,0.9243800075729928,0.9209365534726143
4,0.375,0.9306048591020997,0.9235747229566729
4,0.38,0.9367883481172421,0.9260930721982099
4,0.385,0.9429312883513961,0.9284935812887516
4,0.39,0.949034467201174,0.9307781454818954
4,0.395,0.9550986469049199,0.932948575884193
4,0.4,0.9611245656539018,0.9350066000750402
4,0.405,0.9671129386411877,0.9369538626614929
4,0.41000000000000003,0.9730644590524239,0.9387919257735322
4,0.41500000000000004,0.9789797990023997,0.9405222695049354
4,0.42,0.9848596104209835,0.9421462923045624
4,0.425,0.9907045258917332,0.9436653113225385
4,0.43,0.9965151594462356,0.945080562715507
4,0.435,1,0.9463932019148312
4,0.44,1,0.9476043038613191
4,0.445,1,0.9487148632098255
4,0.45,1,0.9497257945067563
4,0.455,1,0.9506379323432987
4,0.46,1,0.9514520314869288
4,0.465,1,0.9521687669935137
4,0.47000000000000003,1,0.9527887343021051
4,0.47500000000000003,1,0.9533124493142472
4,0.48,1,0.9537403484594631
4,0.485,1,0.9540727887482966
4,0.49,1,0.9543100478141049
4,0.495,1,0.954452323944564
4,0.5,1,0.9544997361036416
4,0.505,1,0.954452323944564
4,0.51,1,0.9543100478141049
4,0.515,1,0.9540727887482966
4,0.52,1,0.9537403484594632
4,0.525,1,0.9533124493142472
4,0.53,1,0.9527887343021051
4,0.535,1,0.9521687669935136
4,0.54,1,0.9514520314869288
4,0.545,1,0.9506379323432987
4,0.55,1,0.9497257945067564
4,0.555,1,0.9487148632098253
4,0.56,1,0.947604303861319
4,0.5650000000000001,1,0.9463932019148312
4,0.5700000000000001,0.9965151594462356,0.945080562715507
4,0.5750000000000001,0.9907045258917331,0.9436653113225385
4,0.58,0.9848596104209835,0.9421462923045624
4,0.585,0.9789797990023997,0.9405222695049353
4,0.59,0.9730644590524239,0.9387919257735321
4,0.595,0.9671129386411877,0.9369538626614929
4,0.6,0.9611245656539018,0.9350066000750402
4,0.605,0.9550986469049199,0.932948575884193
4,0.61,0.949034467201174,0.9307781454818954
4,0.615,0.9429312883513961,0.9284935812887515
4,0.62,0.9367883481172421,0.92609307219821
4,0.625,0.9306048591020997,0.9235747229566729
4,0.63,0.9243800075729928,0.9209365534726143
4,0.635,0.9181129522105946,0.9181764980483772
4,0.64,0.911802822781911,0.9152924045278318
4,0.645,0.9054487187297073,0.9122820333526735
4,0.65,0.8990497076722044,0.9091430565194989
4,0.655,0.8926048238059682,0.9058730564293176
4,0.66,0.8861130662042463,0.902469524620487
4,0.665,0.8795733970022618,0.8989298603754068
4,0.67,0.87298473946015,0.8952513691904731
4,0.675,0.8663459758932994,0.8914312610981578
4,0.68,0.8596559454588335,0.887466648828934
4,0.685,0.8529134417858171,0.8833545457999572
4,0.6900000000000001,0.8461172104354903,0.8790918639162139
4,0.6950000000000001,0.8392659461763853,0.8746754111686437
4,0.7000000000000001,0.8323582900575633,0.8701018890123692
4,0.705,0.825392826261386,0.8653678895066479
4,0.71,0.8183680787151745,0.8604698921964602
4,0.715,0.8112825074387919,0.8554042607137335
4,0.72,0.8041345046025453,0.8501672390740774
4,0.725,0.7969223902668242,0.8447549476425322
4,0.73,0.7896444077714956,0.8391633787390111
4,0.735,0.782298718739206,0.8333883918513019
4,0.74,0.7748833976523247,0.8274257084197292
4,0.745,0.7673964259581995,0.8212709061540056
4,0.75,0.7598356856515927,0.8149194128380712
4,0.755,0.7521989522764794,0.8083664995738593
4,0.76,0.7444838872816797,0.8016072734090598
4,0.765,0.7366880296558702,0.7946366692873855
4,0.77,0.7288087867571684,0.7874494412522653
4,0.775,0.7208434242404262,0.7800401528261753
4,0.78,0.7127890549712942,0.7724031664777693
4,0.785,0.7046426267996269,0.764532632077355
4,0.79,0.6964009090454187,0.7564224742277132
4,0.795,0.6880604775275885,0.7480663783417285
4,0.8,0.679617697938849,0.7394577753195929
4,0.805,0.6710687073377122,0.730589824657273
4,0.81,0.662409393490246,0.7214553957922655
4,0.8150000000000001,0.6536353717481352,0.712047047462921
4,0.8200000000000001,0.644741959094125,0.7023570048221233
4,0.8250000000000001,0.6357241449187988,0.6923771340037801
4,0.8300000000000001,0.6265765580110266,0.6820989137901878
4,0.835,0.6172934291446436,0.6715134039671801
4,0.84,0.6078685485212741,0.6606112098808605
4,0.845,0.5982952171775804,0.6493824426200674
4,0.85,0.5885661912765424,0.6378166741397115
4,0.855,0.5786736179661062,0.6259028865058422
4,0.86,0.5686089611905448,0.6136294142772037
4,0.865,0.5583629154612598,0.6009838788310778
4,0.87,0.5479253051088309,0.5879531131814553
4,0.875,0.537284965911771,0.5745230755089896
4,0.88,0.526429605180997,0.5606787492031162
4,0.885,0.5153456353043342,0.5464040266771352
4,0.89,0.5040179743257529,0.5316815735162174
4,0.895,0.4924298052104917,0.5164926685972582
4,0.9,0.4805622828269508,0.5008170145966957
4,0.905,0.468394174058621,0.4846325116575919
4,0.91,0.45590141139095547,0.46791498474545057
4,0.915,0.4430565331021231,0.45063785212085905
4,0.92,0.4298279727294167,0.4327717179967727
4,0.925,0.4161791450287816,0.4142838662053381
4,0.93,0.4020672523012725,0.3951376225812445
4,0.935,0.38744169882616225,0.3752915401479612
4,0.9400000000000001,0.3722419436408397,0.3546983403233761
4,0.9450000000000001,0.3563945274856469,0.33330351044918494
4,0.9500000000000001,0.3398088489694243,0.3110434042937871
4,0.9550000000000001,0.32237097954706234,0.28784260127569916
4,0.96,0.3039342742606372,0.2636101190004586
4,0.965,0.2843044805952725,0.23823377208238827
4,0.97,0.2632148025904986,0.2115713670569378
4,0.975,0.24028114141347554,0.18343611274850025
4,0.98,0.2149139863647085,0.15357045539698888
4,0.985,0.18612097182042,0.12159367100324381
4,0.99,0.1519671371303186,0.08687771767800567
4,0.995,0.10745699318235424,0.04815111453570342
4,1.0,0.0,0.0
