n,cap,mean,formula,lp,formula_minus_lp
16,0.25,0.0,0.0,-0.0,0.0
16,0.25,0.00125,0.035355339059327376,0.02,0.015355339059327375
16,0.25,0.0025,0.05,0.04,0.010000000000000002
16,0.25,0.00625,0.07905694150420949,0.075,0.004056941504209488
16,0.25,0.0125,0.11180339887498948,0.10833333333333334,0.003470065541656145
16,0.25,0.025,0.125,0.125,0.0
16,0.25,0.0625,0.125,0.125,0.0
16,0.25,0.125,0.125,0.125,0.0
16,0.25,0.1875,0.125,0.125,0.0
16,0.25,0.225,0.125,0.125,0.0
16,0.25,0.2375,0.11180339887498954,0.10833333333333343,0.0034700655416561033
16,0.25,0.24375,0.07905694150420951,0.07499999999999993,0.004056941504209585
16,0.25,0.2475,0.050000000000000024,0.03999999999999898,0.010000000000001043
16,0.25,0.24875,0.03535533905932739,0.01999999999999936,0.015355339059328031
16,0.25,0.25,0.0,-0.0,0.0
16,0.5,0.0,0.0,-0.0,0.0
16,0.5,0.0025,0.05,0.04,0.010000000000000002
16,0.5,0.005,0.07071067811865475,0.06833333333333333,0.0023773447853214225
16,0.5,0.0125,0.11180339887498948,0.10833333333333334,0.003470065541656145
16,0.5,0.025,0.15811388300841897,0.155,0.0031138830084189717
16,0.5,0.05,0.22360679774997896,0.22142857142857142,0.002178226321407545
16,0.5,0.125,0.25,0.25,0.0
16,0.5,0.25,0.25,0.25,0.0
16,0.5,0.375,0.25,0.25,0.0
16,0.5,0.45,0.22360679774997894,0.2214285714285714,0.002178226321407545
16,0.5,0.475,0.15811388300841903,0.15500000000000008,0.003113883008418944
16,0.5,0.4875,0.11180339887498954,0.10833333333333323,0.0034700655416563114
16,0.5,0.495,0.07071067811865478,0.0683333333333331,0.002377344785321686
16,0.5,0.4975,0.050000000000000024,0.04000000000000072,0.009999999999999301
16,0.5,0.5,0.0,-0.0,0.0
16,0.75,0.0,0.0,-0.0,0.0
16,0.75,0.00375,0.06123724356957945,0.06,0.001237243569579452
16,0.75,0.0075,0.08660254037844387,0.08166666666666667,0.0049358737117772
16,0.75,0.018750000000000003,0.13693063937629155,0.135,0.0019306393762915375
16,0.75,0.037500000000000006,0.19364916731037085,0.19285714285714287,0.0007920244532279852
16,0.75,0.07500000000000001,0.2738612787525831,0.27222222222222225,0.0016390565303608384
16,0.75,0.1875,0.375,0.375,0.0
16,0.75,0.375,0.375,0.375,0.0
16,0.75,0.5625,0.375,0.375,0.0
16,0.75,0.675,0.273861278752583,0.27222222222222214,0.0016390565303608384
16,0.75,0.7124999999999999,0.19364916731037107,0.19285714285714306,0.000792024453228013
16,0.75,0.73125,0.13693063937629169,0.13500000000000015,0.0019306393762915375
16,0.75,0.7424999999999999,0.08660254037844423,0.08166666666666705,0.004935873711777172
16,0.75,0.74625,0.06123724356957971,0.0600000000000009,0.0012372435695788067
16,0.75,0.75,0.0,-0.0,0.0
16,1,0,0.0,-0.0,0.0
16,1,0.005,0.07071067811865475,0.06833333333333333,0.0023773447853214225
16,1,0.01,0.1,0.095,0.0050000000000000044
16,1,0.025,0.15811388300841897,0.155,0.0031138830084189717
16,1,0.05,0.22360679774997896,0.22142857142857142,0.002178226321407545
16,1,0.1,0.31622776601683794,0.3159090909090909,0.000318675107747024
16,1,0.25,0.5,0.5,0.0
16,1,0.5,0.5,0.5,0.0
16,1,0.75,0.5,0.5,0.0
16,1,0.9,0.3162277660168379,0.3159090909090909,0.0003186751077469685
16,1,0.95,0.22360679774997907,0.2214285714285715,0.0021782263214075726
16,1,0.975,0.15811388300841903,0.15500000000000008,0.003113883008418944
16,1,0.99,0.10000000000000005,0.0950000000000002,0.004999999999999852
16,1,0.995,0.07071067811865478,0.06833333333333359,0.0023773447853211865
16,1,1,0.0,-0.0,0.0
16,1.5,0.0,0.0,-0.0,0.0
16,1.5,0.0075,0.08660254037844387,0.08166666666666667,0.0049358737117772
16,1.5,0.015,0.1224744871391589,0.12166666666666667,0.0008078204724922267
16,1.5,0.037500000000000006,0.19364916731037085,0.19285714285714287,0.0007920244532279852
16,1.5,0.07500000000000001,0.2738612787525831,0.27222222222222225,0.0016390565303608384
16,1.5,0.15000000000000002,0.3872983346207417,0.38653846153846155,0.0007598730822801492
16,1.5,0.375,0.6123724356957945,0.611842105263158,0.0005303304326365055
16,1.5,0.75,0.75,0.75,0.0
16,1.5,1.125,0.6123724356957945,0.6118421052631579,0.0005303304326366165
16,1.5,1.35,0.3872983346207416,0.38653846153846144,0.0007598730822801492
16,1.5,1.4249999999999998,0.27386127875258337,0.27222222222222253,0.0016390565303608384
16,1.5,1.4625,0.19364916731037107,0.19285714285714306,0.000792024453228013
16,1.5,1.4849999999999999,0.12247448713915941,0.12166666666666737,0.0008078204724920462
16,1.5,1.4925,0.08660254037844423,0.081666666666667,0.004935873711777228
16,1.5,1.5,0.0,-0.0,0.0
16,2,0,0.0,-0.0,0.0
16,2,0.01,0.1,0.095,0.0050000000000000044
16,2,0.02,0.1414213562373095,0.139,0.002421356237309491
16,2,0.05,0.22360679774997896,0.22142857142857142,0.002178226321407545
16,2,0.1,0.31622776601683794,0.3159090909090909,0.000318675107747024
16,2,0.2,0.4472135954999579,0.44666666666666666,0.0005469288332912714
16,2,0.5,0.7071067811865476,0.7065217391304348,0.0005850420561127612
16,2,1.0,1,1.0,0.0
16,2,1.5,0.7071067811865476,0.7065217391304348,0.0005850420561127612
16,2,1.8,0.44721359549995787,0.44666666666666666,0.0005469288332912159
16,2,1.9,0.31622776601683805,0.31590909090909103,0.000318675107747024
16,2,1.95,0.22360679774997907,0.22142857142857153,0.002178226321407545
16,2,1.98,0.14142135623730956,0.139,0.0024213562373095465
16,2,1.99,0.10000000000000005,0.09500000000000008,0.004999999999999963
16,2,2,0.0,-0.0,0.0
32,0.25,0.0,0.0,-0.0,0.0
32,0.25,0.00125,0.035355339059327376,0.034166666666666665,0.0011886723926607112
32,0.25,0.0025,0.05,0.0475,0.0025000000000000022
32,0.25,0.00625,0.07905694150420949,0.0775,0.0015569415042094858
32,0.25,0.0125,0.11180339887498948,0.11071428571428571,0.0010891131607037724
32,0.25,0.025,0.125,0.125,0.0
32,0.25,0.0625,0.125,0.125,0.0
32,0.25,0.125,0.125,0.125,0.0
32,0.25,0.1875,0.125,0.125,0.0
32,0.25,0.225,0.125,0.125,0.0
32,0.25,0.2375,0.11180339887498954,0.11071428571428577,0.0010891131607037724
32,0.25,0.24375,0.07905694150420951,0.0775000000000001,0.0015569415042094165
32,0.25,0.2475,0.050000000000000024,0.047500000000000375,0.0024999999999996483
32,0.25,0.24875,0.03535533905932739,0.034166666666666436,0.001188672392660954
32,0.25,0.25,0.0,-0.0,0.0
32,0.5,0.0,0.0,-0.0,0.0
32,0.5,0.0025,0.05,0.0475,0.0025000000000000022
32,0.5,0.005,0.07071067811865475,0.0695,0.0012106781186547455
32,0.5,0.0125,0.11180339887498948,0.11071428571428571,0.0010891131607037724
32,0.5,0.025,0.15811388300841897,0.15795454545454546,0.000159337553873512
32,0.5,0.05,0.22360679774997896,0.22333333333333333,0.0002734644166456357
32,0.5,0.125,0.25,0.25,0.0
32,0.5,0.25,0.25,0.25,0.0
32,0.5,0.375,0.25,0.25,0.0
32,0.5,0.45,0.22360679774997894,0.2233333333333333,0.0002734644166456357
32,0.5,0.475,0.15811388300841903,0.1579545454545458,0.00015933755387323445
32,0.5,0.4875,0.11180339887498954,0.1107142857142858,0.0010891131607037308
32,0.5,0.495,0.07071067811865478,0.06949999999999998,0.001210678118654801
32,0.5,0.4975,0.050000000000000024,0.04749999999999979,0.002500000000000231
32,0.5,0.5,0.0,-0.0,0.0
32,0.75,0.0,0.0,-0.0,0.0
32,0.75,0.00375,0.06123724356957945,0.060833333333333336,0.00040391023624611333
32,0.75,0.0075,0.08660254037844387,0.08549999999999999,0.0011025403784438725
32,0.75,0.018750000000000003,0.13693063937629155,0.13611111111111113,0.0008195282651804192
32,0.75,0.037500000000000006,0.19364916731037085,0.19326923076923078,0.0003799365411400746
32,0.75,0.07500000000000001,0.2738612787525831,0.2735294117647059,0.00033186698787718294
32,0.75,0.1875,0.375,0.375,0.0
32,0.75,0.375,0.375,0.375,0.0
32,0.75,0.5625,0.375,0.375,0.0
32,0.75,0.675,0.273861278752583,0.27352941176470585,0.00033186698787712743
32,0.75,0.7124999999999999,0.19364916731037107,0.19326923076923141,0.00037993654113965825
32,0.75,0.73125,0.13693063937629169,0.13611111111111113,0.000819528265180558
32,0.75,0.7424999999999999,0.08660254037844423,0.08550000000000009,0.0011025403784441362
32,0.75,0.74625,0.06123724356957971,0.0608333333333336,0.0004039102362461064
32,0.75,0.75,0.0,-0.0,0.0
32,1,0,0.0,-0.0,0.0
32,1,0.005,0.07071067811865475,0.0695,0.0012106781186547455
32,1,0.01,0.1,0.09928571428571428,0.0007142857142857229
32,1,0.025,0.15811388300841897,0.15795454545454546,0.000159337553873512
32,1,0.05,0.22360679774997896,0.22333333333333333,0.0002734644166456357
32,1,0.1,0.31622776601683794,0.31607142857142856,0.00015633744540938244
32,1,0.25,0.5,0.5,0.0
32,1,0.5,0.5,0.5,0.0
32,1,0.75,0.5,0.5,0.0
32,1,0.9,0.3162277660168379,0.31607142857142856,0.00015633744540932693
32,1,0.95,0.22360679774997907,0.2233333333333335,0.0002734644166455802
32,1,0.975,0.15811388300841903,0.15795454545454546,0.00015933755387356752
32,1,0.99,0.10000000000000005,0.0992857142857145,0.0007142857142855424
32,1,0.995,0.07071067811865478,0.06949999999999987,0.001210678118654912
32,1,1,0.0,-0.0,0.0
32,1.5,0.0,0.0,-0.0,0.0
32,1.5,0.0075,0.08660254037844387,0.08549999999999999,0.0011025403784438725
32,1.5,0.015,0.1224744871391589,0.12214285714285714,0.00033162999630176326
32,1.5,0.037500000000000006,0.19364916731037085,0.19326923076923078,0.0003799365411400746
32,1.5,0.07500000000000001,0.2738612787525831,0.2735294117647059,0.00033186698787718294
32,1.5,0.15000000000000002,0.3872983346207417,0.387,0.0002983346207416915
32,1.5,0.375,0.6123724356957945,0.6121794871794872,0.0001929485163072453
32,1.5,0.75,0.75,0.75,0.0
32,1.5,1.125,0.6123724356957945,0.6121794871794872,0.0001929485163072453
32,1.5,1.35,0.3872983346207416,0.3869999999999999,0.0002983346207416915
32,1.5,1.4249999999999998,0.27386127875258337,0.27352941176470624,0.00033186698787712743
32,1.5,1.4625,0.19364916731037107,0.19326923076923097,0.00037993654114010234
32,1.5,1.4849999999999999,0.12247448713915941,0.12214285714285766,0.0003316299963017494
32,1.5,1.4925,0.08660254037844423,0.08550000000000035,0.0011025403784438725
32,1.5,1.5,0.0,-0.0,0.0
32,2,0,0.0,-0.0,0.0
32,2,0.01,0.1,0.09928571428571428,0.0007142857142857229
32,2,0.02,0.1414213562373095,0.14055555555555554,0.0008658006817539587
32,2,0.05,0.22360679774997896,0.22333333333333333,0.0002734644166456357
32,2,0.1,0.31622776601683794,0.31607142857142856,0.00015633744540938244
32,2,0.2,0.4472135954999579,0.4469827586206897,0.00023083687926822583
32,2,0.5,0.7071067811865476,0.7069444444444444,0.00016233674210319737
32,2,1.0,1,1.0,0.0
32,2,1.5,0.7071067811865476,0.7069444444444444,0.00016233674210319737
32,2,1.8,0.44721359549995787,0.4469827586206896,0.00023083687926828134
32,2,1.9,0.31622776601683805,0.31607142857142867,0.00015633744540938244
32,2,1.95,0.22360679774997907,0.22333333333333338,0.0002734644166456912
32,2,1.98,0.14142135623730956,0.14055555555555566,0.0008658006817539032
32,2,1.99,0.10000000000000005,0.09928571428571431,0.0007142857142857367
32,2,2,0.0,-0.0,0.0
64,0.25,0.0,0.0,-0.0,0.0
64,0.25,0.00125,0.035355339059327376,0.03475,0.0006053390593273728
64,0.25,0.0025,0.05,0.04964285714285714,0.0003571428571428614
64,0.25,0.00625,0.07905694150420949,0.07897727272727273,7.9668776936756e-05
64,0.25,0.0125,0.11180339887498948,0.11166666666666666,0.00013673220832281785
64,0.25,0.025,0.125,0.125,0.0
64,0.25,0.0625,0.125,0.125,0.0
64,0.25,0.125,0.125,0.125,0.0
64,0.25,0.1875,0.125,0.125,0.0
64,0.25,0.225,0.125,0.125,0.0
64,0.25,0.2375,0.11180339887498954,0.11166666666666672,0.00013673220832281785
64,0.25,0.24375,0.07905694150420951,0.07897727272727273,7.966877693678376e-05
64,0.25,0.2475,0.050000000000000024,0.04964285714285718,0.0003571428571428406
64,0.25,0.24875,0.03535533905932739,0.0347499999999998,0.0006053390593275879
64,0.25,0.25,0.0,-0.0,0.0
64,0.5,0.0,0.0,-0.0,0.0
64,0.5,0.0025,0.05,0.04964285714285714,0.0003571428571428614
64,0.5,0.005,0.07071067811865475,0.07027777777777777,0.00043290034087697937
64,0.5,0.0125,0.11180339887498948,0.11166666666666666,0.00013673220832281785
64,0.5,0.025,0.15811388300841897,0.15803571428571428,7.816872270469122e-05
64,0.5,0.05,0.22360679774997896,0.22349137931034485,0.00011541843963411291
64,0.5,0.125,0.25,0.25,0.0
64,0.5,0.25,0.25,0.25,0.0
64,0.5,0.375,0.25,0.25,0.0
64,0.5,0.45,0.22360679774997894,0.2234913793103448,0.00011541843963414067
64,0.5,0.475,0.15811388300841903,0.15803571428571436,7.816872270466346e-05
64,0.5,0.4875,0.11180339887498954,0.11166666666666673,0.00013673220832280397
64,0.5,0.495,0.07071067811865478,0.07027777777777754,0.00043290034087724305
64,0.5,0.4975,0.050000000000000024,0.04964285714285732,0.00035714285714270183
64,0.5,0.5,0.0,-0.0,0.0
64,0.75,0.0,0.0,-0.0,0.0
64,0.75,0.00375,0.06123724356957945,0.06107142857142857,0.00016581499815088163
64,0.75,0.0075,0.08660254037844387,0.08625,0.00035254037844387187
64,0.75,0.018750000000000003,0.13693063937629155,0.13676470588235295,0.00016593349393859147
64,0.75,0.037500000000000006,0.19364916731037085,0.1935,0.00014916731037084574
64,0.75,0.07500000000000001,0.2738612787525831,0.27375000000000005,0.00011127875258304387
64,0.75,0.1875,0.375,0.375,0.0
64,0.75,0.375,0.375,0.375,0.0
64,0.75,0.5625,0.375,0.375,0.0
64,0.75,0.675,0.273861278752583,0.2737499999999999,0.00011127875258309938
64,0.75,0.7124999999999999,0.19364916731037107,0.19350000000000017,0.00014916731037090125
64,0.75,0.73125,0.13693063937629169,0.13676470588235295,0.00016593349393873025
64,0.75,0.7424999999999999,0.08660254037844423,0.08625000000000047,0.00035254037844376085
64,0.75,0.74625,0.06123724356957971,0.06107142857142909,0.00016581499815061795
64,0.75,0.75,0.0,-0.0,0.0
64,1,0,0.0,-0.0,0.0
64,1,0.005,0.07071067811865475,0.07027777777777777,0.00043290034087697937
64,1,0.01,0.1,0.09971153846153846,0.000288461538461543
64,1,0.025,0.15811388300841897,0.15803571428571428,7.816872270469122e-05
64,1,0.05,0.22360679774997896,0.22349137931034485,0.00011541843963411291
64,1,0.1,0.31622776601683794,0.31615853658536586,6.922943147208427e-05
64,1,0.25,0.5,0.5,0.0
64,1,0.5,0.5,0.5,0.0
64,1,0.75,0.5,0.5,0.0
64,1,0.9,0.3162277660168379,0.3161585365853657,6.922943147219529e-05
64,1,0.95,0.22360679774997907,0.22349137931034482,0.00011541843963425169
64,1,0.975,0.15811388300841903,0.15803571428571436,7.816872270466346e-05
64,1,0.99,0.10000000000000005,0.09971153846153834,0.0002884615384617095
64,1,0.995,0.07071067811865478,0.07027777777777786,0.00043290034087692386
64,1,1,0.0,-0.0,0.0
64,1.5,0.0,0.0,-0.0,0.0
64,1.5,0.0075,0.08660254037844387,0.08625,0.00035254037844387187
64,1.5,0.015,0.1224744871391589,0.12233333333333332,0.0001411538058255779
64,1.5,0.037500000000000006,0.19364916731037085,0.1935,0.00014916731037084574
64,1.5,0.07500000000000001,0.2738612787525831,0.27375000000000005,0.00011127875258304387
64,1.5,0.15000000000000002,0.3872983346207417,0.3872448979591837,5.343666155799287e-05
64,1.5,0.375,0.6123724356957945,0.6123417721518987,3.066354389580361e-05
64,1.5,0.75,0.75,0.75,0.0
64,1.5,1.125,0.6123724356957945,0.6123417721518987,3.066354389580361e-05
64,1.5,1.35,0.3872983346207416,0.38724489795918354,5.343666155804838e-05
64,1.5,1.4249999999999998,0.27386127875258337,0.2737500000000003,0.00011127875258304387
64,1.5,1.4625,0.19364916731037107,0.19350000000000023,0.00014916731037084574
64,1.5,1.4849999999999999,0.12247448713915941,0.12233333333333385,0.00014115380582556403
64,1.5,1.4925,0.08660254037844423,0.08625000000000038,0.0003525403784438441
64,1.5,1.5,0.0,-0.0,0.0
64,2,0,0.0,-0.0,0.0
64,2,0.01,0.1,0.09971153846153846,0.000288461538461543
64,2,0.02,0.1414213562373095,0.1413815789473684,3.9777289941089755e-05
64,2,0.05,0.22360679774997896,0.22349137931034485,0.00011541843963411291
64,2,0.1,0.31622776601683794,0.31615853658536586,6.922943147208427e-05
64,2,0.2,0.4472135954999579,0.4471491228070176,6.447269294035385e-05
64,2,0.5,0.7071067811865476,0.7070741758241759,3.260536237170708e-05
64,2,1.0,1,1.0,0.0
64,2,1.5,0.7071067811865476,0.7070741758241759,3.260536237170708e-05
64,2,1.8,0.44721359549995787,0.44714912280701746,6.447269294040936e-05
64,2,1.9,0.31622776601683805,0.31615853658536597,6.922943147208427e-05
64,2,1.95,0.22360679774997907,0.2234913793103449,0.00011541843963416842
64,2,1.98,0.14142135623730956,0.14138157894736847,3.9777289941089755e-05
64,2,1.99,0.10000000000000005,0.09971153846153846,0.0002884615384615846
64,2,2,0.0,-0.0,0.0
128,0.25,0.0,0.0,-0.0,0.0
128,0.25,0.00125,0.035355339059327376,0.035138888888888886,0.00021645017043848969
128,0.25,0.0025,0.05,0.04985576923076923,0.0001442307692307715
128,0.25,0.00625,0.07905694150420949,0.07901785714285714,3.908436135234561e-05
128,0.25,0.0125,0.11180339887498948,0.11174568965517243,5.7709219817056456e-05
128,0.25,0.025,0.125,0.125,0.0
128,0.25,0.0625,0.125,0.125,0.0
128,0.25,0.125,0.125,0.125,0.0
128,0.25,0.1875,0.125,0.125,0.0
128,0.25,0.225,0.125,0.125,0.0
128,0.25,0.2375,0.11180339887498954,0.11174568965517243,5.770921981711197e-05
128,0.25,0.24375,0.07905694150420951,0.07901785714285703,3.908436135248439e-05
128,0.25,0.2475,0.050000000000000024,0.04985576923076965,0.00014423076923037598
128,0.25,0.24875,0.03535533905932739,0.035138888888889414,0.0002164501704379762
128,0.25,0.25,0.0,-0.0,0.0
128,0.5,0.0,0.0,-0.0,0.0
128,0.5,0.0025,0.05,0.04985576923076923,0.0001442307692307715
128,0.5,0.005,0.07071067811865475,0.0706907894736842,1.9888644970544878e-05
128,0.5,0.0125,0.11180339887498948,0.11174568965517243,5.7709219817056456e-05
128,0.5,0.025,0.15811388300841897,0.15807926829268293,3.4614715736042134e-05
128,0.5,0.05,0.22360679774997896,0.2235745614035088,3.2236346470176924e-05
128,0.5,0.125,0.25,0.25,0.0
128,0.5,0.25,0.25,0.25,0.0
128,0.5,0.375,0.25,0.25,0.0
128,0.5,0.45,0.22360679774997894,0.22357456140350873,3.223634647020468e-05
128,0.5,0.475,0.15811388300841903,0.15807926829268304,3.461471573598662e-05
128,0.5,0.4875,0.11180339887498954,0.1117456896551723,5.770921981723687e-05
128,0.5,0.495,0.07071067811865478,0.07069078947368398,1.9888644970794678e-05
128,0.5,0.4975,0.050000000000000024,0.04985576923076989,0.00014423076923013312
128,0.5,0.5,0.0,-0.0,0.0
128,0.75,0.0,0.0,-0.0,0.0
128,0.75,0.00375,0.06123724356957945,0.06116666666666666,7.057690291278895e-05
128,0.75,0.0075,0.08660254037844387,0.08657608695652173,2.6453421922131848e-05
128,0.75,0.018750000000000003,0.13693063937629155,0.13687500000000002,5.5639376291521936e-05
128,0.75,0.037500000000000006,0.19364916731037085,0.19362244897959185,2.6718330778996435e-05
128,0.75,0.07500000000000001,0.2738612787525831,0.2738556338028169,5.644949766181462e-06
128,0.75,0.1875,0.375,0.375,0.0
128,0.75,0.375,0.375,0.375,0.0
128,0.75,0.5625,0.375,0.375,0.0
128,0.75,0.675,0.273861278752583,0.27385563380281686,5.644949766125951e-06
128,0.75,0.7124999999999999,0.19364916731037107,0.19362244897959202,2.6718330779051946e-05
128,0.75,0.73125,0.13693063937629169,0.1368750000000002,5.563937629149418e-05
128,0.75,0.7424999999999999,0.08660254037844423,0.08657608695652172,2.6453421922506548e-05
128,0.75,0.74625,0.06123724356957971,0.06116666666666634,7.057690291336488e-05
128,0.75,0.75,0.0,-0.0,0.0
128,1,0,0.0,-0.0,0.0
128,1,0.005,0.07071067811865475,0.0706907894736842,1.9888644970544878e-05
128,1,0.01,0.1,0.09995,5.000000000000837e-05
128,1,0.025,0.15811388300841897,0.15807926829268293,3.4614715736042134e-05
128,1,0.05,0.22360679774997896,0.2235745614035088,3.2236346470176924e-05
128,1,0.1,0.31622776601683794,0.3162037037037037,2.4062313134232127e-05
128,1,0.25,0.5,0.5,0.0
128,1,0.5,0.5,0.5,0.0
128,1,0.75,0.5,0.5,0.0
128,1,0.9,0.3162277660168379,0.31620370370370376,2.4062313134121105e-05
128,1,0.95,0.22360679774997907,0.22357456140350884,3.2236346470232435e-05
128,1,0.975,0.15811388300841903,0.15807926829268282,3.461471573620867e-05
128,1,0.99,0.10000000000000005,0.09994999999999997,5.000000000007776e-05
128,1,0.995,0.07071067811865478,0.07069078947368408,1.9888644970697533e-05
128,1,1,0.0,-0.0,0.0
128,1.5,0.0,0.0,-0.0,0.0
128,1.5,0.0075,0.08660254037844387,0.08657608695652173,2.6453421922131848e-05
128,1.5,0.015,0.1224744871391589,0.12241935483870968,5.513230044922046e-05
128,1.5,0.037500000000000006,0.19364916731037085,0.19362244897959185,2.6718330778996435e-05
128,1.5,0.07500000000000001,0.2738612787525831,0.2738556338028169,5.644949766181462e-06
128,1.5,0.15000000000000002,0.3872983346207417,0.38727904040404043,1.9294216701271072e-05
128,1.5,0.375,0.6123724356957945,0.6123606687898089,1.1766905985588494e-05
128,1.5,0.75,0.75,0.75,0.0
128,1.5,1.125,0.6123724356957945,0.6123606687898089,1.1766905985588494e-05
128,1.5,1.35,0.3872983346207416,0.38727904040404026,1.9294216701326583e-05
128,1.5,1.4249999999999998,0.27386127875258337,0.2738556338028171,5.644949766292484e-06
128,1.5,1.4625,0.19364916731037107,0.19362244897959185,2.671833077921848e-05
128,1.5,1.4849999999999999,0.12247448713915941,0.12241935483871025,5.513230044916495e-05
128,1.5,1.4925,0.08660254037844423,0.08657608695652233,2.6453421921895925e-05
128,1.5,1.5,0.0,-0.0,0.0
128,2,0,0.0,-0.0,0.0
128,2,0.01,0.1,0.09995,5.000000000000837e-05
128,2,0.02,0.1414213562373095,0.14140202702702703,1.9329210282470477e-05
128,2,0.05,0.22360679774997896,0.2235745614035088,3.2236346470176924e-05
128,2,0.1,0.31622776601683794,0.3162037037037037,2.4062313134232127e-05
128,2,0.2,0.4472135954999579,0.4472010869565217,1.2508543436207109e-05
128,2,0.5,0.7071067811865476,0.7070959944751382,1.0786711409416228e-05
128,2,1.0,1,1.0,0.0
128,2,1.5,0.7071067811865476,0.707095994475138,1.078671140952725e-05
128,2,1.8,0.44721359549995787,0.4472010869565217,1.2508543436151598e-05
128,2,1.9,0.31622776601683805,0.31620370370370354,2.4062313134509683e-05
128,2,1.95,0.22360679774997907,0.22357456140350856,3.223634647050999e-05
128,2,1.98,0.14142135623730956,0.14140202702702695,1.9329210282609255e-05
128,2,1.99,0.10000000000000005,0.09994999999999961,5.000000000043858e-05
128,2,2,0.0,-0.0,0.0
256,0.25,0.0,0.0,-0.0,0.0
256,0.25,0.00125,0.035355339059327376,0.0353453947368421,9.944322485272439e-06
256,0.25,0.0025,0.05,0.049975,2.5000000000004186e-05
256,0.25,0.00625,0.07905694150420949,0.07903963414634146,1.7307357868021067e-05
256,0.25,0.0125,0.11180339887498948,0.1117872807017544,1.6118173235088462e-05
256,0.25,0.025,0.125,0.125,0.0
256,0.25,0.0625,0.125,0.125,0.0
256,0.25,0.125,0.125,0.125,0.0
256,0.25,0.1875,0.125,0.125,0.0
256,0.25,0.225,0.125,0.125,0.0
256,0.25,0.2375,0.11180339887498954,0.11178728070175445,1.6118173235088462e-05
256,0.25,0.24375,0.07905694150420951,0.07903963414634145,1.73073578680627e-05
256,0.25,0.2475,0.050000000000000024,0.049975000000000214,2.4999999999809897e-05
256,0.25,0.24875,0.03535533905932739,0.03534539473684184,9.944322485549995e-06
256,0.25,0.25,0.0,-0.0,0.0
256,0.5,0.0,0.0,-0.0,0.0
256,0.5,0.0025,0.05,0.049975,2.5000000000004186e-05
256,0.5,0.005,0.07071067811865475,0.07070101351351352,9.664605141235239e-06
256,0.5,0.0125,0.11180339887498948,0.1117872807017544,1.6118173235088462e-05
256,0.5,0.025,0.15811388300841897,0.15810185185185185,1.2031156567116064e-05
256,0.5,0.05,0.22360679774997896,0.22360054347826086,6.2542717181035545e-06
256,0.5,0.125,0.25,0.25,0.0
256,0.5,0.25,0.25,0.25,0.0
256,0.5,0.375,0.25,0.25,0.0
256,0.5,0.45,0.22360679774997894,0.2236005434782608,6.25427171813131e-06
256,0.5,0.475,0.15811388300841903,0.15810185185185197,1.2031156567060552e-05
256,0.5,0.4875,0.11180339887498954,0.11178728070175435,1.6118173235185607e-05
256,0.5,0.495,0.07071067811865478,0.07070101351351332,9.664605141457283e-06
256,0.5,0.4975,0.050000000000000024,0.04997499999999986,2.500000000016378e-05
256,0.5,0.5,0.0,-0.0,0.0
256,0.75,0.0,0.0,-0.0,0.0
256,0.75,0.00375,0.06123724356957945,0.06120967741935484,2.756615022461023e-05
256,0.75,0.0075,0.08660254037844387,0.08659027777777778,1.226260066608531e-05
256,0.75,0.018750000000000003,0.13693063937629155,0.13692781690140846,2.822474883090731e-06
256,0.75,0.037500000000000006,0.19364916731037085,0.19363952020202022,9.647108350635536e-06
256,0.75,0.07500000000000001,0.2738612787525831,0.27385859929078016,2.6794618029346573e-06
256,0.75,0.1875,0.375,0.375,0.0
256,0.75,0.375,0.375,0.375,0.0
256,0.75,0.5625,0.375,0.375,0.0
256,0.75,0.675,0.273861278752583,0.27385859929078005,2.6794618029346573e-06
256,0.75,0.7124999999999999,0.19364916731037107,0.19363952020202035,9.647108350718803e-06
256,0.75,0.73125,0.13693063937629169,0.1369278169014086,2.822474883090731e-06
256,0.75,0.7424999999999999,0.08660254037844423,0.08659027777777839,1.226260066583551e-05
256,0.75,0.74625,0.06123724356957971,0.06120967741935492,2.7566150224783703e-05
256,0.75,0.75,0.0,-0.0,0.0
256,1,0,0.0,-0.0,0.0
256,1,0.005,0.07071067811865475,0.07070101351351352,9.664605141235239e-06
256,1,0.01,0.1,0.09998161764705882,1.8382352941187508e-05
256,1,0.025,0.15811388300841897,0.15810185185185185,1.2031156567116064e-05
256,1,0.05,0.22360679774997896,0.22360054347826086,6.2542717181035545e-06
256,1,0.1,0.31622776601683794,0.3162267080745342,1.0579423037615499e-06
256,1,0.25,0.5,0.5,0.0
256,1,0.5,0.5,0.5,0.0
256,1,0.75,0.5,0.5,0.0
256,1,0.9,0.3162277660168379,0.3162267080745342,1.0579423037060387e-06
256,1,0.95,0.22360679774997907,0.223600543478261,6.254271718075799e-06
256,1,0.975,0.15811388300841903,0.1581018518518519,1.2031156567116064e-05
256,1,0.99,0.10000000000000005,0.0999816176470588,1.838235294124302e-05
256,1,0.995,0.07071067811865478,0.07070101351351349,9.66460514129075e-06
256,1,1,0.0,-0.0,0.0
256,1.5,0.0,0.0,-0.0,0.0
256,1.5,0.0075,0.08660254037844387,0.08659027777777778,1.226260066608531e-05
256,1.5,0.015,0.1224744871391589,0.12246031746031746,1.4169678841435829e-05
256,1.5,0.037500000000000006,0.19364916731037085,0.19363952020202022,9.647108350635536e-06
256,1.5,0.07500000000000001,0.2738612787525831,0.27385859929078016,2.6794618029346573e-06
256,1.5,0.15000000000000002,0.3872983346207417,0.3872958542713568,2.4803493848812863e-06
256,1.5,0.375,0.6123724356957945,0.6123702076677316,2.228028062822851e-06
256,1.5,0.75,0.75,0.75,0.0
256,1.5,1.125,0.6123724356957945,0.6123702076677316,2.228028062822851e-06
256,1.5,1.35,0.3872983346207416,0.38729585427135665,2.4803493849367975e-06
256,1.5,1.4249999999999998,0.27386127875258337,0.2738585992907804,2.6794618029901685e-06
256,1.5,1.4625,0.19364916731037107,0.1936395202020206,9.647108350469003e-06
256,1.5,1.4849999999999999,0.12247448713915941,0.12246031746031806,1.4169678841352562e-05
256,1.5,1.4925,0.08660254037844423,0.0865902777777783,1.2262600665932655e-05
256,1.5,1.5,0.0,-0.0,0.0
256,2,0,0.0,-0.0,0.0
256,2,0.01,0.1,0.09998161764705882,1.8382352941187508e-05
256,2,0.02,0.1414213562373095,0.1414126712328767,8.68500443279574e-06
256,2,0.05,0.22360679774997896,0.22360054347826086,6.2542717181035545e-06
256,2,0.1,0.31622776601683794,0.3162267080745342,1.0579423037615499e-06
256,2,0.2,0.4472135954999579,0.4472093340611354,4.261438822539265e-06
256,2,0.5,0.7071067811865476,0.7071065771349863,2.0405156131442226e-07
256,2,1.0,1,1.0,0.0
256,2,1.5,0.7071067811865476,0.7071065771349863,2.0405156131442226e-07
256,2,1.8,0.44721359549995787,0.4472093340611353,4.261438822594776e-06
256,2,1.9,0.31622776601683805,0.316226708074534,1.0579423040391056e-06
256,2,1.95,0.22360679774997907,0.22360054347826125,6.254271717825999e-06
256,2,1.98,0.14142135623730956,0.14141267123287748,8.685004432074095e-06
256,2,1.99,0.10000000000000005,0.09998161764705968,1.8382352940368718e-05
256,2,2,0.0,-0.0,0.0
1024,0.25,0.0,0.0,-0.0,0.0
1024,0.25,0.00125,0.035355339059327376,0.03535316780821918,2.171251108198935e-06
1024,0.25,0.0025,0.05,0.04999848300970874,1.516990291265674e-06
1024,0.25,0.00625,0.07905694150420949,0.07905667701863354,2.6448557594038746e-07
1024,0.25,0.0125,0.11180339887498948,0.11180233351528385,1.0653597056348163e-06
1024,0.25,0.025,0.125,0.125,0.0
1024,0.25,0.0625,0.125,0.125,0.0
1024,0.25,0.125,0.125,0.125,0.0
1024,0.25,0.1875,0.125,0.125,0.0
1024,0.25,0.225,0.125,0.125,0.0
1024,0.25,0.2375,0.11180339887498954,0.1118023335152839,1.0653597056348163e-06
1024,0.25,0.24375,0.07905694150420951,0.07905667701863363,2.644855758848763e-07
1024,0.25,0.2475,0.050000000000000024,0.04999848300970898,1.5169902910436295e-06
1024,0.25,0.24875,0.03535533905932739,0.0353531678082195,2.1712511078866847e-06
1024,0.25,0.25,0.0,-0.0,0.0
1024,0.5,0.0,0.0,-0.0,0.0
1024,0.5,0.0025,0.05,0.04999848300970874,1.516990291265674e-06
1024,0.5,0.005,0.07071067811865475,0.07070905172413794,1.6263945168126792e-06
1024,0.5,0.0125,0.11180339887498948,0.11180233351528385,1.0653597056348163e-06
1024,0.5,0.025,0.15811388300841897,0.15811363196594427,2.5104247469709406e-07
1024,0.5,0.05,0.22360679774997896,0.2236067423413567,5.540862227371157e-08
1024,0.5,0.125,0.25,0.25,0.0
1024,0.5,0.25,0.25,0.25,0.0
1024,0.5,0.375,0.25,0.25,0.0
1024,0.5,0.45,0.22360679774997894,0.22360674234135663,5.540862230146715e-08
1024,0.5,0.475,0.15811388300841903,0.15811363196594433,2.5104247469709406e-07
1024,0.5,0.4875,0.11180339887498954,0.11180233351528382,1.065359705718083e-06
1024,0.5,0.495,0.07071067811865478,0.07070905172413804,1.6263945167432903e-06
1024,0.5,0.4975,0.050000000000000024,0.04999848300970847,1.5169902915501687e-06
1024,0.5,0.5,0.0,-0.0,0.0
1024,0.75,0.0,0.0,-0.0,0.0
1024,0.75,0.00375,0.06123724356957945,0.061235625,1.6185695794479482e-06
1024,0.75,0.0075,0.08660254037844387,0.0866013418079096,1.1985705342665298e-06
1024,0.75,0.018750000000000003,0.13693063937629155,0.13693004893238436,5.904439071835466e-07
1024,0.75,0.037500000000000006,0.19364916731037085,0.19364865396725442,5.133431164316971e-07
1024,0.75,0.07500000000000001,0.2738612787525831,0.2738608511586453,4.275939378128868e-07
1024,0.75,0.1875,0.375,0.375,0.0
1024,0.75,0.375,0.375,0.375,0.0
1024,0.75,0.5625,0.375,0.375,0.0
1024,0.75,0.675,0.273861278752583,0.2738608511586452,4.2759393775737564e-07
1024,0.75,0.7124999999999999,0.19364916731037107,0.19364865396725467,5.133431164039415e-07
1024,0.75,0.73125,0.13693063937629169,0.13693004893238447,5.904439072113021e-07
1024,0.75,0.7424999999999999,0.08660254037844423,0.08660134180791014,1.1985705340861186e-06
1024,0.75,0.74625,0.06123724356957971,0.06123562500000038,1.618569579329987e-06
1024,0.75,0.75,0.0,-0.0,0.0
1024,1,0,0.0,-0.0,0.0
1024,1,0.005,0.07071067811865475,0.07070905172413794,1.6263945168126792e-06
1024,1,0.01,0.1,0.09999885670731708,1.143292682928565e-06
1024,1,0.025,0.15811388300841897,0.15811363196594427,2.5104247469709406e-07
1024,1,0.05,0.22360679774997896,0.2236067423413567,5.540862227371157e-08
1024,1,0.1,0.31622776601683794,0.3162275405718702,2.2544496774967726e-07
1024,1,0.25,0.5,0.5,0.0
1024,1,0.5,0.5,0.5,0.0
1024,1,0.75,0.5,0.5,0.0
1024,1,0.9,0.3162277660168379,0.3162275405718701,2.254449678051884e-07
1024,1,0.95,0.22360679774997907,0.2236067423413566,5.54086224680006e-08
1024,1,0.975,0.15811388300841903,0.1581136319659445,2.510424745305606e-07
1024,1,0.99,0.10000000000000005,0.09999885670731748,1.1432926825677425e-06
1024,1,0.995,0.07071067811865478,0.07070905172413794,1.6263945168404348e-06
1024,1,1,0.0,-0.0,0.0
1024,1.5,0.0,0.0,-0.0,0.0
1024,1.5,0.0075,0.08660254037844387,0.0866013418079096,1.1985705342665298e-06
1024,1.5,0.015,0.1224744871391589,0.12247354332669322,9.438124656813152e-07
1024,1.5,0.037500000000000006,0.19364916731037085,0.19364865396725442,5.133431164316971e-07
1024,1.5,0.07500000000000001,0.2738612787525831,0.2738608511586453,4.275939378128868e-07
1024,1.5,0.15000000000000002,0.3872983346207417,0.38729803751576297,2.97104978730367e-07
1024,1.5,0.375,0.6123724356957945,0.6123723854581673,5.0237627169380517e-08
1024,1.5,0.75,0.75,0.75,0.0
1024,1.5,1.125,0.6123724356957945,0.6123723854581673,5.0237627169380517e-08
1024,1.5,1.35,0.3872983346207416,0.3872980375157627,2.9710497889690046e-07
1024,1.5,1.4249999999999998,0.27386127875258337,0.2738608511586456,4.2759393775737564e-07
1024,1.5,1.4625,0.19364916731037107,0.1936486539672549,5.133431161818969e-07
1024,1.5,1.4849999999999999,0.12247448713915941,0.12247354332669394,9.438124654731483e-07
1024,1.5,1.4925,0.08660254037844423,0.08660134180791038,1.1985705338501962e-06
1024,1.5,1.5,0.0,-0.0,0.0
1024,2,0,0.0,-0.0,0.0
1024,2,0.01,0.1,0.09999885670731708,1.143292682928565e-06
1024,2,0.02,0.1414213562373095,0.14142084775086505,5.084864444504511e-07
1024,2,0.05,0.22360679774997896,0.2236067423413567,5.540862227371157e-08
1024,2,0.1,0.31622776601683794,0.3162275405718702,2.2544496774967726e-07
1024,2,0.2,0.4472135954999579,0.4472135416666667,5.383329121366742e-08
1024,2,0.5,0.7071067811865476,0.7071067330917875,4.809476006339963e-08
1024,2,1.0,1,1.0,0.0
1024,2,1.5,0.7071067811865476,0.7071067330917875,4.809476006339963e-08
1024,2,1.8,0.44721359549995787,0.4472135416666666,5.3833291269178574e-08
1024,2,1.9,0.31622776601683805,0.31622754057187014,2.2544496791621071e-07
1024,2,1.95,0.22360679774997907,0.22360674234135625,5.5408622828823084e-08
1024,2,1.98,0.14142135623730956,0.14142084775086555,5.084864440063619e-07
1024,2,1.99,0.10000000000000005,0.0999988567073175,1.1432926825538647e-06
1024,2,2,0.0,-0.0,0.0
