family,floor_fraction,sd_reference_fraction,reference_mean_tco2e,budget_eur,floor_eur,sd_tco2e,halfwidth_tco2e,threshold_tco2e,constant_contract,expected_payment_eur,marginal_eur_per_tco2e,marginal_fraction_of_cap,reported_emissions_negative_probability,value_status,official_budget_marginal_fraction,fraction_difference_from_official
uniform,0.0,0.0,316912.0,7922800.0,0.0,0.0,0.0,0.0,False,7922800.0,25.0,1.0,0.0,hypothetical scenario,1.0,0.0
uniform,0.1,0.0,316912.0,7922800.0,792280.0,0.0,0.0,31691.20000000001,False,7922800.0,25.0,1.0,0.0,hypothetical scenario,1.0,0.0
uniform,0.2,0.0,316912.0,7922800.0,1584560.0,0.0,0.0,63382.399999999994,False,7922800.0,25.0,1.0,0.0,hypothetical scenario,1.0,0.0
uniform,0.3,0.0,316912.0,7922800.0,2376840.0,0.0,0.0,95073.6,False,7922800.0,25.0,1.0,0.0,hypothetical scenario,1.0,0.0
uniform,0.4,0.0,316912.0,7922800.0,3169120.0,0.0,0.0,126764.79999999999,False,7922800.0,25.0,1.0,0.0,hypothetical scenario,1.0,0.0
uniform,0.5,0.0,316912.0,7922800.0,3961400.0,0.0,0.0,158456.0,False,7922800.0,25.0,1.0,0.0,hypothetical scenario,1.0,0.0
uniform,0.6,0.0,316912.0,7922800.0,4753680.0,0.0,0.0,190147.2,False,7922800.0,25.0,1.0,0.0,hypothetical scenario,1.0,0.0
uniform,0.7,0.0,316912.0,7922800.0,5545960.0,0.0,0.0,221838.4,False,7922800.0,25.0,1.0,0.0,hypothetical scenario,1.0,0.0
uniform,0.8,0.0,316912.0,7922800.0,6338240.0,0.0,0.0,253529.6,False,7922800.0,25.0,1.0,0.0,hypothetical scenario,1.0,0.0
uniform,0.9,0.0,316912.0,7922800.0,7130520.0,0.0,0.0,285220.8,False,7922800.0,25.0,1.0,0.0,hypothetical scenario,1.0,0.0
uniform,0.95,0.0,316912.0,7922800.0,7526660.0,0.0,0.0,301066.4,False,7922799.999999999,25.0,1.0,0.0,hypothetical scenario,1.0,0.0
uniform,0.99,0.0,316912.0,7922800.0,7843572.0,0.0,0.0,313742.88,False,7922800.0,25.0,1.0,0.0,hypothetical scenario,1.0,0.0
uniform,1.0,0.0,316912.0,7922800.0,7922800.0,0.0,0.0,,True,7922800.0,0.0,0.0,0.0,hypothetical scenario,0.0,0.0
uniform,0.0,0.025,316912.0,7922800.0,0.0,7922.8,13722.692138206701,0.0,False,7922800.0,25.0,1.0,0.0,hypothetical scenario,1.0,0.0
uniform,0.1,0.025,316912.0,7922800.0,792280.0,7922.8,13722.692138206701,31691.20000000001,False,7922800.0,25.0,1.0,0.0,hypothetical scenario,1.0,0.0
uniform,0.2,0.025,316912.0,7922800.0,1584560.0,7922.8,13722.692138206701,63382.399999999994,False,7922800.0,25.0,1.0,0.0,hypothetical scenario,1.0,0.0
uniform,0.3,0.025,316912.0,7922800.0,2376840.0,7922.8,13722.692138206701,95073.6,False,7922800.0,25.0,1.0,0.0,hypothetical scenario,1.0,0.0
uniform,0.4,0.025,316912.0,7922800.0,3169120.0,7922.8,13722.692138206701,126764.79999999999,False,7922800.0,25.0,1.0,0.0,hypothetical scenario,1.0,0.0
uniform,0.5,0.025,316912.0,7922800.0,3961400.0,7922.8,13722.692138206701,158456.0,False,7922800.0,25.0,1.0,0.0,hypothetical scenario,1.0,0.0
uniform,0.6,0.025,316912.0,7922800.0,4753680.0,7922.8,13722.692138206701,190147.2,False,7922800.0,25.0,1.0,0.0,hypothetical scenario,1.0,0.0
uniform,0.7,0.025,316912.0,7922800.0,5545960.0,7922.8,13722.692138206701,221838.4,False,7922800.0,25.0,1.0,0.0,hypothetical scenario,1.0,0.0
uniform,0.8,0.025,316912.0,7922800.0,6338240.0,7922.8,13722.692138206701,253529.6,False,7922800.0,25.0,1.0,0.0,hypothetical scenario,1.0,0.0
uniform,0.9,0.025,316912.0,7922800.0,7130520.0,7922.8,13722.692138206701,285220.8,False,7922800.0,25.0,1.0,0.0,hypothetical scenario,1.0,0.0
uniform,0.95,0.025,316912.0,7922800.0,7526660.0,7922.8,13722.692138206701,301066.4,False,7922799.999999999,25.0,1.0,0.0,hypothetical scenario,1.0,0.0
uniform,0.99,0.025,316912.0,7922800.0,7843572.0,7922.8,13722.692138206701,317445.47561727057,False,7922800.0,12.014057070673758,0.4805622828269503,0.0,hypothetical scenario,0.48062899936902637,-6.671654207607292e-05
uniform,1.0,0.025,316912.0,7922800.0,7922800.0,7922.8,13722.692138206701,,True,7922800.0,0.0,0.0,0.0,hypothetical scenario,0.0,0.0
uniform,0.0,0.05,316912.0,7922800.0,0.0,15845.6,27445.384276413402,0.0,False,7922800.0,25.0,1.0,0.0,hypothetical scenario,1.0,0.0
uniform,0.1,0.05,316912.0,7922800.0,792280.0,15845.6,27445.384276413402,31691.20000000001,False,7922800.0,25.0,1.0,0.0,hypothetical scenario,1.0,0.0
uniform,0.2,0.05,316912.0,7922800.0,1584560.0,15845.6,27445.384276413402,63382.399999999994,False,7922800.0,25.0,1.0,0.0,hypothetical scenario,1.0,0.0
uniform,0.3,0.05,316912.0,7922800.0,2376840.0,15845.6,27445.384276413402,95073.6,False,7922800.0,25.0,1.0,0.0,hypothetical scenario,1.0,0.0
uniform,0.4,0.05,316912.0,7922800.0,3169120.0,15845.6,27445.384276413402,126764.79999999999,False,7922800.0,25.0,1.0,0.0,hypothetical scenario,1.0,0.0
uniform,0.5,0.05,316912.0,7922800.0,3961400.0,15845.6,27445.384276413402,158456.0,False,7922800.0,25.0,1.0,0.0,hypothetical scenario,1.0,0.0
uniform,0.6,0.05,316912.0,7922800.0,4753680.0,15845.6,27445.384276413402,190147.2,False,7922800.0,25.0,1.0,0.0,hypothetical scenario,1.0,0.0
uniform,0.7,0.05,316912.0,7922800.0,5545960.0,15845.6,27445.384276413402,221838.4,False,7922800.0,25.0,1.0,0.0,hypothetical scenario,1.0,0.0
uniform,0.8,0.05,316912.0,7922800.0,6338240.0,15845.6,27445.384276413402,253529.6,False,7922800.0,25.0,1.0,0.0,hypothetical scenario,1.0,0.0
uniform,0.9,0.05,316912.0,7922800.0,7130520.0,15845.6,27445.384276413402,285220.8,False,7922800.0,25.0,1.0,0.0,hypothetical scenario,1.0,0.0
uniform,0.95,0.05,316912.0,7922800.0,7526660.0,15845.6,27445.384276413402,302649.4195171334,False,7922800.0,18.995892141289815,0.7598356856515927,0.0,hypothetical scenario,0.7599411737668776,-0.00010548811528499069
uniform,0.99,0.05,316912.0,7922800.0,7843572.0,15845.6,27445.384276413402,325705.01539543027,False,7922800.0,8.495221224235609,0.33980884896942437,0.0,hypothetical scenario,0.3398560246887439,-4.717571931950326e-05
uniform,1.0,0.05,316912.0,7922800.0,7922800.0,15845.6,27445.384276413402,,True,7922800.0,0.0,0.0,0.0,hypothetical scenario,0.0,0.0
uniform,0.0,0.1,316912.0,7922800.0,0.0,31691.2,54890.768552826805,0.0,False,7922800.0,25.0,1.0,0.0,hypothetical scenario,1.0,0.0
uniform,0.1,0.1,316912.0,7922800.0,792280.0,31691.2,54890.768552826805,31691.20000000001,False,7922800.0,25.0,1.0,0.0,hypothetical scenario,1.0,0.0
uniform,0.2,0.1,316912.0,7922800.0,1584560.0,31691.2,54890.768552826805,63382.399999999994,False,7922800.0,25.0,1.0,0.0,hypothetical scenario,1.0,0.0
uniform,0.3,0.1,316912.0,7922800.0,2376840.0,31691.2,54890.768552826805,95073.6,False,7922800.0,25.0,1.0,0.0,hypothetical scenario,1.0,0.0
uniform,0.4,0.1,316912.0,7922800.0,3169120.0,31691.2,54890.768552826805,126764.79999999999,False,7922800.0,25.0,1.0,0.0,hypothetical scenario,1.0,0.0
uniform,0.5,0.1,316912.0,7922800.0,3961400.0,31691.2,54890.768552826805,158456.0,False,7922800.0,25.0,1.0,0.0,hypothetical scenario,1.0,0.0
uniform,0.6,0.1,316912.0,7922800.0,4753680.0,31691.2,54890.768552826805,190147.2,False,7922800.0,25.0,1.0,0.0,hypothetical scenario,1.0,0.0
uniform,0.7,0.1,316912.0,7922800.0,5545960.0,31691.2,54890.768552826805,221838.4,False,7922800.0,25.0,1.0,0.0,hypothetical scenario,1.0,0.0
uniform,0.8,0.1,316912.0,7922800.0,6338240.0,31691.2,54890.768552826805,253529.6,False,7922800.0,25.0,1.0,0.0,hypothetical scenario,1.0,0.0
uniform,0.9,0.1,316912.0,7922800.0,7130520.0,31691.2,54890.768552826805,288386.83903426677,False,7922800.0,18.995892141289815,0.7598356856515927,0.0,hypothetical scenario,0.7599411737668776,-0.00010548811528499069
uniform,0.95,0.1,316912.0,7922800.0,7526660.0,31691.2,54890.768552826805,312818.79913127393,False,7922800.0,13.43212414779427,0.5372849659117708,0.0,hypothetical scenario,0.5373595572734234,-7.4591361652665e-05
uniform,0.99,0.1,316912.0,7922800.0,7843572.0,31691.2,54890.768552826805,345424.33551095455,False,7922800.0,6.007028535336892,0.24028114141347567,0.0,hypothetical scenario,0.24031449968451318,-3.33582710375091e-05
uniform,1.0,0.1,316912.0,7922800.0,7922800.0,31691.2,54890.768552826805,,True,7922800.0,0.0,0.0,0.0,hypothetical scenario,0.0,0.0
uniform,0.0,0.2,316912.0,7922800.0,0.0,63382.4,109781.53710565361,0.0,False,7922800.0,25.0,1.0,0.0,hypothetical scenario,1.0,0.0
uniform,0.1,0.2,316912.0,7922800.0,792280.0,63382.4,109781.53710565361,31691.20000000001,False,7922800.0,25.0,1.0,0.0,hypothetical scenario,1.0,0.0
uniform,0.2,0.2,316912.0,7922800.0,1584560.0,63382.4,109781.53710565361,63382.399999999994,False,7922800.0,25.0,1.0,0.0,hypothetical scenario,1.0,0.0
uniform,0.3,0.2,316912.0,7922800.0,2376840.0,63382.4,109781.53710565361,95073.6,False,7922800.0,25.0,1.0,0.0,hypothetical scenario,1.0,0.0
uniform,0.4,0.2,316912.0,7922800.0,3169120.0,63382.4,109781.53710565361,126764.79999999999,False,7922800.0,25.0,1.0,0.0,hypothetical scenario,1.0,0.0
uniform,0.5,0.2,316912.0,7922800.0,3961400.0,63382.4,109781.53710565361,158456.0,False,7922800.0,25.0,1.0,0.0,hypothetical scenario,1.0,0.0
uniform,0.6,0.2,316912.0,7922800.0,4753680.0,63382.4,109781.53710565361,190147.2,False,7922800.0,25.0,1.0,0.0,hypothetical scenario,1.0,0.0
uniform,0.7,0.2,316912.0,7922800.0,5545960.0,63382.4,109781.53710565361,222367.07336521623,False,7922800.0,23.26512147755249,0.9306048591020997,0.0,hypothetical scenario,0.9307340551302877,-0.00012919602818806109
uniform,0.8,0.2,316912.0,7922800.0,6338240.0,63382.4,109781.53710565361,259861.67806853348,False,7922800.0,18.995892141289815,0.7598356856515927,0.0,hypothetical scenario,0.7599411737668775,-0.00010548811528487967
uniform,0.9,0.2,316912.0,7922800.0,7130520.0,63382.4,109781.53710565361,308725.59826254775,False,7922800.0,13.432124147794278,0.5372849659117711,0.0,hypothetical scenario,0.5373595572734237,-7.459136165255398e-05
uniform,0.95,0.2,316912.0,7922800.0,7526660.0,63382.4,109781.53710565361,343277.60758709355,False,7922800.0,9.497946070644907,0.3799178428257963,0.0,hypothetical scenario,0.3799705868834388,-5.2744057642495346e-05
uniform,0.99,0.2,316912.0,7922800.0,7843572.0,63382.4,109781.53710565361,389388.7993436873,False,7922800.0,4.247610612117804,0.16990442448471219,0.0,hypothetical scenario,0.16992801234437171,-2.3587859659529586e-05
uniform,1.0,0.2,316912.0,7922800.0,7922800.0,63382.4,109781.53710565361,,True,7922800.0,0.0,0.0,0.0,hypothetical scenario,0.0,0.0
uniform,0.0,0.3,316912.0,7922800.0,0.0,95073.59999999999,164672.30565848039,0.0,False,7922800.0,25.0,1.0,0.0,hypothetical scenario,1.0,0.0
uniform,0.1,0.3,316912.0,7922800.0,792280.0,95073.59999999999,164672.30565848039,31691.20000000001,False,7922800.0,25.0,1.0,0.0,hypothetical scenario,1.0,0.0
uniform,0.2,0.3,316912.0,7922800.0,1584560.0,95073.59999999999,164672.30565848039,63382.399999999994,False,7922800.0,25.0,1.0,0.0,hypothetical scenario,1.0,0.0
uniform,0.3,0.3,316912.0,7922800.0,2376840.0,95073.59999999999,164672.30565848039,95073.6,False,7922800.0,25.0,1.0,0.0,hypothetical scenario,1.0,0.0
uniform,0.4,0.3,316912.0,7922800.0,3169120.0,95073.59999999999,164672.30565848039,126764.79999999999,False,7922800.0,25.0,1.0,0.0,hypothetical scenario,1.0,0.0
uniform,0.5,0.3,316912.0,7922800.0,3961400.0,95073.59999999999,164672.30565848039,158515.79982468567,False,7922799.999999999,24.523591303189267,0.9809436521275707,0.0,hypothetical scenario,0.9810798366988114,-0.00013618457124064953
uniform,0.6,0.3,316912.0,7922800.0,4753680.0,95073.59999999999,164672.30565848039,192623.0494850194,False,7922800.0,21.934566882541542,0.8773826753016617,0.0,hypothetical scenario,0.877504482485174,-0.00012180718351229025
uniform,0.7,0.3,316912.0,7922800.0,5545960.0,95073.59999999999,164672.30565848039,231336.51710280025,False,7922800.0,18.995892141289815,0.7598356856515927,0.0,hypothetical scenario,0.7599411737668776,-0.00010548811528499069
uniform,0.8,0.3,316912.0,7922800.0,6338240.0,95073.59999999999,164672.30565848039,277257.841918043,False,7922800.0,15.510080985034996,0.6204032394013999,0.0,hypothetical scenario,0.6204893700868587,-8.613068545881841e-05
uniform,0.9,0.3,316912.0,7922800.0,7130520.0,95073.59999999999,164672.30565848039,337103.6775717499,False,7922800.0,10.967283441270771,0.43869133765083085,0.0,hypothetical scenario,0.43875224124258705,-6.090359175620064e-05
uniform,0.95,0.3,316912.0,7922800.0,7526660.0,95073.59999999999,164672.30565848039,379421.0737882617,False,7922800.0,7.755040492517498,0.3102016197006999,0.0,hypothetical scenario,0.31024468504342934,-4.3065342729409206e-05
uniform,0.99,0.3,316912.0,7922800.0,7843572.0,95073.59999999999,164672.30565848039,435895.519405904,False,7922800.0,3.4681595419065148,0.13872638167626059,0.0,hypothetical scenario,0.1387456410830241,-1.925940676350546e-05
uniform,1.0,0.3,316912.0,7922800.0,7922800.0,95073.59999999999,164672.30565848039,,True,7922800.0,0.0,0.0,0.0,hypothetical scenario,0.0,0.0
