sd_reference_fraction,target_fraction_of_cap,max_gap_fraction,max_gap_eur,boundary_attained
0.0,0.0,1.0,7925000.0,True
0.0,0.005,1.0,7925000.0,False
0.0,0.01,1.0,7925000.0,False
0.0,0.015,1.0,7925000.0,False
0.0,0.02,1.0,7925000.0,False
0.0,0.025,1.0,7925000.0,False
0.0,0.03,1.0,7925000.0,False
0.0,0.035,1.0,7925000.0,False
0.0,0.04,1.0,7925000.0,False
0.0,0.045,1.0,7925000.0,False
0.0,0.05,1.0,7925000.0,False
0.0,0.055,1.0,7925000.0,False
0.0,0.06,1.0,7925000.0,False
0.0,0.065,1.0,7925000.0,False
0.0,0.07,1.0,7925000.0,False
0.0,0.075,1.0,7925000.0,False
0.0,0.08,1.0,7925000.0,False
0.0,0.085,1.0,7925000.0,False
0.0,0.09,1.0,7925000.0,False
0.0,0.095,1.0,7925000.0,False
0.0,0.1,1.0,7925000.0,False
0.0,0.105,1.0,7925000.0,False
0.0,0.11,1.0,7925000.0,False
0.0,0.115,1.0,7925000.0,False
0.0,0.12,1.0,7925000.0,False
0.0,0.125,1.0,7925000.0,False
0.0,0.13,1.0,7925000.0,False
0.0,0.135,1.0,7925000.0,False
0.0,0.14,1.0,7925000.0,False
0.0,0.145,1.0,7925000.0,False
0.0,0.15,1.0,7925000.0,False
0.0,0.155,1.0,7925000.0,False
0.0,0.16,1.0,7925000.0,False
0.0,0.165,1.0,7925000.0,False
0.0,0.17,1.0,7925000.0,False
0.0,0.17500000000000002,1.0,7925000.0,False
0.0,0.18,1.0,7925000.0,False
0.0,0.185,1.0,7925000.0,False
0.0,0.19,1.0,7925000.0,False
0.0,0.195,1.0,7925000.0,False
0.0,0.2,1.0,7925000.0,False
0.0,0.20500000000000002,1.0,7925000.0,False
0.0,0.21,1.0,7925000.0,False
0.0,0.215,1.0,7925000.0,False
0.0,0.22,1.0,7925000.0,False
0.0,0.225,1.0,7925000.0,False
0.0,0.23,1.0,7925000.0,False
0.0,0.23500000000000001,1.0,7925000.0,False
0.0,0.24,1.0,7925000.0,False
0.0,0.245,1.0,7925000.0,False
0.0,0.25,1.0,7925000.0,False
0.0,0.255,1.0,7925000.0,False
0.0,0.26,1.0,7925000.0,False
0.0,0.265,1.0,7925000.0,False
0.0,0.27,1.0,7925000.0,False
0.0,0.275,1.0,7925000.0,False
0.0,0.28,1.0,7925000.0,False
0.0,0.28500000000000003,1.0,7925000.0,False
0.0,0.29,1.0,7925000.0,False
0.0,0.295,1.0,7925000.0,False
0.0,0.3,1.0,7925000.0,False
0.0,0.305,1.0,7925000.0,False
0.0,0.31,1.0,7925000.0,False
0.0,0.315,1.0,7925000.0,False
0.0,0.32,1.0,7925000.0,False
0.0,0.325,1.0,7925000.0,False
0.0,0.33,1.0,7925000.0,False
0.0,0.335,1.0,7925000.0,False
0.0,0.34,1.0,7925000.0,False
0.0,0.34500000000000003,1.0,7925000.0,False
0.0,0.35000000000000003,1.0,7925000.0,False
0.0,0.355,1.0,7925000.0,False
0.0,0.36,1.0,7925000.0,False
0.0,0.365,1.0,7925000.0,False
0.0,0.37,1.0,7925000.0,False
0.0,0.375,1.0,7925000.0,False
0.0,0.38,1.0,7925000.0,False
0.0,0.385,1.0,7925000.0,False
0.0,0.39,1.0,7925000.0,False
0.0,0.395,1.0,7925000.0,False
0.0,0.4,1.0,7925000.0,False
0.0,0.405,1.0,7925000.0,False
0.0,0.41000000000000003,1.0,7925000.0,False
0.0,0.41500000000000004,1.0,7925000.0,False
0.0,0.42,1.0,7925000.0,False
0.0,0.425,1.0,7925000.0,False
0.0,0.43,1.0,7925000.0,False
0.0,0.435,1.0,7925000.0,False
0.0,0.44,1.0,7925000.0,False
0.0,0.445,1.0,7925000.0,False
0.0,0.45,1.0,7925000.0,False
0.0,0.455,1.0,7925000.0,False
0.0,0.46,1.0,7925000.0,False
0.0,0.465,1.0,7925000.0,False
0.0,0.47000000000000003,1.0,7925000.0,False
0.0,0.47500000000000003,1.0,7925000.0,False
0.0,0.48,1.0,7925000.0,False
0.0,0.485,1.0,7925000.0,False
0.0,0.49,1.0,7925000.0,False
0.0,0.495,1.0,7925000.0,False
0.0,0.5,1.0,7925000.0,False
0.0,0.505,1.0,7925000.0,False
0.0,0.51,1.0,7925000.0,False
0.0,0.515,1.0,7925000.0,False
0.0,0.52,1.0,7925000.0,False
0.0,0.525,1.0,7925000.0,False
0.0,0.53,1.0,7925000.0,False
0.0,0.535,1.0,7925000.0,False
0.0,0.54,1.0,7925000.0,False
0.0,0.545,1.0,7925000.0,False
0.0,0.55,1.0,7925000.0,False
0.0,0.555,1.0,7925000.0,False
0.0,0.56,1.0,7925000.0,False
0.0,0.5650000000000001,1.0,7925000.0,False
0.0,0.5700000000000001,1.0,7925000.0,False
0.0,0.5750000000000001,1.0,7925000.0,False
0.0,0.58,1.0,7925000.0,False
0.0,0.585,1.0,7925000.0,False
0.0,0.59,1.0,7925000.0,False
0.0,0.595,1.0,7925000.0,False
0.0,0.6,1.0,7925000.0,False
0.0,0.605,1.0,7925000.0,False
0.0,0.61,1.0,7925000.0,False
0.0,0.615,1.0,7925000.0,False
0.0,0.62,1.0,7925000.0,False
0.0,0.625,1.0,7925000.0,False
0.0,0.63,1.0,7925000.0,False
0.0,0.635,1.0,7925000.0,False
0.0,0.64,1.0,7925000.0,False
0.0,0.645,1.0,7925000.0,False
0.0,0.65,1.0,7925000.0,False
0.0,0.655,1.0,7925000.0,False
0.0,0.66,1.0,7925000.0,False
0.0,0.665,1.0,7925000.0,False
0.0,0.67,1.0,7925000.0,False
0.0,0.675,1.0,7925000.0,False
0.0,0.68,1.0,7925000.0,False
0.0,0.685,1.0,7925000.0,False
0.0,0.6900000000000001,1.0,7925000.0,False
0.0,0.6950000000000001,1.0,7925000.0,False
0.0,0.7000000000000001,1.0,7925000.0,False
0.0,0.705,1.0,7925000.0,False
0.0,0.71,1.0,7925000.0,False
0.0,0.715,1.0,7925000.0,False
0.0,0.72,1.0,7925000.0,False
0.0,0.725,1.0,7925000.0,False
0.0,0.73,1.0,7925000.0,False
0.0,0.735,1.0,7925000.0,False
0.0,0.74,1.0,7925000.0,False
0.0,0.745,1.0,7925000.0,False
0.0,0.75,1.0,7925000.0,False
0.0,0.755,1.0,7925000.0,False
0.0,0.76,1.0,7925000.0,False
0.0,0.765,1.0,7925000.0,False
0.0,0.77,1.0,7925000.0,False
0.0,0.775,1.0,7925000.0,False
0.0,0.78,1.0,7925000.0,False
0.0,0.785,1.0,7925000.0,False
0.0,0.79,1.0,7925000.0,False
0.0,0.795,1.0,7925000.0,False
0.0,0.8,1.0,7925000.0,False
0.0,0.805,1.0,7925000.0,False
0.0,0.81,1.0,7925000.0,False
0.0,0.8150000000000001,1.0,7925000.0,False
0.0,0.8200000000000001,1.0,7925000.0,False
0.0,0.8250000000000001,1.0,7925000.0,False
0.0,0.8300000000000001,1.0,7925000.0,False
0.0,0.835,1.0,7925000.0,False
0.0,0.84,1.0,7925000.0,False
0.0,0.845,1.0,7925000.0,False
0.0,0.85,1.0,7925000.0,False
0.0,0.855,1.0,7925000.0,False
0.0,0.86,1.0,7925000.0,False
0.0,0.865,1.0,7925000.0,False
0.0,0.87,1.0,7925000.0,False
0.0,0.875,1.0,7925000.0,False
0.0,0.88,1.0,7925000.0,False
0.0,0.885,1.0,7925000.0,False
0.0,0.89,1.0,7925000.0,False
0.0,0.895,1.0,7925000.0,False
0.0,0.9,1.0,7925000.0,False
0.0,0.905,1.0,7925000.0,False
0.0,0.91,1.0,7925000.0,False
0.0,0.915,1.0,7925000.0,False
0.0,0.92,1.0,7925000.0,False
0.0,0.925,1.0,7925000.0,False
0.0,0.93,1.0,7925000.0,False
0.0,0.935,1.0,7925000.0,False
0.0,0.9400000000000001,1.0,7925000.0,False
0.0,0.9450000000000001,1.0,7925000.0,False
0.0,0.9500000000000001,1.0,7925000.0,False
0.0,0.9550000000000001,1.0,7925000.0,False
0.0,0.96,1.0,7925000.0,False
0.0,0.965,1.0,7925000.0,False
0.0,0.97,1.0,7925000.0,False
0.0,0.975,1.0,7925000.0,False
0.0,0.98,1.0,7925000.0,False
0.0,0.985,1.0,7925000.0,False
0.0,0.99,1.0,7925000.0,False
0.0,0.995,1.0,7925000.0,False
0.0,1.0,1.0,7925000.0,False
0.025,0.0,1.0,7925000.0,True
0.025,0.005,0.9999989177687588,7924991.423317414,True
0.025,0.01,0.9999956710750352,7924965.693269654,True
0.025,0.015,0.9999902599188293,7924922.809856722,True
0.025,0.02,0.999982684300141,7924862.773078618,True
0.025,0.025,0.9999729442189704,7924785.582935341,True
0.025,0.03,0.9999610396753174,7924691.23942689,True
0.025,0.035,0.999946970669182,7924579.742553268,True
0.025,0.04,0.9999307372005642,7924451.0923144715,True
0.025,0.045,0.9999123392694641,7924305.288710503,True
0.025,0.05,0.9998917768758816,7924142.331741362,True
0.025,0.055,0.9998690500198169,7923962.221407048,True
0.025,0.06,0.9998441587012696,7923764.957707562,True
0.025,0.065,0.9998171029202401,7923550.540642902,True
0.025,0.07,0.999787882676728,7923318.97021307,True
0.025,0.075,0.9997564979707337,7923070.246418064,True
0.025,0.08,0.999722948802257,7922804.369257887,True
0.025,0.085,0.9996872351712979,7922521.338732536,True
0.025,0.09,0.9996493570778566,7922221.1548420135,True
0.025,0.095,0.9996093145219327,7921903.817586317,True
0.025,0.1,0.9995671075035266,7921569.326965448,True
0.025,0.105,0.9995227360226381,7921217.682979407,True
0.025,0.11,0.9994762000792672,7920848.885628193,True
0.025,0.115,0.9994274996734139,7920462.934911805,True
0.025,0.12,0.9993766348050783,7920059.830830245,True
0.025,0.125,0.9993236054742604,7919639.573383513,True
0.025,0.13,0.99926841168096,7919202.162571608,True
0.025,0.135,0.9992110534251772,7918747.59839453,True
0.025,0.14,0.9991515307069121,7918275.880852278,True
0.025,0.145,0.9990898435261647,7917787.009944855,True
0.025,0.15,0.9990259918829348,7917280.985672259,True
0.025,0.155,0.9989599757772227,7916757.80803449,True
0.025,0.16,0.998891795209028,7916217.477031548,True
0.025,0.165,0.9988214501783511,7915659.992663433,True
0.025,0.17,0.9987489406851919,7915085.354930146,True
0.025,0.17500000000000002,0.9986742667295502,7914493.563831685,True
0.025,0.18,0.9985974283114262,7913884.619368052,True
0.025,0.185,0.9985184254308198,7913258.521539247,True
0.025,0.19,0.9984372580877311,7912615.270345269,True
0.025,0.195,0.9983539262821599,7911954.8657861175,True
0.025,0.2,0.9982684300141064,7911277.307861793,True
0.025,0.20500000000000002,0.9981807692835706,7910582.596572297,True
0.025,0.21,0.9980909440905523,7909870.731917627,True
0.025,0.215,0.9979989544350517,7909141.713897785,True
0.025,0.22,0.9979048003170687,7908395.54251277,True
0.025,0.225,0.9978084817366034,7907632.217762582,True
0.025,0.23,0.9977099986936557,7906851.739647222,True
0.025,0.23500000000000001,0.9976093511882256,7906054.108166688,True
0.025,0.24,0.9975065392203132,7905239.323320982,True
0.025,0.245,0.9974015627899184,7904407.3851101035,True
0.025,0.25,0.9972944218970412,7903558.293534052,True
0.025,0.255,0.9971851165416816,7902692.048592827,True
0.025,0.26,0.9970736467238398,7901808.6502864305,True
0.025,0.265,0.9969600124435156,7900908.098614861,True
0.025,0.27,0.996844213700709,7899990.393578119,True
0.025,0.275,0.9967262504954199,7899055.535176203,True
0.025,0.28,0.9966061228276486,7898103.523409115,True
0.025,0.28500000000000003,0.9964838306973949,7897134.358276854,True
0.025,0.29,0.9963593741046587,7896148.03977942,True
0.025,0.295,0.9962327530494403,7895144.567916814,True
0.025,0.3,0.9961039675317395,7894123.942689035,True
0.025,0.305,0.9959730175515563,7893086.1640960835,True
0.025,0.31,0.9958399031088907,7892031.2321379585,True
0.025,0.315,0.9957046242037427,7890959.146814661,True
0.025,0.32,0.9955671808361125,7889869.908126191,True
0.025,0.325,0.9954275730059997,7888763.516072548,True
0.025,0.33,0.9952858007134047,7887639.970653732,True
0.025,0.335,0.9951418639583274,7886499.271869744,True
0.025,0.34,0.9949957627407675,7885341.419720583,True
0.025,0.34500000000000003,0.9948474970607254,7884166.414206249,True
0.025,0.35000000000000003,0.9946970669182009,7882974.255326742,True
0.025,0.355,0.994544472313194,7881764.9430820625,True
0.025,0.36,0.9943897132457048,7880538.47747221,True
0.025,0.365,0.9942327897157333,7879294.858497186,True
0.025,0.37,0.9940737017232791,7878034.086156988,True
0.025,0.375,0.9939124492683429,7876756.160451617,True
0.025,0.38,0.9937490323509242,7875461.081381074,True
0.025,0.385,0.9935834509710231,7874148.848945358,True
0.025,0.39,0.9934157051286396,7872819.463144469,True
0.025,0.395,0.9932457948237738,7871472.923978408,True
0.025,0.4,0.9930737200564257,7870109.231447173,True
0.025,0.405,0.9928994808265951,7868728.385550766,True
0.025,0.41000000000000003,0.9927230771342822,7867330.386289187,True
0.025,0.41500000000000004,0.992544508979487,7865915.233662434,True
0.025,0.42,0.9923637763622093,7864482.927670509,True
0.025,0.425,0.9921808792824492,7863033.46831341,True
0.025,0.43,0.991995817740207,7861566.85559114,True
0.025,0.435,0.9918085917354822,7860083.089503696,True
0.025,0.44,0.991619201268275,7858582.170051079,True
0.025,0.445,0.9914276463385856,7857064.097233291,True
0.025,0.45,0.9912339269464138,7855528.871050329,True
0.025,0.455,0.9910380430917595,7853976.491502194,True
0.025,0.46,0.9908399947746229,7852406.958588887,True
0.025,0.465,0.9906397819950039,7850820.272310406,True
0.025,0.47000000000000003,0.9904374047529027,7849216.432666753,True
0.025,0.47500000000000003,0.9902328630483189,7847595.4396579275,True
0.025,0.48,0.9900261568812528,7845957.293283929,True
0.025,0.485,0.9898172862517045,7844301.993544758,True
0.025,0.49,0.9896062511596737,7842629.540440414,True
0.025,0.495,0.9893930516051606,7840939.933970897,True
0.025,0.5,0.989177687588165,7839233.174136208,True
0.025,0.505,0.9889601591086872,7837509.260936346,True
0.025,0.51,0.988740466166727,7835768.194371311,True
0.025,0.515,0.9885186087622844,7834009.974441104,True
0.025,0.52,0.9882945868953593,7832234.601145723,True
0.025,0.525,0.988068400565952,7830442.07448517,True
0.025,0.53,0.9878400497740623,7828632.394459443,True
0.025,0.535,0.9876095345196902,7826805.561068545,True
0.025,0.54,0.9873768548028357,7824961.574312473,True
0.025,0.545,0.9871420106234989,7823100.434191229,True
0.025,0.55,0.9869050019816797,7821222.140704812,True
0.025,0.555,0.9866658288773782,7819326.693853222,True
0.025,0.56,0.9864244913105943,7817414.09363646,True
0.025,0.5650000000000001,0.9861809892813279,7815484.340054524,True
0.025,0.5700000000000001,0.9859353227895793,7813537.433107416,True
0.025,0.5750000000000001,0.9856874918353482,7811573.372795135,True
0.025,0.58,0.985437496418635,7809592.159117682,True
0.025,0.585,0.9851853365394392,7807593.792075056,True
0.025,0.59,0.984931012197761,7805578.271667256,True
0.025,0.595,0.9846745233936005,7803545.597894284,True
0.025,0.6,0.9844158701269576,7801495.770756139,True
0.025,0.605,0.9841550523978325,7799428.790252822,True
0.025,0.61,0.9838920702062248,7797344.656384332,True
0.025,0.615,0.9836269235521349,7795243.369150669,True
0.025,0.62,0.9833596124355626,7793124.928551833,True
0.025,0.625,0.9830901368565079,7790989.334587825,True
0.025,0.63,0.9828184968149709,7788836.587258644,True
0.025,0.635,0.9825446923109514,7786666.68656429,True
0.025,0.64,0.9822687233444496,7784479.632504763,True
0.025,0.645,0.9819905899154655,7782275.425080064,True
0.025,0.65,0.981710292023999,7780054.064290192,True
0.025,0.655,0.98142782967005,7777815.550135147,True
0.025,0.66,0.9811432028536188,7775559.882614929,True
0.025,0.665,0.9808564115747052,7773287.061729538,True
0.025,0.67,0.9805674558333092,7770997.087478975,True
0.025,0.675,0.9802763356294308,7768689.959863239,True
0.025,0.68,0.9799830509630701,7766365.678882331,True
0.025,0.685,0.979687601834227,7764024.244536249,True
0.025,0.6900000000000001,0.9793899882429016,7761665.656824995,True
0.025,0.6950000000000001,0.9790902101890937,7759289.915748567,True
0.025,0.7000000000000001,0.9787882676728036,7756897.021306968,True
0.025,0.705,0.9784841606940309,7754486.973500195,True
0.025,0.71,0.978177889252776,7752059.77232825,True
0.025,0.715,0.9778694533490387,7749615.417791132,True
0.025,0.72,0.9775588529828191,7747153.909888841,True
0.025,0.725,0.977246088154117,7744675.248621377,True
0.025,0.73,0.9769311588629327,7742179.433988742,True
0.025,0.735,0.9766140651092658,7739666.465990932,True
0.025,0.74,0.9762948068931168,7737136.34462795,True
0.025,0.745,0.9759733842144852,7734589.069899796,True
0.025,0.75,0.9756497970733714,7732024.641806468,True
0.025,0.755,0.9753240454697751,7729443.060347968,True
0.025,0.76,0.9749961294036966,7726844.325524296,True
0.025,0.765,0.9746660488751355,7724228.437335449,True
0.025,0.77,0.9743338038840923,7721595.395781431,True
0.025,0.775,0.9739993944305666,7718945.20086224,True
0.025,0.78,0.9736628205145585,7716277.852577876,True
0.025,0.785,0.973324082136068,7713593.350928339,True
0.025,0.79,0.9729831792950953,7710891.69591363,True
0.025,0.795,0.97264011199164,7708172.887533748,True
0.025,0.8,0.9722948802257027,7705436.925788693,True
0.025,0.805,0.9719474839972827,7702683.810678465,True
0.025,0.81,0.9715979233063804,7699913.542203065,True
0.025,0.8150000000000001,0.9712461981529957,7697126.120362491,True
0.025,0.8200000000000001,0.9708923085371287,7694321.545156745,True
0.025,0.8250000000000001,0.9705362544587794,7691499.816585827,True
0.025,0.8300000000000001,0.9701780359179476,7688660.934649735,True
0.025,0.835,0.9698176529146335,7685804.89934847,True
0.025,0.84,0.9694551054488371,7682931.710682034,True
0.025,0.845,0.9690903935205583,7680041.368650424,True
0.025,0.85,0.9687235171297971,7677133.873253642,True
0.025,0.855,0.9683544762765535,7674209.224491687,True
0.025,0.86,0.9679832709608275,7671267.422364558,True
0.025,0.865,0.9676099011826192,7668308.466872257,True
0.025,0.87,0.9672343669419285,7665332.358014784,True
0.025,0.875,0.9668566682387555,7662339.095792137,True
0.025,0.88,0.9664768050731001,7659328.680204318,True
0.025,0.885,0.9660947774449623,7656301.111251326,True
0.025,0.89,0.9657105853543423,7653256.388933162,True
0.025,0.895,0.9653242288012397,7650194.513249825,True
0.025,0.9,0.9649357077856547,7647115.484201314,True
0.025,0.905,0.9645450223075875,7644019.301787632,True
0.025,0.91,0.964152172367038,7640905.966008776,True
0.025,0.915,0.9637571579640061,7637775.476864748,True
0.025,0.92,0.9633599790984916,7634627.834355546,True
0.025,0.925,0.962960635770495,7631463.038481172,True
0.025,0.93,0.9625591279800159,7628281.089241626,True
0.025,0.935,0.9621554557270544,7625081.986636906,True
0.025,0.9400000000000001,0.9617496190116106,7621865.730667014,True
0.025,0.9450000000000001,0.9613416178336844,7618632.321331949,True
0.025,0.9500000000000001,0.9609314521932758,7615381.758631711,True
0.025,0.9550000000000001,0.960519122090385,7612114.042566301,True
0.025,0.96,0.9601046275250117,7608829.173135717,True
0.025,0.965,0.9596879684971561,7605527.150339962,True
0.025,0.97,0.959269145006818,7602207.974179033,True
0.025,0.975,0.9588481570539976,7598871.644652931,True
0.025,0.98,0.958425004638695,7595518.161761657,True
0.025,0.985,0.9579996877609098,7592147.52550521,True
0.025,0.99,0.9575722064206422,7588759.73588359,True
0.025,0.995,0.9571425606178925,7585354.792896798,True
0.025,1.0,0.9567107503526603,7581932.696544833,True
0.05,0.0,1.0,7925000.0,True
0.05,0.005,0.9999978355375176,7924982.846634828,True
0.05,0.01,0.9999913421500706,7924931.386539309,True
0.05,0.015,0.9999805198376587,7924845.619713445,True
0.05,0.02,0.9999653686002822,7924725.546157236,True
0.05,0.025,0.9999458884379409,7924571.165870681,True
0.05,0.03,0.9999220793506348,7924382.478853781,True
0.05,0.035,0.9998939413383641,7924159.485106535,True
0.05,0.04,0.9998614744011286,7923902.184628944,True
0.05,0.045,0.9998246785389283,7923610.577421007,True
0.05,0.05,0.9997835537517632,7923284.663482724,True
0.05,0.055,0.9997381000396336,7922924.442814096,True
0.05,0.06,0.9996883174025392,7922529.915415123,True
0.05,0.065,0.9996342058404799,7922101.081285804,True
0.05,0.07,0.999575765353456,7921637.940426139,True
0.05,0.075,0.9995129959414674,7921140.492836129,True
0.05,0.08,0.9994458976045141,7920608.738515774,True
0.05,0.085,0.999374470342596,7920042.677465073,True
0.05,0.09,0.999298714155713,7919442.309684026,True
0.05,0.095,0.9992186290438655,7918807.635172634,True
0.05,0.1,0.9991342150070532,7918138.653930897,True
0.05,0.105,0.9990454720452762,7917435.365958814,True
0.05,0.11,0.9989524001585345,7916697.771256385,True
0.05,0.115,0.9988549993468279,7915925.86982361,True
0.05,0.12,0.9987532696101566,7915119.6616604915,True
0.05,0.125,0.9986472109485206,7914279.146767026,True
0.05,0.13,0.99853682336192,7913404.325143215,True
0.05,0.135,0.9984221068503545,7912495.196789059,True
0.05,0.14,0.9983030614138243,7911551.761704558,True
0.05,0.145,0.9981796870523294,7910574.0198897105,True
0.05,0.15,0.9980519837658697,7909561.971344518,True
0.05,0.155,0.9979199515544452,7908515.616068979,True
0.05,0.16,0.9977835904180562,7907434.954063095,True
0.05,0.165,0.9976429003567023,7906319.985326866,True
0.05,0.17,0.9974978813703838,7905170.709860291,True
0.05,0.17500000000000002,0.9973485334591005,7903987.127663371,True
0.05,0.18,0.9971948566228523,7902769.238736105,True
0.05,0.185,0.9970368508616395,7901517.043078493,True
0.05,0.19,0.9968745161754621,7900230.540690537,True
0.05,0.195,0.9967078525643197,7898909.731572234,True
0.05,0.2,0.9965368600282128,7897554.615723587,True
0.05,0.20500000000000002,0.9963615385671412,7896165.193144593,True
0.05,0.21,0.9961818881811046,7894741.463835254,True
0.05,0.215,0.9959979088701034,7893283.427795569,True
0.05,0.22,0.9958096006341375,7891791.08502554,True
0.05,0.225,0.9956169634732068,7890264.435525164,True
0.05,0.23,0.9954199973873115,7888703.4792944435,True
0.05,0.23500000000000001,0.9952187023764514,7887108.216333377,True
0.05,0.24,0.9950130784406265,7885478.646641965,True
0.05,0.245,0.9948031255798369,7883814.770220207,True
0.05,0.25,0.9945888437940825,7882116.587068104,True
0.05,0.255,0.9943702330833635,7880384.0971856555,True
0.05,0.26,0.9941472934476796,7878617.300572861,True
0.05,0.265,0.9939200248870311,7876816.197229722,True
0.05,0.27,0.9936884274014178,7874980.787156236,True
0.05,0.275,0.9934525009908399,7873111.070352406,True
0.05,0.28,0.9932122456552971,7871207.046818229,True
0.05,0.28500000000000003,0.9929676613947896,7869268.716553708,True
0.05,0.29,0.9927187482093175,7867296.079558841,True
0.05,0.295,0.9924655060988805,7865289.1358336285,True
0.05,0.3,0.9922079350634789,7863247.88537807,True
0.05,0.305,0.9919460351031124,7861172.328192166,True
0.05,0.31,0.9916798062177813,7859062.464275917,True
0.05,0.315,0.9914092484074855,7856918.293629322,True
0.05,0.32,0.9911343616722248,7854739.816252382,True
0.05,0.325,0.9908551460119995,7852527.032145096,True
0.05,0.33,0.9905716014268094,7850279.941307465,True
0.05,0.335,0.9902837279166545,7847998.543739487,True
0.05,0.34,0.989991525481535,7845682.839441165,True
0.05,0.34500000000000003,0.9896949941214508,7843332.828412497,True
0.05,0.35000000000000003,0.9893941338364017,7840948.510653484,True
0.05,0.355,0.989088944626388,7838529.886164125,True
0.05,0.36,0.9887794264914095,7836076.954944421,True
0.05,0.365,0.9884655794314663,7833589.71699437,True
0.05,0.37,0.9881474034465584,7831068.172313975,True
0.05,0.375,0.9878248985366856,7828512.320903234,True
0.05,0.38,0.9874980647018482,7825922.162762147,True
0.05,0.385,0.9871669019420461,7823297.697890716,True
0.05,0.39,0.9868314102572793,7820638.926288938,True
0.05,0.395,0.9864915896475476,7817945.847956815,True
0.05,0.4,0.9861474401128513,7815218.462894347,True
0.05,0.405,0.9857989616531903,7812456.7711015325,True
0.05,0.41000000000000003,0.9854461542685644,7809660.772578373,True
0.05,0.41500000000000004,0.9850890179589739,7806830.467324868,True
0.05,0.42,0.9847275527244186,7803965.855341017,True
0.05,0.425,0.9843617585648985,7801066.936626821,True
0.05,0.43,0.9839916354804138,7798133.7111822795,True
0.05,0.435,0.9836171834709643,7795166.179007391,True
0.05,0.44,0.98323840253655,7792164.340102159,True
0.05,0.445,0.9828552926771711,7789128.194466581,True
0.05,0.45,0.9824678538928274,7786057.742100657,True
0.05,0.455,0.9820760861835189,7782952.9830043875,True
0.05,0.46,0.9816799895492458,7779813.917177773,True
0.05,0.465,0.9812795639900079,7776640.544620813,True
0.05,0.47000000000000003,0.9808748095058053,7773432.865333507,True
0.05,0.47500000000000003,0.980465726096638,7770190.879315856,True
0.05,0.48,0.9800523137625059,7766914.586567859,True
0.05,0.485,0.979634572503409,7763603.987089517,True
0.05,0.49,0.9792125023193474,7760259.080880828,True
0.05,0.495,0.9787861032103211,7756879.867941795,True
0.05,0.5,0.9783553751763301,7753466.348272416,True
0.05,0.505,0.9779203182173744,7750018.521872692,True
0.05,0.51,0.9774809323334539,7746536.388742622,True
0.05,0.515,0.9770372175245686,7743019.948882206,True
0.05,0.52,0.9765891737907187,7739469.202291446,True
0.05,0.525,0.9761368011319039,7735884.1489703385,True
0.05,0.53,0.9756800995481246,7732264.788918887,True
0.05,0.535,0.9752190690393804,7728611.122137089,True
0.05,0.54,0.9747537096056714,7724923.148624946,True
0.05,0.545,0.9742840212469978,7721200.868382458,True
0.05,0.55,0.9738100039633595,7717444.281409624,True
0.05,0.555,0.9733316577547563,7713653.387706444,True
0.05,0.56,0.9728489826211885,7709828.187272918,True
0.05,0.5650000000000001,0.9723619785626559,7705968.680109048,True
0.05,0.5700000000000001,0.9718706455791587,7702074.866214832,True
0.05,0.5750000000000001,0.9713749836706966,7698146.7455902705,True
0.05,0.58,0.9708749928372699,7694184.318235364,True
0.05,0.585,0.9703706730788783,7690187.58415011,True
0.05,0.59,0.969862024395522,7686156.543334512,True
0.05,0.595,0.9693490467872011,7682091.195788569,True
0.05,0.6,0.9688317402539154,7677991.54151228,True
0.05,0.605,0.9683101047956649,7673857.580505645,True
0.05,0.61,0.9677841404124498,7669689.312768664,True
0.05,0.615,0.9672538471042699,7665486.738301339,True
0.05,0.62,0.9667192248711252,7661249.857103667,True
0.05,0.625,0.9661802737130157,7656978.66917565,True
0.05,0.63,0.9656369936299417,7652673.174517288,True
0.05,0.635,0.9650893846219029,7648333.37312858,True
0.05,0.64,0.9645374466888993,7643959.265009527,True
0.05,0.645,0.9639811798309309,7639550.8501601275,True
0.05,0.65,0.9634205840479979,7635108.128580383,True
0.05,0.655,0.9628556593401002,7630631.100270294,True
0.05,0.66,0.9622864057072377,7626119.765229858,True
0.05,0.665,0.9617128231494104,7621574.123459077,True
0.05,0.67,0.9611349116666184,7616994.174957951,True
0.05,0.675,0.9605526712588617,7612379.919726479,True
0.05,0.68,0.9599661019261402,7607731.357764661,True
0.05,0.685,0.959375203668454,7603048.489072498,True
0.05,0.6900000000000001,0.9587799764858032,7598331.31364999,True
0.05,0.6950000000000001,0.9581804203781874,7593579.831497136,True
0.05,0.7000000000000001,0.957576535345607,7588794.042613936,True
0.05,0.705,0.956968321388062,7583973.947000391,True
0.05,0.71,0.9563557785055521,7579119.5446565,True
0.05,0.715,0.9557389066980775,7574230.835582264,True
0.05,0.72,0.9551177059656382,7569307.819777682,True
0.05,0.725,0.9544921763082341,7564350.497242755,True
0.05,0.73,0.9538623177258653,7559358.867977482,True
0.05,0.735,0.9532281302185318,7554332.931981864,True
0.05,0.74,0.9525896137862335,7549272.689255901,True
0.05,0.745,0.9519467684289705,7544178.139799591,True
0.05,0.75,0.9512995941467428,7539049.283612937,True
0.05,0.755,0.9506480909395504,7533886.1206959365,True
0.05,0.76,0.9499922588073931,7528688.65104859,True
0.05,0.765,0.9493320977502713,7523456.8746708995,True
0.05,0.77,0.9486676077681846,7518190.791562863,True
0.05,0.775,0.9479987888611331,7512890.40172448,True
0.05,0.78,0.9473256410291171,7507555.705155753,True
0.05,0.785,0.946648164272136,7502186.701856678,True
0.05,0.79,0.9459663585901905,7496783.39182726,True
0.05,0.795,0.9452802239832802,7491345.775067495,True
0.05,0.8,0.9445897604514051,7485873.851577385,True
0.05,0.805,0.9438949679945654,7480367.621356931,True
0.05,0.81,0.9431958466127608,7474827.084406129,True
0.05,0.8150000000000001,0.9424923963059915,7469252.240724983,True
0.05,0.8200000000000001,0.9417846170742574,7463643.0903134905,True
0.05,0.8250000000000001,0.9410725089175588,7457999.633171653,True
0.05,0.8300000000000001,0.9403560718358953,7452321.86929947,True
0.05,0.835,0.9396353058292671,7446609.798696942,True
0.05,0.84,0.9389102108976741,7440863.421364067,True
0.05,0.845,0.9381807870411164,7435082.737300848,True
0.05,0.85,0.9374470342595941,7429267.746507283,True
0.05,0.855,0.9367089525531069,7423418.448983372,True
0.05,0.86,0.9359665419216551,7417534.844729116,True
0.05,0.865,0.9352198023652384,7411616.933744514,True
0.05,0.87,0.9344687338838571,7405664.716029568,True
0.05,0.875,0.933713336477511,7399678.191584274,True
0.05,0.88,0.9329536101462003,7393657.360408637,True
0.05,0.885,0.9321895548899246,7387602.222502653,True
0.05,0.89,0.9314211707086844,7381512.7778663235,True
0.05,0.895,0.9306484576024793,7375389.026499649,True
0.05,0.9,0.9298714155713096,7369230.968402629,True
0.05,0.905,0.9290900446151752,7363038.603575263,True
0.05,0.91,0.928304344734076,7356811.932017552,True
0.05,0.915,0.9275143159280119,7350550.9537294945,True
0.05,0.92,0.9267199581969833,7344255.668711092,True
0.05,0.925,0.9259212715409898,7337926.076962344,True
0.05,0.93,0.9251182559600317,7331562.1784832515,True
0.05,0.935,0.9243109114541087,7325163.973273812,True
0.05,0.9400000000000001,0.9234992380232212,7318731.461334028,True
0.05,0.9450000000000001,0.9226832356673689,7312264.642663898,True
0.05,0.9500000000000001,0.9218629043865517,7305763.517263423,True
0.05,0.9550000000000001,0.92103824418077,7299228.085132602,True
0.05,0.96,0.9202092550500233,7292658.346271435,True
0.05,0.965,0.9193759369943121,7286054.300679923,True
0.05,0.97,0.9185382900136361,7279415.948358065,True
0.05,0.975,0.9176963141079953,7272743.289305863,True
0.05,0.98,0.9168500092773899,7266036.323523315,True
0.05,0.985,0.9159993755218196,7259295.051010421,True
0.05,0.99,0.9151444128412847,7252519.471767181,True
0.05,0.995,0.914285121235785,7245709.585793596,True
0.05,1.0,0.9134215007053205,7238865.393089665,True
0.1,0.0,1.0,7925000.0,True
0.1,0.005,0.9999956710750352,7924965.693269654,True
0.1,0.01,0.999982684300141,7924862.773078618,True
0.1,0.015,0.9999610396753174,7924691.23942689,True
0.1,0.02,0.9999307372005642,7924451.0923144715,True
0.1,0.025,0.9998917768758816,7924142.331741362,True
0.1,0.03,0.9998441587012696,7923764.957707562,True
0.1,0.035,0.999787882676728,7923318.97021307,True
0.1,0.04,0.999722948802257,7922804.369257887,True
0.1,0.045,0.9996493570778566,7922221.1548420135,True
0.1,0.05,0.9995671075035266,7921569.326965448,True
0.1,0.055,0.9994762000792672,7920848.885628193,True
0.1,0.06,0.9993766348050783,7920059.830830245,True
0.1,0.065,0.99926841168096,7919202.162571608,True
0.1,0.07,0.9991515307069121,7918275.880852278,True
0.1,0.075,0.9990259918829348,7917280.985672259,True
0.1,0.08,0.998891795209028,7916217.477031548,True
0.1,0.085,0.9987489406851919,7915085.354930146,True
0.1,0.09,0.9985974283114262,7913884.619368052,True
0.1,0.095,0.9984372580877311,7912615.270345269,True
0.1,0.1,0.9982684300141064,7911277.307861793,True
0.1,0.105,0.9980909440905523,7909870.731917627,True
0.1,0.11,0.9979048003170687,7908395.54251277,True
0.1,0.115,0.9977099986936557,7906851.739647222,True
0.1,0.12,0.9975065392203132,7905239.323320982,True
0.1,0.125,0.9972944218970412,7903558.293534052,True
0.1,0.13,0.9970736467238398,7901808.6502864305,True
0.1,0.135,0.996844213700709,7899990.393578119,True
0.1,0.14,0.9966061228276486,7898103.523409115,True
0.1,0.145,0.9963593741046587,7896148.03977942,True
0.1,0.15,0.9961039675317395,7894123.942689035,True
0.1,0.155,0.9958399031088907,7892031.2321379585,True
0.1,0.16,0.9955671808361125,7889869.908126191,True
0.1,0.165,0.9952858007134047,7887639.970653732,True
0.1,0.17,0.9949957627407675,7885341.419720583,True
0.1,0.17500000000000002,0.9946970669182009,7882974.255326742,True
0.1,0.18,0.9943897132457048,7880538.47747221,True
0.1,0.185,0.9940737017232791,7878034.086156988,True
0.1,0.19,0.9937490323509242,7875461.081381074,True
0.1,0.195,0.9934157051286396,7872819.463144469,True
0.1,0.2,0.9930737200564257,7870109.231447173,True
0.1,0.20500000000000002,0.9927230771342822,7867330.386289187,True
0.1,0.21,0.9923637763622093,7864482.927670509,True
0.1,0.215,0.991995817740207,7861566.85559114,True
0.1,0.22,0.991619201268275,7858582.170051079,True
0.1,0.225,0.9912339269464138,7855528.871050329,True
0.1,0.23,0.9908399947746229,7852406.958588887,True
0.1,0.23500000000000001,0.9904374047529027,7849216.432666753,True
0.1,0.24,0.9900261568812528,7845957.293283929,True
0.1,0.245,0.9896062511596737,7842629.540440414,True
0.1,0.25,0.989177687588165,7839233.174136208,True
0.1,0.255,0.988740466166727,7835768.194371311,True
0.1,0.26,0.9882945868953593,7832234.601145723,True
0.1,0.265,0.9878400497740623,7828632.394459443,True
0.1,0.27,0.9873768548028357,7824961.574312473,True
0.1,0.275,0.9869050019816797,7821222.140704812,True
0.1,0.28,0.9864244913105943,7817414.09363646,True
0.1,0.28500000000000003,0.9859353227895793,7813537.433107416,True
0.1,0.29,0.985437496418635,7809592.159117682,True
0.1,0.295,0.984931012197761,7805578.271667256,True
0.1,0.3,0.9844158701269576,7801495.770756139,True
0.1,0.305,0.9838920702062248,7797344.656384332,True
0.1,0.31,0.9833596124355626,7793124.928551833,True
0.1,0.315,0.9828184968149709,7788836.587258644,True
0.1,0.32,0.9822687233444496,7784479.632504763,True
0.1,0.325,0.981710292023999,7780054.064290192,True
0.1,0.33,0.9811432028536188,7775559.882614929,True
0.1,0.335,0.9805674558333092,7770997.087478975,True
0.1,0.34,0.9799830509630701,7766365.678882331,True
0.1,0.34500000000000003,0.9793899882429016,7761665.656824995,True
0.1,0.35000000000000003,0.9787882676728036,7756897.021306968,True
0.1,0.355,0.978177889252776,7752059.77232825,True
0.1,0.36,0.9775588529828191,7747153.909888841,True
0.1,0.365,0.9769311588629327,7742179.433988742,True
0.1,0.37,0.9762948068931168,7737136.34462795,True
0.1,0.375,0.9756497970733714,7732024.641806468,True
0.1,0.38,0.9749961294036966,7726844.325524296,True
0.1,0.385,0.9743338038840923,7721595.395781431,True
0.1,0.39,0.9736628205145585,7716277.852577876,True
0.1,0.395,0.9729831792950953,7710891.69591363,True
0.1,0.4,0.9722948802257027,7705436.925788693,True
0.1,0.405,0.9715979233063804,7699913.542203065,True
0.1,0.41000000000000003,0.9708923085371287,7694321.545156745,True
0.1,0.41500000000000004,0.9701780359179476,7688660.934649735,True
0.1,0.42,0.9694551054488371,7682931.710682034,True
0.1,0.425,0.9687235171297971,7677133.873253642,True
0.1,0.43,0.9679832709608275,7671267.422364558,True
0.1,0.435,0.9672343669419285,7665332.358014784,True
0.1,0.44,0.9664768050731001,7659328.680204318,True
0.1,0.445,0.9657105853543423,7653256.388933162,True
0.1,0.45,0.9649357077856547,7647115.484201314,True
0.1,0.455,0.964152172367038,7640905.966008776,True
0.1,0.46,0.9633599790984916,7634627.834355546,True
0.1,0.465,0.9625591279800159,7628281.089241626,True
0.1,0.47000000000000003,0.9617496190116106,7621865.730667014,True
0.1,0.47500000000000003,0.9609314521932758,7615381.758631711,True
0.1,0.48,0.9601046275250117,7608829.173135717,True
0.1,0.485,0.959269145006818,7602207.974179033,True
0.1,0.49,0.958425004638695,7595518.161761657,True
0.1,0.495,0.9575722064206422,7588759.73588359,True
0.1,0.5,0.9567107503526603,7581932.696544833,True
0.1,0.505,0.9558406364347487,7575037.043745384,True
0.1,0.51,0.9549618646669078,7568072.777485244,True
0.1,0.515,0.9540744350491372,7561039.897764413,True
0.1,0.52,0.9531783475814373,7553938.404582891,True
0.1,0.525,0.952273602263808,7546768.297940678,True
0.1,0.53,0.951360199096249,7539529.577837774,True
0.1,0.535,0.9504381380787607,7532222.2442741785,True
0.1,0.54,0.949507419211343,7524846.297249893,True
0.1,0.545,0.9485680424939956,7517401.736764915,True
0.1,0.55,0.9476200079267189,7509888.562819247,True
0.1,0.555,0.9466633155095127,7502306.775412888,True
0.1,0.56,0.945697965242377,7494656.374545838,True
0.1,0.5650000000000001,0.9447239571253119,7486937.3602180965,True
0.1,0.5700000000000001,0.9437412911583173,7479149.732429665,True
0.1,0.5750000000000001,0.9427499673413932,7471293.491180541,True
0.1,0.58,0.9417499856745396,7463368.636470727,True
0.1,0.585,0.9407413461577565,7455375.168300221,True
0.1,0.59,0.9397240487910442,7447313.086669025,True
0.1,0.595,0.9386980935744023,7439182.391577138,True
0.1,0.6,0.9376634805078308,7430983.083024559,True
0.1,0.605,0.9366202095913299,7422715.161011289,True
0.1,0.61,0.9355682808248995,7414378.625537328,True
0.1,0.615,0.9345076942085397,7405973.476602677,True
0.1,0.62,0.9334384497422504,7397499.714207334,True
0.1,0.625,0.9323605474260317,7388957.338351301,True
0.1,0.63,0.9312739872598834,7380346.349034576,True
0.1,0.635,0.9301787692438057,7371666.74625716,True
0.1,0.64,0.9290748933777985,7362918.530019053,True
0.1,0.645,0.9279623596618619,7354101.700320256,True
0.1,0.65,0.9268411680959958,7345216.257160767,True
0.1,0.655,0.9257113186802003,7336262.200540587,True
0.1,0.66,0.9245728114144752,7327239.530459716,True
0.1,0.665,0.9234256462988207,7318148.246918154,True
0.1,0.67,0.9222698233332367,7308988.349915901,True
0.1,0.675,0.9211053425177234,7299759.839452958,True
0.1,0.68,0.9199322038522805,7290462.715529323,True
0.1,0.685,0.918750407336908,7281096.978144996,True
0.1,0.6900000000000001,0.9175599529716062,7271662.627299979,True
0.1,0.6950000000000001,0.9163608407563749,7262159.662994271,True
0.1,0.7000000000000001,0.9151530706912141,7252588.085227871,True
0.1,0.705,0.9139366427761239,7242947.894000782,True
0.1,0.71,0.9127115570111042,7233239.089313,True
0.1,0.715,0.9114778133961549,7223461.671164528,True
0.1,0.72,0.9102354119312763,7213615.639555365,True
0.1,0.725,0.9089843526164681,7203700.9944855105,True
0.1,0.73,0.9077246354517305,7193717.7359549645,True
0.1,0.735,0.9064562604370636,7183665.863963729,True
0.1,0.74,0.905179227572467,7173545.378511801,True
0.1,0.745,0.9038935368579409,7163356.279599182,True
0.1,0.75,0.9025991882934856,7153098.5672258735,True
0.1,0.755,0.9012961818791007,7142772.241391873,True
0.1,0.76,0.8999845176147863,7132377.302097181,True
0.1,0.765,0.8986641955005423,7121913.749341798,True
0.1,0.77,0.897335215536369,7111381.583125724,True
0.1,0.775,0.8959975777222663,7100780.80344896,True
0.1,0.78,0.894651282058234,7090111.410311504,True
0.1,0.785,0.8932963285442722,7079373.403713358,True
0.1,0.79,0.8919327171803811,7068566.78365452,True
0.1,0.795,0.8905604479665604,7057691.550134991,True
0.1,0.8,0.8891795209028102,7046747.703154771,True
0.1,0.805,0.8877899359891306,7035735.24271386,True
0.1,0.81,0.8863916932255216,7024654.168812258,True
0.1,0.8150000000000001,0.884984792611983,7013504.481449965,True
0.1,0.8200000000000001,0.883569234148515,7002286.180626981,True
0.1,0.8250000000000001,0.8821450178351176,6990999.266343307,True
0.1,0.8300000000000001,0.8807121436717906,6979643.738598941,True
0.1,0.835,0.8792706116585342,6968219.597393883,True
0.1,0.84,0.8778204217953482,6956726.842728135,True
0.1,0.845,0.8763615740822329,6945165.474601696,True
0.1,0.85,0.874894068519188,6933535.493014566,True
0.1,0.855,0.8734179051062138,6921836.897966744,True
0.1,0.86,0.87193308384331,6910069.689458232,True
0.1,0.865,0.8704396047304768,6898233.867489029,True
0.1,0.87,0.8689374677677142,6886329.432059135,True
0.1,0.875,0.867426672955022,6874356.383168549,True
0.1,0.88,0.8659072202924004,6862314.7208172735,True
0.1,0.885,0.8643791097798493,6850204.445005306,True
0.1,0.89,0.8628423414173687,6838025.555732647,True
0.1,0.895,0.8612969152049587,6825778.052999297,True
0.1,0.9,0.8597428311426193,6813461.936805258,True
0.1,0.905,0.8581800892303502,6801077.207150525,True
0.1,0.91,0.8566086894681518,6788623.8640351035,True
0.1,0.915,0.8550286318560238,6776101.907458989,True
0.1,0.92,0.8534399163939665,6763511.337422185,True
0.1,0.925,0.8518425430819796,6750852.153924689,True
0.1,0.93,0.8502365119200633,6738124.356966502,True
0.1,0.935,0.8486218229082176,6725327.946547625,True
0.1,0.9400000000000001,0.8469984760464424,6712462.922668056,True
0.1,0.9450000000000001,0.8453664713347376,6699529.285327796,True
0.1,0.9500000000000001,0.8437258087731035,6686527.034526845,True
0.1,0.9550000000000001,0.8420764883615398,6673456.170265203,True
0.1,0.96,0.8404185101000468,6660316.6925428705,True
0.1,0.965,0.8387518739886242,6647108.601359846,True
0.1,0.97,0.837076580027272,6633831.896716131,True
0.1,0.975,0.8353926282159907,6620486.578611726,True
0.1,0.98,0.8337000185547796,6607072.647046628,True
0.1,0.985,0.8319987510436392,6593590.10202084,True
0.1,0.99,0.8302888256825692,6580038.943534361,True
0.1,0.995,0.8285702424715697,6566419.171587191,True
0.1,1.0,0.826843001410641,6552730.78617933,True
0.2,0.0,1.0,7925000.0,True
0.2,0.005,0.9999913421500706,7924931.386539309,True
0.2,0.01,0.9999653686002822,7924725.546157236,True
0.2,0.015,0.9999220793506348,7924382.478853781,True
0.2,0.02,0.9998614744011286,7923902.184628944,True
0.2,0.025,0.9997835537517632,7923284.663482724,True
0.2,0.03,0.9996883174025392,7922529.915415123,True
0.2,0.035,0.999575765353456,7921637.940426139,True
0.2,0.04,0.9994458976045141,7920608.738515774,True
0.2,0.045,0.999298714155713,7919442.309684026,True
0.2,0.05,0.9991342150070532,7918138.653930897,True
0.2,0.055,0.9989524001585345,7916697.771256385,True
0.2,0.06,0.9987532696101566,7915119.6616604915,True
0.2,0.065,0.99853682336192,7913404.325143215,True
0.2,0.07,0.9983030614138243,7911551.761704558,True
0.2,0.075,0.9980519837658697,7909561.971344518,True
0.2,0.08,0.9977835904180562,7907434.954063095,True
0.2,0.085,0.9974978813703838,7905170.709860291,True
0.2,0.09,0.9971948566228523,7902769.238736105,True
0.2,0.095,0.9968745161754621,7900230.540690537,True
0.2,0.1,0.9965368600282128,7897554.615723587,True
0.2,0.105,0.9961818881811046,7894741.463835254,True
0.2,0.11,0.9958096006341375,7891791.08502554,True
0.2,0.115,0.9954199973873115,7888703.4792944435,True
0.2,0.12,0.9950130784406265,7885478.646641965,True
0.2,0.125,0.9945888437940825,7882116.587068104,True
0.2,0.13,0.9941472934476796,7878617.300572861,True
0.2,0.135,0.9936884274014178,7874980.787156236,True
0.2,0.14,0.9932122456552971,7871207.046818229,True
0.2,0.145,0.9927187482093175,7867296.079558841,True
0.2,0.15,0.9922079350634789,7863247.88537807,True
0.2,0.155,0.9916798062177813,7859062.464275917,True
0.2,0.16,0.9911343616722248,7854739.816252382,True
0.2,0.165,0.9905716014268094,7850279.941307465,True
0.2,0.17,0.989991525481535,7845682.839441165,True
0.2,0.17500000000000002,0.9893941338364017,7840948.510653484,True
0.2,0.18,0.9887794264914095,7836076.954944421,True
0.2,0.185,0.9881474034465584,7831068.172313975,True
0.2,0.19,0.9874980647018482,7825922.162762147,True
0.2,0.195,0.9868314102572793,7820638.926288938,True
0.2,0.2,0.9861474401128513,7815218.462894347,True
0.2,0.20500000000000002,0.9854461542685644,7809660.772578373,True
0.2,0.21,0.9847275527244186,7803965.855341017,True
0.2,0.215,0.9839916354804138,7798133.7111822795,True
0.2,0.22,0.98323840253655,7792164.340102159,True
0.2,0.225,0.9824678538928274,7786057.742100657,True
0.2,0.23,0.9816799895492458,7779813.917177773,True
0.2,0.23500000000000001,0.9808748095058053,7773432.865333507,True
0.2,0.24,0.9800523137625059,7766914.586567859,True
0.2,0.245,0.9792125023193474,7760259.080880828,True
0.2,0.25,0.9783553751763301,7753466.348272416,True
0.2,0.255,0.9774809323334539,7746536.388742622,True
0.2,0.26,0.9765891737907187,7739469.202291446,True
0.2,0.265,0.9756800995481246,7732264.788918887,True
0.2,0.27,0.9747537096056714,7724923.148624946,True
0.2,0.275,0.9738100039633595,7717444.281409624,True
0.2,0.28,0.9728489826211885,7709828.187272918,True
0.2,0.28500000000000003,0.9718706455791587,7702074.866214832,True
0.2,0.29,0.9708749928372699,7694184.318235364,True
0.2,0.295,0.969862024395522,7686156.543334512,True
0.2,0.3,0.9688317402539154,7677991.54151228,True
0.2,0.305,0.9677841404124498,7669689.312768664,True
0.2,0.31,0.9667192248711252,7661249.857103667,True
0.2,0.315,0.9656369936299417,7652673.174517288,True
0.2,0.32,0.9645374466888993,7643959.265009527,True
0.2,0.325,0.9634205840479979,7635108.128580383,True
0.2,0.33,0.9622864057072377,7626119.765229858,True
0.2,0.335,0.9611349116666184,7616994.174957951,True
0.2,0.34,0.9599661019261402,7607731.357764661,True
0.2,0.34500000000000003,0.9587799764858032,7598331.31364999,True
0.2,0.35000000000000003,0.957576535345607,7588794.042613936,True
0.2,0.355,0.9563557785055521,7579119.5446565,True
0.2,0.36,0.9551177059656382,7569307.819777682,True
0.2,0.365,0.9538623177258653,7559358.867977482,True
0.2,0.37,0.9525896137862335,7549272.689255901,True
0.2,0.375,0.9512995941467428,7539049.283612937,True
0.2,0.38,0.9499922588073931,7528688.65104859,True
0.2,0.385,0.9486676077681846,7518190.791562863,True
0.2,0.39,0.9473256410291171,7507555.705155753,True
0.2,0.395,0.9459663585901905,7496783.39182726,True
0.2,0.4,0.9445897604514051,7485873.851577385,True
0.2,0.405,0.9431958466127608,7474827.084406129,True
0.2,0.41000000000000003,0.9417846170742574,7463643.0903134905,True
0.2,0.41500000000000004,0.9403560718358953,7452321.86929947,True
0.2,0.42,0.9389102108976741,7440863.421364067,True
0.2,0.425,0.9374470342595941,7429267.746507283,True
0.2,0.43,0.9359665419216551,7417534.844729116,True
0.2,0.435,0.9344687338838571,7405664.716029568,True
0.2,0.44,0.9329536101462003,7393657.360408637,True
0.2,0.445,0.9314211707086844,7381512.7778663235,True
0.2,0.45,0.9298714155713096,7369230.968402629,True
0.2,0.455,0.928304344734076,7356811.932017552,True
0.2,0.46,0.9267199581969833,7344255.668711092,True
0.2,0.465,0.9251182559600317,7331562.1784832515,True
0.2,0.47000000000000003,0.9234992380232212,7318731.461334028,True
0.2,0.47500000000000003,0.9218629043865517,7305763.517263423,True
0.2,0.48,0.9202092550500233,7292658.346271435,True
0.2,0.485,0.9185382900136361,7279415.948358065,True
0.2,0.49,0.9168500092773899,7266036.323523315,True
0.2,0.495,0.9151444128412847,7252519.471767181,True
0.2,0.5,0.9134215007053205,7238865.393089665,True
0.2,0.505,0.9116812728694974,7225074.087490767,True
0.2,0.51,0.9099237293338154,7211145.554970487,True
0.2,0.515,0.9081488700982745,7197079.795528825,True
0.2,0.52,0.9063566951628746,7182876.809165781,True
0.2,0.525,0.904547204527616,7168536.595881356,True
0.2,0.53,0.902720398192498,7154059.155675547,True
0.2,0.535,0.9008762761575214,7139444.488548357,True
0.2,0.54,0.8990148384226858,7124692.594499785,True
0.2,0.545,0.8971360849879912,7109803.473529831,True
0.2,0.55,0.8952400158534377,7094777.125638494,True
0.2,0.555,0.8933266310190253,7079613.550825776,True
0.2,0.56,0.891395930484754,7064312.7490916755,True
0.2,0.5650000000000001,0.8894479142506238,7048874.720436193,True
0.2,0.5700000000000001,0.8874825823166345,7033299.464859328,True
0.2,0.5750000000000001,0.8854999346827863,7017586.982361082,True
0.2,0.58,0.8834999713490793,7001737.272941453,True
0.2,0.585,0.8814826923155132,6985750.336600442,True
0.2,0.59,0.8794480975820883,6969626.17333805,True
0.2,0.595,0.8773961871488043,6953364.783154274,True
0.2,0.6,0.8753269610156614,6936966.166049117,True
0.2,0.605,0.8732404191826598,6920430.322022579,True
0.2,0.61,0.871136561649799,6903757.251074657,True
0.2,0.615,0.8690153884170795,6886946.9532053545,True
0.2,0.62,0.8668768994845008,6869999.428414669,True
0.2,0.625,0.8647210948520633,6852914.676702602,True
0.2,0.63,0.8625479745197668,6835692.698069152,True
0.2,0.635,0.8603575384876114,6818333.492514321,True
0.2,0.64,0.858149786755597,6800837.0600381065,True
0.2,0.645,0.8559247193237239,6783203.400640512,True
0.2,0.65,0.8536823361919916,6765432.514321534,True
0.2,0.655,0.8514226373604005,6747524.401081174,True
0.2,0.66,0.8491456228289505,6729479.060919432,True
0.2,0.665,0.8468512925976414,6711296.493836308,True
0.2,0.67,0.8445396466664735,6692976.699831802,True
0.2,0.675,0.8422106850354466,6674519.678905915,True
0.2,0.68,0.8398644077045608,6655925.431058644,True
0.2,0.685,0.837500814673816,6637193.956289992,True
0.2,0.6900000000000001,0.8351199059432123,6618325.254599958,True
0.2,0.6950000000000001,0.8327216815127497,6599319.325988541,True
0.2,0.7000000000000001,0.8303061413824282,6580176.170455744,True
0.2,0.705,0.8278732855522477,6560895.788001563,True
0.2,0.71,0.8254231140222082,6541478.178626,True
0.2,0.715,0.8229556267923099,6521923.342329056,True
0.2,0.72,0.8204708238625525,6502231.279110729,True
0.2,0.725,0.8179687052329364,6482401.988971021,True
0.2,0.73,0.8154492709034612,6462435.47190993,True
0.2,0.735,0.8129125208741271,6442331.727927458,True
0.2,0.74,0.810358455144934,6422090.757023602,True
0.2,0.745,0.8077870737158821,6401712.559198366,True
0.2,0.75,0.8051983765869711,6381197.134451746,True
0.2,0.755,0.8025923637582013,6360544.482783745,True
0.2,0.76,0.7999690352295724,6339754.604194362,True
0.2,0.765,0.7973283910010847,6318827.498683596,True
0.2,0.77,0.794670431072738,6297763.166251449,True
0.2,0.775,0.7919951554445326,6276561.60689792,True
0.2,0.78,0.7893025641164679,6255222.8206230085,True
0.2,0.785,0.7865926570885445,6233746.807426715,True
0.2,0.79,0.7838654343607621,6212133.56730904,True
0.2,0.795,0.7811208959331207,6190383.100269982,True
0.2,0.8,0.7783590418056204,6168495.406309542,True
0.2,0.805,0.7755798719782613,6146470.4854277205,True
0.2,0.81,0.772783386451043,6124308.337624516,True
0.2,0.8150000000000001,0.7699695852239661,6102008.962899931,True
0.2,0.8200000000000001,0.76713846829703,6079572.361253963,True
0.2,0.8250000000000001,0.764290035670235,6056998.532686613,True
0.2,0.8300000000000001,0.7614242873435811,6034287.477197881,True
0.2,0.835,0.7585412233170684,6011439.194787767,True
0.2,0.84,0.7556408435906966,5988453.68545627,True
0.2,0.845,0.752723148164466,5965330.9492033925,True
0.2,0.85,0.7497881370383762,5942070.986029131,True
0.2,0.855,0.7468358102124276,5918673.795933489,True
0.2,0.86,0.7438661676866202,5895139.378916465,True
0.2,0.865,0.7408792094609538,5871467.734978058,True
0.2,0.87,0.7378749355354284,5847658.86411827,True
0.2,0.875,0.734853345910044,5823712.766337099,True
0.2,0.88,0.7318144405848007,5799629.441634546,True
0.2,0.885,0.7287582195596987,5775408.890010612,True
0.2,0.89,0.7256846828347374,5751051.111465294,True
0.2,0.895,0.7225938304099174,5726556.105998595,True
0.2,0.9,0.7194856622852384,5701923.873610514,True
0.2,0.905,0.7163601784607004,5677154.414301051,True
0.2,0.91,0.7132173789363035,5652247.728070206,True
0.2,0.915,0.7100572637120478,5627203.814917979,True
0.2,0.92,0.706879832787933,5602022.674844369,True
0.2,0.925,0.7036850861639594,5576704.307849378,True
0.2,0.93,0.7004730238401267,5551248.713933004,True
0.2,0.935,0.6972436458164353,5525655.893095249,True
0.2,0.9400000000000001,0.6939969520928847,5499925.845336111,True
0.2,0.9450000000000001,0.6907329426694753,5474058.570655592,True
0.2,0.9500000000000001,0.6874516175462071,5448054.069053691,True
0.2,0.9550000000000001,0.6841529767230797,5421912.340530407,True
0.2,0.96,0.6808370202000935,5395633.385085741,True
0.2,0.965,0.6775037479772483,5369217.202719693,True
0.2,0.97,0.6741531600545442,5342663.793432263,True
0.2,0.975,0.6707852564319812,5315973.157223451,True
0.2,0.98,0.6674000371095592,5289145.294093257,True
0.2,0.985,0.6639975020872783,5262180.20404168,True
0.2,0.99,0.6605776513651385,5235077.887068722,True
0.2,0.995,0.6571404849431396,5207838.343174381,True
0.2,1.0,0.653686002821282,5180461.5723586595,True
0.3,0.0,1.0,7925000.0,True
0.3,0.005,0.9999870132251057,7924897.079808963,True
0.3,0.01,0.9999480529004232,7924588.319235854,True
0.3,0.015,0.9998831190259522,7924073.718280671,True
0.3,0.02,0.9997922116016928,7923353.276943415,True
0.3,0.025,0.999675330627645,7922426.995224087,True
0.3,0.03,0.9995324761038087,7921294.873122684,True
0.3,0.035,0.9993636480301841,7919956.910639209,True
0.3,0.04,0.9991688464067711,7918413.107773661,True
0.3,0.045,0.9989480712335697,7916663.46452604,True
0.3,0.05,0.9987013225105799,7914707.980896345,True
0.3,0.055,0.9984286002378016,7912546.656884577,True
0.3,0.06,0.998129904415235,7910179.492490737,True
0.3,0.065,0.9978052350428799,7907606.487714823,True
0.3,0.07,0.9974545921207364,7904827.642556836,True
0.3,0.075,0.9970779756488046,7901842.957016776,True
0.3,0.08,0.9966753856270842,7898652.431094643,True
0.3,0.085,0.9962468220555757,7895256.064790437,True
0.3,0.09,0.9957922849342785,7891653.858104157,True
0.3,0.095,0.9953117742631931,7887845.811035805,True
0.3,0.1,0.9948052900423192,7883831.9235853795,True
0.3,0.105,0.994272832271657,7879612.1957528815,True
0.3,0.11,0.9937144009512062,7875186.627538309,True
0.3,0.115,0.9931299960809672,7870555.218941665,True
0.3,0.12,0.9925196176609397,7865717.969962947,True
0.3,0.125,0.9918832656911237,7860674.880602156,True
0.3,0.13,0.9912209401715195,7855425.950859292,True
0.3,0.135,0.9905326411021268,7849971.180734355,True
0.3,0.14,0.9898183684829457,7844310.5702273445,True
0.3,0.145,0.9890781223139762,7838444.119338261,True
0.3,0.15,0.9883119025952182,7832371.828067104,True
0.3,0.155,0.987519709326672,7826093.696413876,True
0.3,0.16,0.9867015425083373,7819609.724378573,True
0.3,0.165,0.9858574021402141,7812919.911961197,True
0.3,0.17,0.9849872882223026,7806024.259161748,True
0.3,0.17500000000000002,0.9840912007546027,7798922.765980226,True
0.3,0.18,0.9831691397371143,7791615.432416631,True
0.3,0.185,0.9822211051698375,7784102.258470963,True
0.3,0.19,0.9812470970527725,7776383.2441432215,True
0.3,0.195,0.9802471153859189,7768458.389433407,True
0.3,0.2,0.979221160169277,7760327.69434152,True
0.3,0.20500000000000002,0.9781692314028466,7751991.158867559,True
0.3,0.21,0.9770913290866278,7743448.783011525,True
0.3,0.215,0.9759874532206206,7734700.566773418,True
0.3,0.22,0.9748576038048251,7725746.510153239,True
0.3,0.225,0.9737017808392411,7716586.613150986,True
0.3,0.23,0.9725199843238688,7707220.87576666,True
0.3,0.23500000000000001,0.971312214258708,7697649.29800026,True
0.3,0.24,0.9700784706437587,7687871.879851788,True
0.3,0.245,0.9688187534790212,7677888.621321243,True
0.3,0.25,0.9675330627644951,7667699.522408624,True
0.3,0.255,0.9662213985001809,7657304.583113933,True
0.3,0.26,0.964883760686078,7646703.803437168,True
0.3,0.265,0.9635201493221868,7635897.18337833,True
0.3,0.27,0.9621305644085072,7624884.722937419,True
0.3,0.275,0.9607150059450392,7613666.422114436,True
0.3,0.28,0.9592734739317827,7602242.280909378,True
0.3,0.28500000000000003,0.957805968368738,7590612.299322248,True
0.3,0.29,0.9563124892559047,7578776.477353045,True
0.3,0.295,0.9547930365932832,7566734.815001769,True
0.3,0.3,0.9532476103808731,7554487.312268419,True
0.3,0.305,0.9516762106186746,7542033.969152996,True
0.3,0.31,0.9500788373066879,7529374.785655501,True
0.3,0.315,0.9484554904449126,7516509.761775932,True
0.3,0.32,0.9468061700333489,7503438.89751429,True
0.3,0.325,0.9451308760719969,7490162.192870575,True
0.3,0.33,0.9434296085608563,7476679.647844787,True
0.3,0.335,0.9417023674999276,7462991.262436926,True
0.3,0.34,0.9399491528892103,7449097.036646992,True
0.3,0.34500000000000003,0.9381699647287046,7434996.9704749845,True
0.3,0.35000000000000003,0.9363648030184106,7420691.063920904,True
0.3,0.355,0.9345336677583281,7406179.31698475,True
0.3,0.36,0.9326765589484572,7391461.729666524,True
0.3,0.365,0.930793476588798,7376538.301966224,True
0.3,0.37,0.9288844206793503,7361409.033883851,True
0.3,0.375,0.9269493912201142,7346073.925419405,True
0.3,0.38,0.9249883882110898,7330532.976572886,True
0.3,0.385,0.9230014116522769,7314786.187344294,True
0.3,0.39,0.9209884615436754,7298833.557733628,True
0.3,0.395,0.9189495378852858,7282675.08774089,True
0.3,0.4,0.9168846406771077,7266310.777366078,True
0.3,0.405,0.9147937699191412,7249740.626609194,True
0.3,0.41000000000000003,0.9126769256113862,7232964.635470236,True
0.3,0.41500000000000004,0.9105341077538429,7215982.803949205,True
0.3,0.42,0.9083653163465113,7198795.132046102,True
0.3,0.425,0.9061705513893912,7181401.619760925,True
0.3,0.43,0.9039498128824826,7163802.267093674,True
0.3,0.435,0.9017031008257856,7145997.0740443515,True
0.3,0.44,0.8994304152193002,7127986.040612955,True
0.3,0.445,0.8971317560630265,7109769.166799486,True
0.3,0.45,0.8948071233569643,7091346.452603943,True
0.3,0.455,0.8924565171011138,7072717.898026328,True
0.3,0.46,0.8900799372954749,7053883.5030666385,True
0.3,0.465,0.8876773839400476,7034843.267724877,True
0.3,0.47000000000000003,0.8852488570348318,7015597.192001042,True
0.3,0.47500000000000003,0.8827943565798276,6996145.275895134,True
0.3,0.48,0.8803138825750351,6976487.519407153,True
0.3,0.485,0.8778074350204541,6956623.922537099,True
0.3,0.49,0.8752750139160846,6936554.485284971,True
0.3,0.495,0.872716619261927,6916279.207650771,True
0.3,0.5,0.8701322510579808,6895798.089634498,True
0.3,0.505,0.8675219093042462,6875111.131236151,True
0.3,0.51,0.8648855940007232,6854218.332455731,True
0.3,0.515,0.8622233051474117,6833119.693293238,True
0.3,0.52,0.859535042744312,6811815.213748673,True
0.3,0.525,0.8568208067914238,6790304.893822034,True
0.3,0.53,0.8540805972887472,6768588.733513322,True
0.3,0.535,0.8513144142362822,6746666.7328225365,True
0.3,0.54,0.8485222576340288,6724538.891749678,True
0.3,0.545,0.8457041274819869,6702205.210294746,True
0.3,0.55,0.8428600237801567,6679665.688457741,True
0.3,0.555,0.839989946528538,6656920.326238664,True
0.3,0.56,0.837093895727131,6633969.123637513,True
0.3,0.5650000000000001,0.8341718713759356,6610812.08065429,True
0.3,0.5700000000000001,0.8312238734749517,6587449.197288993,True
0.3,0.5750000000000001,0.8282499020241796,6563880.473541623,True
0.3,0.58,0.8252499570236189,6540105.90941218,True
0.3,0.585,0.82222403847327,6516125.504900664,True
0.3,0.59,0.8191721463731324,6491939.260007074,True
0.3,0.595,0.8160942807232066,6467547.174731412,True
0.3,0.6,0.8129904415234923,6442949.249073677,True
0.3,0.605,0.8098606287739896,6418145.483033868,True
0.3,0.61,0.8067048424746985,6393135.876611986,True
0.3,0.615,0.8035230826256191,6367920.429808032,True
0.3,0.62,0.8003153492267512,6342499.142622003,True
0.3,0.625,0.797081642278095,6316872.015053903,True
0.3,0.63,0.7938219617796503,6291039.047103728,True
0.3,0.635,0.7905363077314173,6265000.238771481,True
0.3,0.64,0.7872246801333956,6238755.590057161,True
0.3,0.645,0.7838870789855859,6212305.100960768,True
0.3,0.65,0.7805235042879874,6185648.771482301,True
0.3,0.655,0.7771339560406008,6158786.601621761,True
0.3,0.66,0.7737184342434257,6131718.591379149,True
0.3,0.665,0.7702769388964622,6104444.740754463,True
0.3,0.67,0.7668094699997102,6076965.049747704,True
0.3,0.675,0.76331602755317,6049279.518358872,True
0.3,0.68,0.7597966115568413,6021388.146587967,True
0.3,0.685,0.7562512220107241,5993290.934434989,True
0.3,0.6900000000000001,0.7526798589148186,5964987.881899937,True
0.3,0.6950000000000001,0.7490825222691246,5936478.9889828125,True
0.3,0.7000000000000001,0.7454592120736423,5907764.255683615,True
0.3,0.705,0.7418099283283717,5878843.682002345,True
0.3,0.71,0.7381346710333124,5849717.267939001,True
0.3,0.715,0.7344334401884649,5820385.0134935845,True
0.3,0.72,0.730706235793829,5790846.918666095,True
0.3,0.725,0.7269530578494046,5761102.983456532,True
0.3,0.73,0.7231739063551919,5731153.207864895,True
0.3,0.735,0.7193687813111908,5700997.591891186,True
0.3,0.74,0.7155376827174011,5670636.135535404,True
0.3,0.745,0.7116806105738231,5640068.838797549,True
0.3,0.75,0.7077975648804568,5609295.7016776195,True
0.3,0.755,0.703888545637302,5578316.724175618,True
0.3,0.76,0.6999535528443587,5547131.906291543,True
0.3,0.765,0.6959925865016271,5515741.248025395,True
0.3,0.77,0.6920056466091071,5484144.749377174,True
0.3,0.775,0.6879927331667988,5452342.410346881,True
0.3,0.78,0.683953846174702,5420334.230934514,True
0.3,0.785,0.6798889856328169,5388120.211140074,True
0.3,0.79,0.6757981515411432,5355700.35096356,True
0.3,0.795,0.6716813438996811,5323074.650404973,True
0.3,0.8,0.6675385627084308,5290243.109464314,True
0.3,0.805,0.663369807967392,5257205.728141582,True
0.3,0.81,0.6591750796765647,5223962.506436775,True
0.3,0.8150000000000001,0.6549543778359491,5190513.444349897,True
0.3,0.8200000000000001,0.6507077024455451,5156858.541880945,True
0.3,0.8250000000000001,0.6464350535053526,5122997.799029919,True
0.3,0.8300000000000001,0.6421364310153719,5088931.215796822,True
0.3,0.835,0.6378118349756026,5054658.79218165,True
0.3,0.84,0.633461265386045,5020180.528184406,True
0.3,0.845,0.6290847222466988,4985496.423805088,True
0.3,0.85,0.6246822055575644,4950606.479043698,True
0.3,0.855,0.6202537153186416,4915510.693900235,True
0.3,0.86,0.6157992515299302,4880209.068374697,True
0.3,0.865,0.6113188141914306,4844701.602467088,True
0.3,0.87,0.6068124033031426,4808988.296177405,True
0.3,0.875,0.6022800188650661,4773069.149505649,True
0.3,0.88,0.5977216608772014,4736944.16245182,True
0.3,0.885,0.5931373293395479,4700613.335015917,True
0.3,0.89,0.5885270242521063,4664076.667197943,True
0.3,0.895,0.5838907456148761,4627334.158997893,True
0.3,0.9,0.5792284934278578,4590385.810415773,True
0.3,0.905,0.5745402676910507,4553231.621451577,True
0.3,0.91,0.5698260684044556,4515871.59210531,True
0.3,0.915,0.5650858955680718,4478305.722376969,True
0.3,0.92,0.5603197491818996,4440534.012266555,True
0.3,0.925,0.5555276292459391,4402556.461774068,True
0.3,0.93,0.5507095357601903,4364373.070899508,True
0.3,0.935,0.545865468724653,4325983.839642875,True
0.3,0.9400000000000001,0.5409954281393272,4287388.768004168,True
0.3,0.9450000000000001,0.5360994140042132,4248587.85598339,True
0.3,0.9500000000000001,0.5311774263193105,4209581.103580536,True
0.3,0.9550000000000001,0.5262294650846197,4170368.5107956105,True
0.3,0.96,0.5212555303001403,4130950.077628612,True
0.3,0.965,0.5162556219658726,4091325.8040795405,True
0.3,0.97,0.5112297400818164,4051495.6901483955,True
0.3,0.975,0.5061778846479719,4011459.7358351774,True
0.3,0.98,0.5011000556643389,3971217.9411398857,True
0.3,0.985,0.4959962531309176,3930770.306062522,True
0.3,0.99,0.4908664770477078,3890116.8306030845,True
0.3,0.995,0.4857107274147096,3849257.5147615736,True
0.3,1.0,0.48052900423192313,3808192.3585379906,True
