sd_reference_fraction,gap_fraction,gap_eur,target_fraction_of_cap,target_marginal,minimum_expected_budget_eur,budget_margin_eur,feasible_at_benchmark,threshold_attained,value_status
0.0,0.0,0.0,0.25,6.25,0.0,7925000.0,True,False,hypothetical scenario; guaranteed floor assumed bankable and released ex ante
0.0,0.0,0.0,0.5,12.5,0.0,7925000.0,True,False,hypothetical scenario; guaranteed floor assumed bankable and released ex ante
0.0,0.0,0.0,0.75,18.75,0.0,7925000.0,True,False,hypothetical scenario; guaranteed floor assumed bankable and released ex ante
0.0,0.0,0.0,1.0,25.0,0.0,7925000.0,True,False,hypothetical scenario; guaranteed floor assumed bankable and released ex ante
0.0,0.05,396250.0,0.25,6.25,396250.0,7528750.0,True,False,hypothetical scenario; guaranteed floor assumed bankable and released ex ante
0.0,0.05,396250.0,0.5,12.5,396250.0,7528750.0,True,False,hypothetical scenario; guaranteed floor assumed bankable and released ex ante
0.0,0.05,396250.0,0.75,18.75,396250.0,7528750.0,True,False,hypothetical scenario; guaranteed floor assumed bankable and released ex ante
0.0,0.05,396250.0,1.0,25.0,396250.0,7528750.0,True,False,hypothetical scenario; guaranteed floor assumed bankable and released ex ante
0.0,0.1,792500.0,0.25,6.25,792500.0,7132500.0,True,False,hypothetical scenario; guaranteed floor assumed bankable and released ex ante
0.0,0.1,792500.0,0.5,12.5,792500.0,7132500.0,True,False,hypothetical scenario; guaranteed floor assumed bankable and released ex ante
0.0,0.1,792500.0,0.75,18.75,792500.0,7132500.0,True,False,hypothetical scenario; guaranteed floor assumed bankable and released ex ante
0.0,0.1,792500.0,1.0,25.0,792500.0,7132500.0,True,False,hypothetical scenario; guaranteed floor assumed bankable and released ex ante
0.0,0.15,1188750.0,0.25,6.25,1188750.0,6736250.0,True,False,hypothetical scenario; guaranteed floor assumed bankable and released ex ante
0.0,0.15,1188750.0,0.5,12.5,1188750.0,6736250.0,True,False,hypothetical scenario; guaranteed floor assumed bankable and released ex ante
0.0,0.15,1188750.0,0.75,18.75,1188750.0,6736250.0,True,False,hypothetical scenario; guaranteed floor assumed bankable and released ex ante
0.0,0.15,1188750.0,1.0,25.0,1188750.0,6736250.0,True,False,hypothetical scenario; guaranteed floor assumed bankable and released ex ante
0.0,0.2,1585000.0,0.25,6.25,1585000.0,6340000.0,True,False,hypothetical scenario; guaranteed floor assumed bankable and released ex ante
0.0,0.2,1585000.0,0.5,12.5,1585000.0,6340000.0,True,False,hypothetical scenario; guaranteed floor assumed bankable and released ex ante
0.0,0.2,1585000.0,0.75,18.75,1585000.0,6340000.0,True,False,hypothetical scenario; guaranteed floor assumed bankable and released ex ante
0.0,0.2,1585000.0,1.0,25.0,1585000.0,6340000.0,True,False,hypothetical scenario; guaranteed floor assumed bankable and released ex ante
0.0,0.25,1981250.0,0.25,6.25,1981250.0,5943750.0,True,False,hypothetical scenario; guaranteed floor assumed bankable and released ex ante
0.0,0.25,1981250.0,0.5,12.5,1981250.0,5943750.0,True,False,hypothetical scenario; guaranteed floor assumed bankable and released ex ante
0.0,0.25,1981250.0,0.75,18.75,1981250.0,5943750.0,True,False,hypothetical scenario; guaranteed floor assumed bankable and released ex ante
0.0,0.25,1981250.0,1.0,25.0,1981250.0,5943750.0,True,False,hypothetical scenario; guaranteed floor assumed bankable and released ex ante
0.0,0.3,2377500.0,0.25,6.25,2377500.0,5547500.0,True,False,hypothetical scenario; guaranteed floor assumed bankable and released ex ante
0.0,0.3,2377500.0,0.5,12.5,2377500.0,5547500.0,True,False,hypothetical scenario; guaranteed floor assumed bankable and released ex ante
0.0,0.3,2377500.0,0.75,18.75,2377500.0,5547500.0,True,False,hypothetical scenario; guaranteed floor assumed bankable and released ex ante
0.0,0.3,2377500.0,1.0,25.0,2377500.0,5547500.0,True,False,hypothetical scenario; guaranteed floor assumed bankable and released ex ante
0.0,0.35,2773750.0,0.25,6.25,2773750.0,5151250.0,True,False,hypothetical scenario; guaranteed floor assumed bankable and released ex ante
0.0,0.35,2773750.0,0.5,12.5,2773750.0,5151250.0,True,False,hypothetical scenario; guaranteed floor assumed bankable and released ex ante
0.0,0.35,2773750.0,0.75,18.75,2773750.0,5151250.0,True,False,hypothetical scenario; guaranteed floor assumed bankable and released ex ante
0.0,0.35,2773750.0,1.0,25.0,2773750.0,5151250.0,True,False,hypothetical scenario; guaranteed floor assumed bankable and released ex ante
0.0,0.4,3170000.0,0.25,6.25,3170000.0,4755000.0,True,False,hypothetical scenario; guaranteed floor assumed bankable and released ex ante
0.0,0.4,3170000.0,0.5,12.5,3170000.0,4755000.0,True,False,hypothetical scenario; guaranteed floor assumed bankable and released ex ante
0.0,0.4,3170000.0,0.75,18.75,3170000.0,4755000.0,True,False,hypothetical scenario; guaranteed floor assumed bankable and released ex ante
0.0,0.4,3170000.0,1.0,25.0,3170000.0,4755000.0,True,False,hypothetical scenario; guaranteed floor assumed bankable and released ex ante
0.0,0.45,3566250.0,0.25,6.25,3566250.0,4358750.0,True,False,hypothetical scenario; guaranteed floor assumed bankable and released ex ante
0.0,0.45,3566250.0,0.5,12.5,3566250.0,4358750.0,True,False,hypothetical scenario; guaranteed floor assumed bankable and released ex ante
0.0,0.45,3566250.0,0.75,18.75,3566250.0,4358750.0,True,False,hypothetical scenario; guaranteed floor assumed bankable and released ex ante
0.0,0.45,3566250.0,1.0,25.0,3566250.0,4358750.0,True,False,hypothetical scenario; guaranteed floor assumed bankable and released ex ante
0.0,0.5,3962500.0,0.25,6.25,3962500.0,3962500.0,True,False,hypothetical scenario; guaranteed floor assumed bankable and released ex ante
0.0,0.5,3962500.0,0.5,12.5,3962500.0,3962500.0,True,False,hypothetical scenario; guaranteed floor assumed bankable and released ex ante
0.0,0.5,3962500.0,0.75,18.75,3962500.0,3962500.0,True,False,hypothetical scenario; guaranteed floor assumed bankable and released ex ante
0.0,0.5,3962500.0,1.0,25.0,3962500.0,3962500.0,True,False,hypothetical scenario; guaranteed floor assumed bankable and released ex ante
0.0,0.55,4358750.0,0.25,6.25,4358750.0,3566250.0,True,False,hypothetical scenario; guaranteed floor assumed bankable and released ex ante
0.0,0.55,4358750.0,0.5,12.5,4358750.0,3566250.0,True,False,hypothetical scenario; guaranteed floor assumed bankable and released ex ante
0.0,0.55,4358750.0,0.75,18.75,4358750.0,3566250.0,True,False,hypothetical scenario; guaranteed floor assumed bankable and released ex ante
0.0,0.55,4358750.0,1.0,25.0,4358750.0,3566250.0,True,False,hypothetical scenario; guaranteed floor assumed bankable and released ex ante
0.0,0.6,4755000.0,0.25,6.25,4755000.0,3170000.0,True,False,hypothetical scenario; guaranteed floor assumed bankable and released ex ante
0.0,0.6,4755000.0,0.5,12.5,4755000.0,3170000.0,True,False,hypothetical scenario; guaranteed floor assumed bankable and released ex ante
0.0,0.6,4755000.0,0.75,18.75,4755000.0,3170000.0,True,False,hypothetical scenario; guaranteed floor assumed bankable and released ex ante
0.0,0.6,4755000.0,1.0,25.0,4755000.0,3170000.0,True,False,hypothetical scenario; guaranteed floor assumed bankable and released ex ante
0.0,0.65,5151250.0,0.25,6.25,5151250.0,2773750.0,True,False,hypothetical scenario; guaranteed floor assumed bankable and released ex ante
0.0,0.65,5151250.0,0.5,12.5,5151250.0,2773750.0,True,False,hypothetical scenario; guaranteed floor assumed bankable and released ex ante
0.0,0.65,5151250.0,0.75,18.75,5151250.0,2773750.0,True,False,hypothetical scenario; guaranteed floor assumed bankable and released ex ante
0.0,0.65,5151250.0,1.0,25.0,5151250.0,2773750.0,True,False,hypothetical scenario; guaranteed floor assumed bankable and released ex ante
0.0,0.7,5547500.0,0.25,6.25,5547500.0,2377500.0,True,False,hypothetical scenario; guaranteed floor assumed bankable and released ex ante
0.0,0.7,5547500.0,0.5,12.5,5547500.0,2377500.0,True,False,hypothetical scenario; guaranteed floor assumed bankable and released ex ante
0.0,0.7,5547500.0,0.75,18.75,5547500.0,2377500.0,True,False,hypothetical scenario; guaranteed floor assumed bankable and released ex ante
0.0,0.7,5547500.0,1.0,25.0,5547500.0,2377500.0,True,False,hypothetical scenario; guaranteed floor assumed bankable and released ex ante
0.0,0.75,5943750.0,0.25,6.25,5943750.0,1981250.0,True,False,hypothetical scenario; guaranteed floor assumed bankable and released ex ante
0.0,0.75,5943750.0,0.5,12.5,5943750.0,1981250.0,True,False,hypothetical scenario; guaranteed floor assumed bankable and released ex ante
0.0,0.75,5943750.0,0.75,18.75,5943750.0,1981250.0,True,False,hypothetical scenario; guaranteed floor assumed bankable and released ex ante
0.0,0.75,5943750.0,1.0,25.0,5943750.0,1981250.0,True,False,hypothetical scenario; guaranteed floor assumed bankable and released ex ante
0.0,0.8,6340000.0,0.25,6.25,6340000.0,1585000.0,True,False,hypothetical scenario; guaranteed floor assumed bankable and released ex ante
0.0,0.8,6340000.0,0.5,12.5,6340000.0,1585000.0,True,False,hypothetical scenario; guaranteed floor assumed bankable and released ex ante
0.0,0.8,6340000.0,0.75,18.75,6340000.0,1585000.0,True,False,hypothetical scenario; guaranteed floor assumed bankable and released ex ante
0.0,0.8,6340000.0,1.0,25.0,6340000.0,1585000.0,True,False,hypothetical scenario; guaranteed floor assumed bankable and released ex ante
0.0,0.85,6736250.0,0.25,6.25,6736250.0,1188750.0,True,False,hypothetical scenario; guaranteed floor assumed bankable and released ex ante
0.0,0.85,6736250.0,0.5,12.5,6736250.0,1188750.0,True,False,hypothetical scenario; guaranteed floor assumed bankable and released ex ante
0.0,0.85,6736250.0,0.75,18.75,6736250.0,1188750.0,True,False,hypothetical scenario; guaranteed floor assumed bankable and released ex ante
0.0,0.85,6736250.0,1.0,25.0,6736250.0,1188750.0,True,False,hypothetical scenario; guaranteed floor assumed bankable and released ex ante
0.0,0.9,7132500.0,0.25,6.25,7132500.0,792500.0,True,False,hypothetical scenario; guaranteed floor assumed bankable and released ex ante
0.0,0.9,7132500.0,0.5,12.5,7132500.0,792500.0,True,False,hypothetical scenario; guaranteed floor assumed bankable and released ex ante
0.0,0.9,7132500.0,0.75,18.75,7132500.0,792500.0,True,False,hypothetical scenario; guaranteed floor assumed bankable and released ex ante
0.0,0.9,7132500.0,1.0,25.0,7132500.0,792500.0,True,False,hypothetical scenario; guaranteed floor assumed bankable and released ex ante
0.0,0.95,7528750.0,0.25,6.25,7528750.0,396250.0,True,False,hypothetical scenario; guaranteed floor assumed bankable and released ex ante
0.0,0.95,7528750.0,0.5,12.5,7528750.0,396250.0,True,False,hypothetical scenario; guaranteed floor assumed bankable and released ex ante
0.0,0.95,7528750.0,0.75,18.75,7528750.0,396250.0,True,False,hypothetical scenario; guaranteed floor assumed bankable and released ex ante
0.0,0.95,7528750.0,1.0,25.0,7528750.0,396250.0,True,False,hypothetical scenario; guaranteed floor assumed bankable and released ex ante
0.0,1.0,7925000.0,0.25,6.25,7925000.0,0.0,False,False,hypothetical scenario; guaranteed floor assumed bankable and released ex ante
0.0,1.0,7925000.0,0.5,12.5,7925000.0,0.0,False,False,hypothetical scenario; guaranteed floor assumed bankable and released ex ante
0.0,1.0,7925000.0,0.75,18.75,7925000.0,0.0,False,False,hypothetical scenario; guaranteed floor assumed bankable and released ex ante
0.0,1.0,7925000.0,1.0,25.0,7925000.0,0.0,False,False,hypothetical scenario; guaranteed floor assumed bankable and released ex ante
0.025,0.0,0.0,0.25,6.25,21441.706465947973,7903558.293534052,True,True,hypothetical scenario; guaranteed floor assumed bankable and released ex ante
0.025,0.0,0.0,0.5,12.5,85766.82586379189,7839233.174136208,True,True,hypothetical scenario; guaranteed floor assumed bankable and released ex ante
0.025,0.0,0.0,0.75,18.75,192975.35819353175,7732024.641806468,True,True,hypothetical scenario; guaranteed floor assumed bankable and released ex ante
0.025,0.0,0.0,1.0,25.0,343067.30345516757,7581932.696544833,True,True,hypothetical scenario; guaranteed floor assumed bankable and released ex ante
0.025,0.05,396250.0,0.25,6.25,417691.70646594797,7507308.293534052,True,True,hypothetical scenario; guaranteed floor assumed bankable and released ex ante
0.025,0.05,396250.0,0.5,12.5,482016.82586379186,7442983.174136208,True,True,hypothetical scenario; guaranteed floor assumed bankable and released ex ante
0.025,0.05,396250.0,0.75,18.75,589225.3581935317,7335774.641806468,True,True,hypothetical scenario; guaranteed floor assumed bankable and released ex ante
0.025,0.05,396250.0,1.0,25.0,739317.3034551676,7185682.696544833,True,True,hypothetical scenario; guaranteed floor assumed bankable and released ex ante
0.025,0.1,792500.0,0.25,6.25,813941.706465948,7111058.293534052,True,True,hypothetical scenario; guaranteed floor assumed bankable and released ex ante
0.025,0.1,792500.0,0.5,12.5,878266.8258637919,7046733.174136208,True,True,hypothetical scenario; guaranteed floor assumed bankable and released ex ante
0.025,0.1,792500.0,0.75,18.75,985475.3581935317,6939524.641806468,True,True,hypothetical scenario; guaranteed floor assumed bankable and released ex ante
0.025,0.1,792500.0,1.0,25.0,1135567.3034551675,6789432.696544833,True,True,hypothetical scenario; guaranteed floor assumed bankable and released ex ante
0.025,0.15,1188750.0,0.25,6.25,1210191.706465948,6714808.293534052,True,True,hypothetical scenario; guaranteed floor assumed bankable and released ex ante
0.025,0.15,1188750.0,0.5,12.5,1274516.8258637919,6650483.174136208,True,True,hypothetical scenario; guaranteed floor assumed bankable and released ex ante
0.025,0.15,1188750.0,0.75,18.75,1381725.3581935316,6543274.641806468,True,True,hypothetical scenario; guaranteed floor assumed bankable and released ex ante
0.025,0.15,1188750.0,1.0,25.0,1531817.3034551675,6393182.696544833,True,True,hypothetical scenario; guaranteed floor assumed bankable and released ex ante
0.025,0.2,1585000.0,0.25,6.25,1606441.706465948,6318558.293534052,True,True,hypothetical scenario; guaranteed floor assumed bankable and released ex ante
0.025,0.2,1585000.0,0.5,12.5,1670766.8258637919,6254233.174136208,True,True,hypothetical scenario; guaranteed floor assumed bankable and released ex ante
0.025,0.2,1585000.0,0.75,18.75,1777975.3581935316,6147024.641806468,True,True,hypothetical scenario; guaranteed floor assumed bankable and released ex ante
0.025,0.2,1585000.0,1.0,25.0,1928067.3034551675,5996932.696544833,True,True,hypothetical scenario; guaranteed floor assumed bankable and released ex ante
0.025,0.25,1981250.0,0.25,6.25,2002691.706465948,5922308.293534052,True,True,hypothetical scenario; guaranteed floor assumed bankable and released ex ante
0.025,0.25,1981250.0,0.5,12.5,2067016.8258637919,5857983.174136208,True,True,hypothetical scenario; guaranteed floor assumed bankable and released ex ante
0.025,0.25,1981250.0,0.75,18.75,2174225.3581935316,5750774.641806468,True,True,hypothetical scenario; guaranteed floor assumed bankable and released ex ante
0.025,0.25,1981250.0,1.0,25.0,2324317.3034551675,5600682.696544833,True,True,hypothetical scenario; guaranteed floor assumed bankable and released ex ante
0.025,0.3,2377500.0,0.25,6.25,2398941.706465948,5526058.293534052,True,True,hypothetical scenario; guaranteed floor assumed bankable and released ex ante
0.025,0.3,2377500.0,0.5,12.5,2463266.825863792,5461733.174136208,True,True,hypothetical scenario; guaranteed floor assumed bankable and released ex ante
0.025,0.3,2377500.0,0.75,18.75,2570475.3581935316,5354524.641806468,True,True,hypothetical scenario; guaranteed floor assumed bankable and released ex ante
0.025,0.3,2377500.0,1.0,25.0,2720567.3034551675,5204432.696544833,True,True,hypothetical scenario; guaranteed floor assumed bankable and released ex ante
0.025,0.35,2773750.0,0.25,6.25,2795191.706465948,5129808.293534052,True,True,hypothetical scenario; guaranteed floor assumed bankable and released ex ante
0.025,0.35,2773750.0,0.5,12.5,2859516.825863792,5065483.174136208,True,True,hypothetical scenario; guaranteed floor assumed bankable and released ex ante
0.025,0.35,2773750.0,0.75,18.75,2966725.3581935316,4958274.641806468,True,True,hypothetical scenario; guaranteed floor assumed bankable and released ex ante
0.025,0.35,2773750.0,1.0,25.0,3116817.3034551675,4808182.696544833,True,True,hypothetical scenario; guaranteed floor assumed bankable and released ex ante
0.025,0.4,3170000.0,0.25,6.25,3191441.706465948,4733558.293534052,True,True,hypothetical scenario; guaranteed floor assumed bankable and released ex ante
0.025,0.4,3170000.0,0.5,12.5,3255766.825863792,4669233.174136208,True,True,hypothetical scenario; guaranteed floor assumed bankable and released ex ante
0.025,0.4,3170000.0,0.75,18.75,3362975.3581935316,4562024.641806468,True,True,hypothetical scenario; guaranteed floor assumed bankable and released ex ante
0.025,0.4,3170000.0,1.0,25.0,3513067.3034551675,4411932.696544833,True,True,hypothetical scenario; guaranteed floor assumed bankable and released ex ante
0.025,0.45,3566250.0,0.25,6.25,3587691.706465948,4337308.293534052,True,True,hypothetical scenario; guaranteed floor assumed bankable and released ex ante
0.025,0.45,3566250.0,0.5,12.5,3652016.825863792,4272983.174136208,True,True,hypothetical scenario; guaranteed floor assumed bankable and released ex ante
0.025,0.45,3566250.0,0.75,18.75,3759225.3581935316,4165774.6418064684,True,True,hypothetical scenario; guaranteed floor assumed bankable and released ex ante
0.025,0.45,3566250.0,1.0,25.0,3909317.3034551675,4015682.6965448325,True,True,hypothetical scenario; guaranteed floor assumed bankable and released ex ante
0.025,0.5,3962500.0,0.25,6.25,3983941.706465948,3941058.293534052,True,True,hypothetical scenario; guaranteed floor assumed bankable and released ex ante
0.025,0.5,3962500.0,0.5,12.5,4048266.825863792,3876733.174136208,True,True,hypothetical scenario; guaranteed floor assumed bankable and released ex ante
0.025,0.5,3962500.0,0.75,18.75,4155475.3581935316,3769524.6418064684,True,True,hypothetical scenario; guaranteed floor assumed bankable and released ex ante
0.025,0.5,3962500.0,1.0,25.0,4305567.303455167,3619432.6965448325,True,True,hypothetical scenario; guaranteed floor assumed bankable and released ex ante
0.025,0.55,4358750.0,0.25,6.25,4380191.706465948,3544808.2935340516,True,True,hypothetical scenario; guaranteed floor assumed bankable and released ex ante
0.025,0.55,4358750.0,0.5,12.5,4444516.825863792,3480483.1741362084,True,True,hypothetical scenario; guaranteed floor assumed bankable and released ex ante
0.025,0.55,4358750.0,0.75,18.75,4551725.358193532,3373274.6418064684,True,True,hypothetical scenario; guaranteed floor assumed bankable and released ex ante
0.025,0.55,4358750.0,1.0,25.0,4701817.303455167,3223182.6965448325,True,True,hypothetical scenario; guaranteed floor assumed bankable and released ex ante
0.025,0.6,4755000.0,0.25,6.25,4776441.706465948,3148558.2935340516,True,True,hypothetical scenario; guaranteed floor assumed bankable and released ex ante
0.025,0.6,4755000.0,0.5,12.5,4840766.825863792,3084233.1741362084,True,True,hypothetical scenario; guaranteed floor assumed bankable and released ex ante
0.025,0.6,4755000.0,0.75,18.75,4947975.358193532,2977024.6418064684,True,True,hypothetical scenario; guaranteed floor assumed bankable and released ex ante
0.025,0.6,4755000.0,1.0,25.0,5098067.303455167,2826932.6965448325,True,True,hypothetical scenario; guaranteed floor assumed bankable and released ex ante
0.025,0.65,5151250.0,0.25,6.25,5172691.706465948,2752308.2935340516,True,True,hypothetical scenario; guaranteed floor assumed bankable and released ex ante
0.025,0.65,5151250.0,0.5,12.5,5237016.825863792,2687983.1741362084,True,True,hypothetical scenario; guaranteed floor assumed bankable and released ex ante
0.025,0.65,5151250.0,0.75,18.75,5344225.358193532,2580774.6418064684,True,True,hypothetical scenario; guaranteed floor assumed bankable and released ex ante
0.025,0.65,5151250.0,1.0,25.0,5494317.303455167,2430682.6965448325,True,True,hypothetical scenario; guaranteed floor assumed bankable and released ex ante
0.025,0.7,5547500.0,0.25,6.25,5568941.706465948,2356058.2935340516,True,True,hypothetical scenario; guaranteed floor assumed bankable and released ex ante
0.025,0.7,5547500.0,0.5,12.5,5633266.825863792,2291733.1741362084,True,True,hypothetical scenario; guaranteed floor assumed bankable and released ex ante
0.025,0.7,5547500.0,0.75,18.75,5740475.358193532,2184524.6418064684,True,True,hypothetical scenario; guaranteed floor assumed bankable and released ex ante
0.025,0.7,5547500.0,1.0,25.0,5890567.303455167,2034432.6965448325,True,True,hypothetical scenario; guaranteed floor assumed bankable and released ex ante
0.025,0.75,5943750.0,0.25,6.25,5965191.706465948,1959808.2935340516,True,True,hypothetical scenario; guaranteed floor assumed bankable and released ex ante
0.025,0.75,5943750.0,0.5,12.5,6029516.825863792,1895483.1741362084,True,True,hypothetical scenario; guaranteed floor assumed bankable and released ex ante
0.025,0.75,5943750.0,0.75,18.75,6136725.358193532,1788274.6418064684,True,True,hypothetical scenario; guaranteed floor assumed bankable and released ex ante
0.025,0.75,5943750.0,1.0,25.0,6286817.303455167,1638182.6965448325,True,True,hypothetical scenario; guaranteed floor assumed bankable and released ex ante
0.025,0.8,6340000.0,0.25,6.25,6361441.706465948,1563558.2935340516,True,True,hypothetical scenario; guaranteed floor assumed bankable and released ex ante
0.025,0.8,6340000.0,0.5,12.5,6425766.825863792,1499233.1741362084,True,True,hypothetical scenario; guaranteed floor assumed bankable and released ex ante
0.025,0.8,6340000.0,0.75,18.75,6532975.358193532,1392024.6418064684,True,True,hypothetical scenario; guaranteed floor assumed bankable and released ex ante
0.025,0.8,6340000.0,1.0,25.0,6683067.303455167,1241932.6965448325,True,True,hypothetical scenario; guaranteed floor assumed bankable and released ex ante
0.025,0.85,6736250.0,0.25,6.25,6757691.706465948,1167308.2935340516,True,True,hypothetical scenario; guaranteed floor assumed bankable and released ex ante
0.025,0.85,6736250.0,0.5,12.5,6822016.825863792,1102983.1741362084,True,True,hypothetical scenario; guaranteed floor assumed bankable and released ex ante
0.025,0.85,6736250.0,0.75,18.75,6929225.358193532,995774.6418064684,True,True,hypothetical scenario; guaranteed floor assumed bankable and released ex ante
0.025,0.85,6736250.0,1.0,25.0,7079317.303455167,845682.6965448325,True,True,hypothetical scenario; guaranteed floor assumed bankable and released ex ante
0.025,0.9,7132500.0,0.25,6.25,7153941.706465948,771058.2935340516,True,True,hypothetical scenario; guaranteed floor assumed bankable and released ex ante
0.025,0.9,7132500.0,0.5,12.5,7218266.825863792,706733.1741362084,True,True,hypothetical scenario; guaranteed floor assumed bankable and released ex ante
0.025,0.9,7132500.0,0.75,18.75,7325475.358193532,599524.6418064684,True,True,hypothetical scenario; guaranteed floor assumed bankable and released ex ante
0.025,0.9,7132500.0,1.0,25.0,7475567.303455167,449432.69654483255,True,True,hypothetical scenario; guaranteed floor assumed bankable and released ex ante
0.025,0.95,7528750.0,0.25,6.25,7550191.706465948,374808.2935340516,True,True,hypothetical scenario; guaranteed floor assumed bankable and released ex ante
0.025,0.95,7528750.0,0.5,12.5,7614516.825863792,310483.17413620837,True,True,hypothetical scenario; guaranteed floor assumed bankable and released ex ante
0.025,0.95,7528750.0,0.75,18.75,7721725.358193532,203274.64180646837,True,True,hypothetical scenario; guaranteed floor assumed bankable and released ex ante
0.025,0.95,7528750.0,1.0,25.0,7871817.303455167,53182.69654483255,True,True,hypothetical scenario; guaranteed floor assumed bankable and released ex ante
0.025,1.0,7925000.0,0.25,6.25,7946441.706465948,-21441.706465948373,False,True,hypothetical scenario; guaranteed floor assumed bankable and released ex ante
0.025,1.0,7925000.0,0.5,12.5,8010766.825863792,-85766.82586379163,False,True,hypothetical scenario; guaranteed floor assumed bankable and released ex ante
0.025,1.0,7925000.0,0.75,18.75,8117975.358193532,-192975.35819353163,False,True,hypothetical scenario; guaranteed floor assumed bankable and released ex ante
0.025,1.0,7925000.0,1.0,25.0,8268067.303455167,-343067.30345516745,False,True,hypothetical scenario; guaranteed floor assumed bankable and released ex ante
0.05,0.0,0.0,0.25,6.25,42883.412931895946,7882116.587068104,True,True,hypothetical scenario; guaranteed floor assumed bankable and released ex ante
0.05,0.0,0.0,0.5,12.5,171533.65172758378,7753466.348272416,True,True,hypothetical scenario; guaranteed floor assumed bankable and released ex ante
0.05,0.0,0.0,0.75,18.75,385950.7163870635,7539049.283612937,True,True,hypothetical scenario; guaranteed floor assumed bankable and released ex ante
0.05,0.0,0.0,1.0,25.0,686134.6069103351,7238865.393089665,True,True,hypothetical scenario; guaranteed floor assumed bankable and released ex ante
0.05,0.05,396250.0,0.25,6.25,439133.41293189593,7485866.587068104,True,True,hypothetical scenario; guaranteed floor assumed bankable and released ex ante
0.05,0.05,396250.0,0.5,12.5,567783.6517275837,7357216.348272417,True,True,hypothetical scenario; guaranteed floor assumed bankable and released ex ante
0.05,0.05,396250.0,0.75,18.75,782200.7163870635,7142799.283612937,True,True,hypothetical scenario; guaranteed floor assumed bankable and released ex ante
0.05,0.05,396250.0,1.0,25.0,1082384.6069103351,6842615.393089665,True,True,hypothetical scenario; guaranteed floor assumed bankable and released ex ante
0.05,0.1,792500.0,0.25,6.25,835383.4129318959,7089616.587068104,True,True,hypothetical scenario; guaranteed floor assumed bankable and released ex ante
0.05,0.1,792500.0,0.5,12.5,964033.6517275837,6960966.348272417,True,True,hypothetical scenario; guaranteed floor assumed bankable and released ex ante
0.05,0.1,792500.0,0.75,18.75,1178450.7163870635,6746549.283612937,True,True,hypothetical scenario; guaranteed floor assumed bankable and released ex ante
0.05,0.1,792500.0,1.0,25.0,1478634.6069103351,6446365.393089665,True,True,hypothetical scenario; guaranteed floor assumed bankable and released ex ante
0.05,0.15,1188750.0,0.25,6.25,1231633.412931896,6693366.587068104,True,True,hypothetical scenario; guaranteed floor assumed bankable and released ex ante
0.05,0.15,1188750.0,0.5,12.5,1360283.6517275837,6564716.348272417,True,True,hypothetical scenario; guaranteed floor assumed bankable and released ex ante
0.05,0.15,1188750.0,0.75,18.75,1574700.7163870635,6350299.283612937,True,True,hypothetical scenario; guaranteed floor assumed bankable and released ex ante
0.05,0.15,1188750.0,1.0,25.0,1874884.6069103351,6050115.393089665,True,True,hypothetical scenario; guaranteed floor assumed bankable and released ex ante
0.05,0.2,1585000.0,0.25,6.25,1627883.412931896,6297116.587068104,True,True,hypothetical scenario; guaranteed floor assumed bankable and released ex ante
0.05,0.2,1585000.0,0.5,12.5,1756533.6517275837,6168466.348272417,True,True,hypothetical scenario; guaranteed floor assumed bankable and released ex ante
0.05,0.2,1585000.0,0.75,18.75,1970950.7163870635,5954049.283612937,True,True,hypothetical scenario; guaranteed floor assumed bankable and released ex ante
0.05,0.2,1585000.0,1.0,25.0,2271134.606910335,5653865.393089665,True,True,hypothetical scenario; guaranteed floor assumed bankable and released ex ante
0.05,0.25,1981250.0,0.25,6.25,2024133.412931896,5900866.587068104,True,True,hypothetical scenario; guaranteed floor assumed bankable and released ex ante
0.05,0.25,1981250.0,0.5,12.5,2152783.6517275837,5772216.348272417,True,True,hypothetical scenario; guaranteed floor assumed bankable and released ex ante
0.05,0.25,1981250.0,0.75,18.75,2367200.7163870633,5557799.283612937,True,True,hypothetical scenario; guaranteed floor assumed bankable and released ex ante
0.05,0.25,1981250.0,1.0,25.0,2667384.606910335,5257615.393089665,True,True,hypothetical scenario; guaranteed floor assumed bankable and released ex ante
0.05,0.3,2377500.0,0.25,6.25,2420383.412931896,5504616.587068104,True,True,hypothetical scenario; guaranteed floor assumed bankable and released ex ante
0.05,0.3,2377500.0,0.5,12.5,2549033.6517275837,5375966.348272417,True,True,hypothetical scenario; guaranteed floor assumed bankable and released ex ante
0.05,0.3,2377500.0,0.75,18.75,2763450.7163870633,5161549.283612937,True,True,hypothetical scenario; guaranteed floor assumed bankable and released ex ante
0.05,0.3,2377500.0,1.0,25.0,3063634.606910335,4861365.393089665,True,True,hypothetical scenario; guaranteed floor assumed bankable and released ex ante
0.05,0.35,2773750.0,0.25,6.25,2816633.412931896,5108366.587068104,True,True,hypothetical scenario; guaranteed floor assumed bankable and released ex ante
0.05,0.35,2773750.0,0.5,12.5,2945283.6517275837,4979716.348272417,True,True,hypothetical scenario; guaranteed floor assumed bankable and released ex ante
0.05,0.35,2773750.0,0.75,18.75,3159700.7163870633,4765299.283612937,True,True,hypothetical scenario; guaranteed floor assumed bankable and released ex ante
0.05,0.35,2773750.0,1.0,25.0,3459884.606910335,4465115.393089665,True,True,hypothetical scenario; guaranteed floor assumed bankable and released ex ante
0.05,0.4,3170000.0,0.25,6.25,3212883.412931896,4712116.587068104,True,True,hypothetical scenario; guaranteed floor assumed bankable and released ex ante
0.05,0.4,3170000.0,0.5,12.5,3341533.6517275837,4583466.348272417,True,True,hypothetical scenario; guaranteed floor assumed bankable and released ex ante
0.05,0.4,3170000.0,0.75,18.75,3555950.7163870633,4369049.283612937,True,True,hypothetical scenario; guaranteed floor assumed bankable and released ex ante
0.05,0.4,3170000.0,1.0,25.0,3856134.606910335,4068865.393089665,True,True,hypothetical scenario; guaranteed floor assumed bankable and released ex ante
0.05,0.45,3566250.0,0.25,6.25,3609133.412931896,4315866.587068104,True,True,hypothetical scenario; guaranteed floor assumed bankable and released ex ante
0.05,0.45,3566250.0,0.5,12.5,3737783.6517275837,4187216.3482724163,True,True,hypothetical scenario; guaranteed floor assumed bankable and released ex ante
0.05,0.45,3566250.0,0.75,18.75,3952200.7163870633,3972799.2836129367,True,True,hypothetical scenario; guaranteed floor assumed bankable and released ex ante
0.05,0.45,3566250.0,1.0,25.0,4252384.606910335,3672615.393089665,True,True,hypothetical scenario; guaranteed floor assumed bankable and released ex ante
0.05,0.5,3962500.0,0.25,6.25,4005383.412931896,3919616.587068104,True,True,hypothetical scenario; guaranteed floor assumed bankable and released ex ante
0.05,0.5,3962500.0,0.5,12.5,4134033.6517275837,3790966.3482724163,True,True,hypothetical scenario; guaranteed floor assumed bankable and released ex ante
0.05,0.5,3962500.0,0.75,18.75,4348450.716387063,3576549.2836129367,True,True,hypothetical scenario; guaranteed floor assumed bankable and released ex ante
0.05,0.5,3962500.0,1.0,25.0,4648634.606910335,3276365.393089665,True,True,hypothetical scenario; guaranteed floor assumed bankable and released ex ante
0.05,0.55,4358750.0,0.25,6.25,4401633.412931896,3523366.587068104,True,True,hypothetical scenario; guaranteed floor assumed bankable and released ex ante
0.05,0.55,4358750.0,0.5,12.5,4530283.651727584,3394716.348272416,True,True,hypothetical scenario; guaranteed floor assumed bankable and released ex ante
0.05,0.55,4358750.0,0.75,18.75,4744700.716387063,3180299.2836129367,True,True,hypothetical scenario; guaranteed floor assumed bankable and released ex ante
0.05,0.55,4358750.0,1.0,25.0,5044884.606910335,2880115.393089665,True,True,hypothetical scenario; guaranteed floor assumed bankable and released ex ante
0.05,0.6,4755000.0,0.25,6.25,4797883.412931896,3127116.587068104,True,True,hypothetical scenario; guaranteed floor assumed bankable and released ex ante
0.05,0.6,4755000.0,0.5,12.5,4926533.651727584,2998466.348272416,True,True,hypothetical scenario; guaranteed floor assumed bankable and released ex ante
0.05,0.6,4755000.0,0.75,18.75,5140950.716387063,2784049.2836129367,True,True,hypothetical scenario; guaranteed floor assumed bankable and released ex ante
0.05,0.6,4755000.0,1.0,25.0,5441134.606910335,2483865.393089665,True,True,hypothetical scenario; guaranteed floor assumed bankable and released ex ante
0.05,0.65,5151250.0,0.25,6.25,5194133.412931896,2730866.587068104,True,True,hypothetical scenario; guaranteed floor assumed bankable and released ex ante
0.05,0.65,5151250.0,0.5,12.5,5322783.651727584,2602216.348272416,True,True,hypothetical scenario; guaranteed floor assumed bankable and released ex ante
0.05,0.65,5151250.0,0.75,18.75,5537200.716387063,2387799.2836129367,True,True,hypothetical scenario; guaranteed floor assumed bankable and released ex ante
0.05,0.65,5151250.0,1.0,25.0,5837384.606910335,2087615.393089665,True,True,hypothetical scenario; guaranteed floor assumed bankable and released ex ante
0.05,0.7,5547500.0,0.25,6.25,5590383.412931896,2334616.587068104,True,True,hypothetical scenario; guaranteed floor assumed bankable and released ex ante
0.05,0.7,5547500.0,0.5,12.5,5719033.651727584,2205966.348272416,True,True,hypothetical scenario; guaranteed floor assumed bankable and released ex ante
0.05,0.7,5547500.0,0.75,18.75,5933450.716387063,1991549.2836129367,True,True,hypothetical scenario; guaranteed floor assumed bankable and released ex ante
0.05,0.7,5547500.0,1.0,25.0,6233634.606910335,1691365.393089665,True,True,hypothetical scenario; guaranteed floor assumed bankable and released ex ante
0.05,0.75,5943750.0,0.25,6.25,5986633.412931896,1938366.5870681042,True,True,hypothetical scenario; guaranteed floor assumed bankable and released ex ante
0.05,0.75,5943750.0,0.5,12.5,6115283.651727584,1809716.3482724158,True,True,hypothetical scenario; guaranteed floor assumed bankable and released ex ante
0.05,0.75,5943750.0,0.75,18.75,6329700.716387063,1595299.2836129367,True,True,hypothetical scenario; guaranteed floor assumed bankable and released ex ante
0.05,0.75,5943750.0,1.0,25.0,6629884.606910335,1295115.393089665,True,True,hypothetical scenario; guaranteed floor assumed bankable and released ex ante
0.05,0.8,6340000.0,0.25,6.25,6382883.412931896,1542116.5870681042,True,True,hypothetical scenario; guaranteed floor assumed bankable and released ex ante
0.05,0.8,6340000.0,0.5,12.5,6511533.651727584,1413466.3482724158,True,True,hypothetical scenario; guaranteed floor assumed bankable and released ex ante
0.05,0.8,6340000.0,0.75,18.75,6725950.716387063,1199049.2836129367,True,True,hypothetical scenario; guaranteed floor assumed bankable and released ex ante
0.05,0.8,6340000.0,1.0,25.0,7026134.606910335,898865.3930896651,True,True,hypothetical scenario; guaranteed floor assumed bankable and released ex ante
0.05,0.85,6736250.0,0.25,6.25,6779133.412931896,1145866.5870681042,True,True,hypothetical scenario; guaranteed floor assumed bankable and released ex ante
0.05,0.85,6736250.0,0.5,12.5,6907783.651727584,1017216.3482724158,True,True,hypothetical scenario; guaranteed floor assumed bankable and released ex ante
0.05,0.85,6736250.0,0.75,18.75,7122200.716387063,802799.2836129367,True,True,hypothetical scenario; guaranteed floor assumed bankable and released ex ante
0.05,0.85,6736250.0,1.0,25.0,7422384.606910335,502615.3930896651,True,True,hypothetical scenario; guaranteed floor assumed bankable and released ex ante
0.05,0.9,7132500.0,0.25,6.25,7175383.412931896,749616.5870681042,True,True,hypothetical scenario; guaranteed floor assumed bankable and released ex ante
0.05,0.9,7132500.0,0.5,12.5,7304033.651727584,620966.3482724158,True,True,hypothetical scenario; guaranteed floor assumed bankable and released ex ante
0.05,0.9,7132500.0,0.75,18.75,7518450.716387063,406549.28361293674,True,True,hypothetical scenario; guaranteed floor assumed bankable and released ex ante
0.05,0.9,7132500.0,1.0,25.0,7818634.606910335,106365.3930896651,True,True,hypothetical scenario; guaranteed floor assumed bankable and released ex ante
0.05,0.95,7528750.0,0.25,6.25,7571633.412931896,353366.5870681042,True,True,hypothetical scenario; guaranteed floor assumed bankable and released ex ante
0.05,0.95,7528750.0,0.5,12.5,7700283.651727584,224716.3482724158,True,True,hypothetical scenario; guaranteed floor assumed bankable and released ex ante
0.05,0.95,7528750.0,0.75,18.75,7914700.716387063,10299.283612936735,True,True,hypothetical scenario; guaranteed floor assumed bankable and released ex ante
0.05,0.95,7528750.0,1.0,25.0,8214884.606910335,-289884.6069103349,False,True,hypothetical scenario; guaranteed floor assumed bankable and released ex ante
0.05,1.0,7925000.0,0.25,6.25,7967883.412931896,-42883.412931895815,False,True,hypothetical scenario; guaranteed floor assumed bankable and released ex ante
0.05,1.0,7925000.0,0.5,12.5,8096533.651727584,-171533.6517275842,False,True,hypothetical scenario; guaranteed floor assumed bankable and released ex ante
0.05,1.0,7925000.0,0.75,18.75,8310950.716387063,-385950.71638706326,False,True,hypothetical scenario; guaranteed floor assumed bankable and released ex ante
0.05,1.0,7925000.0,1.0,25.0,8611134.606910335,-686134.6069103349,False,True,hypothetical scenario; guaranteed floor assumed bankable and released ex ante
0.1,0.0,0.0,0.25,6.25,85766.82586379189,7839233.174136208,True,True,hypothetical scenario; guaranteed floor assumed bankable and released ex ante
0.1,0.0,0.0,0.5,12.5,343067.30345516757,7581932.696544833,True,True,hypothetical scenario; guaranteed floor assumed bankable and released ex ante
0.1,0.0,0.0,0.75,18.75,771901.432774127,7153098.5672258735,True,True,hypothetical scenario; guaranteed floor assumed bankable and released ex ante
0.1,0.0,0.0,1.0,25.0,1372269.2138206703,6552730.78617933,True,True,hypothetical scenario; guaranteed floor assumed bankable and released ex ante
0.1,0.05,396250.0,0.25,6.25,482016.82586379186,7442983.174136208,True,True,hypothetical scenario; guaranteed floor assumed bankable and released ex ante
0.1,0.05,396250.0,0.5,12.5,739317.3034551676,7185682.696544833,True,True,hypothetical scenario; guaranteed floor assumed bankable and released ex ante
0.1,0.05,396250.0,0.75,18.75,1168151.432774127,6756848.5672258735,True,True,hypothetical scenario; guaranteed floor assumed bankable and released ex ante
0.1,0.05,396250.0,1.0,25.0,1768519.2138206703,6156480.78617933,True,True,hypothetical scenario; guaranteed floor assumed bankable and released ex ante
0.1,0.1,792500.0,0.25,6.25,878266.8258637919,7046733.174136208,True,True,hypothetical scenario; guaranteed floor assumed bankable and released ex ante
0.1,0.1,792500.0,0.5,12.5,1135567.3034551675,6789432.696544833,True,True,hypothetical scenario; guaranteed floor assumed bankable and released ex ante
0.1,0.1,792500.0,0.75,18.75,1564401.432774127,6360598.5672258735,True,True,hypothetical scenario; guaranteed floor assumed bankable and released ex ante
0.1,0.1,792500.0,1.0,25.0,2164769.2138206703,5760230.78617933,True,True,hypothetical scenario; guaranteed floor assumed bankable and released ex ante
0.1,0.15,1188750.0,0.25,6.25,1274516.8258637919,6650483.174136208,True,True,hypothetical scenario; guaranteed floor assumed bankable and released ex ante
0.1,0.15,1188750.0,0.5,12.5,1531817.3034551675,6393182.696544833,True,True,hypothetical scenario; guaranteed floor assumed bankable and released ex ante
0.1,0.15,1188750.0,0.75,18.75,1960651.432774127,5964348.5672258735,True,True,hypothetical scenario; guaranteed floor assumed bankable and released ex ante
0.1,0.15,1188750.0,1.0,25.0,2561019.2138206703,5363980.78617933,True,True,hypothetical scenario; guaranteed floor assumed bankable and released ex ante
0.1,0.2,1585000.0,0.25,6.25,1670766.8258637919,6254233.174136208,True,True,hypothetical scenario; guaranteed floor assumed bankable and released ex ante
0.1,0.2,1585000.0,0.5,12.5,1928067.3034551675,5996932.696544833,True,True,hypothetical scenario; guaranteed floor assumed bankable and released ex ante
0.1,0.2,1585000.0,0.75,18.75,2356901.432774127,5568098.5672258735,True,True,hypothetical scenario; guaranteed floor assumed bankable and released ex ante
0.1,0.2,1585000.0,1.0,25.0,2957269.2138206703,4967730.78617933,True,True,hypothetical scenario; guaranteed floor assumed bankable and released ex ante
0.1,0.25,1981250.0,0.25,6.25,2067016.8258637919,5857983.174136208,True,True,hypothetical scenario; guaranteed floor assumed bankable and released ex ante
0.1,0.25,1981250.0,0.5,12.5,2324317.3034551675,5600682.696544833,True,True,hypothetical scenario; guaranteed floor assumed bankable and released ex ante
0.1,0.25,1981250.0,0.75,18.75,2753151.432774127,5171848.5672258735,True,True,hypothetical scenario; guaranteed floor assumed bankable and released ex ante
0.1,0.25,1981250.0,1.0,25.0,3353519.2138206703,4571480.78617933,True,True,hypothetical scenario; guaranteed floor assumed bankable and released ex ante
0.1,0.3,2377500.0,0.25,6.25,2463266.825863792,5461733.174136208,True,True,hypothetical scenario; guaranteed floor assumed bankable and released ex ante
0.1,0.3,2377500.0,0.5,12.5,2720567.3034551675,5204432.696544833,True,True,hypothetical scenario; guaranteed floor assumed bankable and released ex ante
0.1,0.3,2377500.0,0.75,18.75,3149401.432774127,4775598.5672258735,True,True,hypothetical scenario; guaranteed floor assumed bankable and released ex ante
0.1,0.3,2377500.0,1.0,25.0,3749769.2138206703,4175230.7861793297,True,True,hypothetical scenario; guaranteed floor assumed bankable and released ex ante
0.1,0.35,2773750.0,0.25,6.25,2859516.825863792,5065483.174136208,True,True,hypothetical scenario; guaranteed floor assumed bankable and released ex ante
0.1,0.35,2773750.0,0.5,12.5,3116817.3034551675,4808182.696544833,True,True,hypothetical scenario; guaranteed floor assumed bankable and released ex ante
0.1,0.35,2773750.0,0.75,18.75,3545651.432774127,4379348.5672258735,True,True,hypothetical scenario; guaranteed floor assumed bankable and released ex ante
0.1,0.35,2773750.0,1.0,25.0,4146019.2138206703,3778980.7861793297,True,True,hypothetical scenario; guaranteed floor assumed bankable and released ex ante
0.1,0.4,3170000.0,0.25,6.25,3255766.825863792,4669233.174136208,True,True,hypothetical scenario; guaranteed floor assumed bankable and released ex ante
0.1,0.4,3170000.0,0.5,12.5,3513067.3034551675,4411932.696544833,True,True,hypothetical scenario; guaranteed floor assumed bankable and released ex ante
0.1,0.4,3170000.0,0.75,18.75,3941901.432774127,3983098.567225873,True,True,hypothetical scenario; guaranteed floor assumed bankable and released ex ante
0.1,0.4,3170000.0,1.0,25.0,4542269.21382067,3382730.78617933,True,True,hypothetical scenario; guaranteed floor assumed bankable and released ex ante
0.1,0.45,3566250.0,0.25,6.25,3652016.825863792,4272983.174136208,True,True,hypothetical scenario; guaranteed floor assumed bankable and released ex ante
0.1,0.45,3566250.0,0.5,12.5,3909317.3034551675,4015682.6965448325,True,True,hypothetical scenario; guaranteed floor assumed bankable and released ex ante
0.1,0.45,3566250.0,0.75,18.75,4338151.4327741265,3586848.5672258735,True,True,hypothetical scenario; guaranteed floor assumed bankable and released ex ante
0.1,0.45,3566250.0,1.0,25.0,4938519.21382067,2986480.78617933,True,True,hypothetical scenario; guaranteed floor assumed bankable and released ex ante
0.1,0.5,3962500.0,0.25,6.25,4048266.825863792,3876733.174136208,True,True,hypothetical scenario; guaranteed floor assumed bankable and released ex ante
0.1,0.5,3962500.0,0.5,12.5,4305567.303455167,3619432.6965448325,True,True,hypothetical scenario; guaranteed floor assumed bankable and released ex ante
0.1,0.5,3962500.0,0.75,18.75,4734401.4327741265,3190598.5672258735,True,True,hypothetical scenario; guaranteed floor assumed bankable and released ex ante
0.1,0.5,3962500.0,1.0,25.0,5334769.21382067,2590230.78617933,True,True,hypothetical scenario; guaranteed floor assumed bankable and released ex ante
0.1,0.55,4358750.0,0.25,6.25,4444516.825863792,3480483.1741362084,True,True,hypothetical scenario; guaranteed floor assumed bankable and released ex ante
0.1,0.55,4358750.0,0.5,12.5,4701817.303455167,3223182.6965448325,True,True,hypothetical scenario; guaranteed floor assumed bankable and released ex ante
0.1,0.55,4358750.0,0.75,18.75,5130651.4327741265,2794348.5672258735,True,True,hypothetical scenario; guaranteed floor assumed bankable and released ex ante
0.1,0.55,4358750.0,1.0,25.0,5731019.21382067,2193980.78617933,True,True,hypothetical scenario; guaranteed floor assumed bankable and released ex ante
0.1,0.6,4755000.0,0.25,6.25,4840766.825863792,3084233.1741362084,True,True,hypothetical scenario; guaranteed floor assumed bankable and released ex ante
0.1,0.6,4755000.0,0.5,12.5,5098067.303455167,2826932.6965448325,True,True,hypothetical scenario; guaranteed floor assumed bankable and released ex ante
0.1,0.6,4755000.0,0.75,18.75,5526901.4327741265,2398098.5672258735,True,True,hypothetical scenario; guaranteed floor assumed bankable and released ex ante
0.1,0.6,4755000.0,1.0,25.0,6127269.21382067,1797730.7861793302,True,True,hypothetical scenario; guaranteed floor assumed bankable and released ex ante
0.1,0.65,5151250.0,0.25,6.25,5237016.825863792,2687983.1741362084,True,True,hypothetical scenario; guaranteed floor assumed bankable and released ex ante
0.1,0.65,5151250.0,0.5,12.5,5494317.303455167,2430682.6965448325,True,True,hypothetical scenario; guaranteed floor assumed bankable and released ex ante
0.1,0.65,5151250.0,0.75,18.75,5923151.4327741265,2001848.5672258735,True,True,hypothetical scenario; guaranteed floor assumed bankable and released ex ante
0.1,0.65,5151250.0,1.0,25.0,6523519.21382067,1401480.7861793302,True,True,hypothetical scenario; guaranteed floor assumed bankable and released ex ante
0.1,0.7,5547500.0,0.25,6.25,5633266.825863792,2291733.1741362084,True,True,hypothetical scenario; guaranteed floor assumed bankable and released ex ante
0.1,0.7,5547500.0,0.5,12.5,5890567.303455167,2034432.6965448325,True,True,hypothetical scenario; guaranteed floor assumed bankable and released ex ante
0.1,0.7,5547500.0,0.75,18.75,6319401.4327741265,1605598.5672258735,True,True,hypothetical scenario; guaranteed floor assumed bankable and released ex ante
0.1,0.7,5547500.0,1.0,25.0,6919769.21382067,1005230.7861793302,True,True,hypothetical scenario; guaranteed floor assumed bankable and released ex ante
0.1,0.75,5943750.0,0.25,6.25,6029516.825863792,1895483.1741362084,True,True,hypothetical scenario; guaranteed floor assumed bankable and released ex ante
0.1,0.75,5943750.0,0.5,12.5,6286817.303455167,1638182.6965448325,True,True,hypothetical scenario; guaranteed floor assumed bankable and released ex ante
0.1,0.75,5943750.0,0.75,18.75,6715651.4327741265,1209348.5672258735,True,True,hypothetical scenario; guaranteed floor assumed bankable and released ex ante
0.1,0.75,5943750.0,1.0,25.0,7316019.21382067,608980.7861793302,True,True,hypothetical scenario; guaranteed floor assumed bankable and released ex ante
0.1,0.8,6340000.0,0.25,6.25,6425766.825863792,1499233.1741362084,True,True,hypothetical scenario; guaranteed floor assumed bankable and released ex ante
0.1,0.8,6340000.0,0.5,12.5,6683067.303455167,1241932.6965448325,True,True,hypothetical scenario; guaranteed floor assumed bankable and released ex ante
0.1,0.8,6340000.0,0.75,18.75,7111901.4327741265,813098.5672258735,True,True,hypothetical scenario; guaranteed floor assumed bankable and released ex ante
0.1,0.8,6340000.0,1.0,25.0,7712269.21382067,212730.7861793302,True,True,hypothetical scenario; guaranteed floor assumed bankable and released ex ante
0.1,0.85,6736250.0,0.25,6.25,6822016.825863792,1102983.1741362084,True,True,hypothetical scenario; guaranteed floor assumed bankable and released ex ante
0.1,0.85,6736250.0,0.5,12.5,7079317.303455167,845682.6965448325,True,True,hypothetical scenario; guaranteed floor assumed bankable and released ex ante
0.1,0.85,6736250.0,0.75,18.75,7508151.4327741265,416848.56722587347,True,True,hypothetical scenario; guaranteed floor assumed bankable and released ex ante
0.1,0.85,6736250.0,1.0,25.0,8108519.21382067,-183519.2138206698,False,True,hypothetical scenario; guaranteed floor assumed bankable and released ex ante
0.1,0.9,7132500.0,0.25,6.25,7218266.825863792,706733.1741362084,True,True,hypothetical scenario; guaranteed floor assumed bankable and released ex ante
0.1,0.9,7132500.0,0.5,12.5,7475567.303455167,449432.69654483255,True,True,hypothetical scenario; guaranteed floor assumed bankable and released ex ante
0.1,0.9,7132500.0,0.75,18.75,7904401.4327741265,20598.56722587347,True,True,hypothetical scenario; guaranteed floor assumed bankable and released ex ante
0.1,0.9,7132500.0,1.0,25.0,8504769.21382067,-579769.2138206698,False,True,hypothetical scenario; guaranteed floor assumed bankable and released ex ante
0.1,0.95,7528750.0,0.25,6.25,7614516.825863792,310483.17413620837,True,True,hypothetical scenario; guaranteed floor assumed bankable and released ex ante
0.1,0.95,7528750.0,0.5,12.5,7871817.303455167,53182.69654483255,True,True,hypothetical scenario; guaranteed floor assumed bankable and released ex ante
0.1,0.95,7528750.0,0.75,18.75,8300651.4327741265,-375651.43277412653,False,True,hypothetical scenario; guaranteed floor assumed bankable and released ex ante
0.1,0.95,7528750.0,1.0,25.0,8901019.21382067,-976019.2138206698,False,True,hypothetical scenario; guaranteed floor assumed bankable and released ex ante
0.1,1.0,7925000.0,0.25,6.25,8010766.825863792,-85766.82586379163,False,True,hypothetical scenario; guaranteed floor assumed bankable and released ex ante
0.1,1.0,7925000.0,0.5,12.5,8268067.303455167,-343067.30345516745,False,True,hypothetical scenario; guaranteed floor assumed bankable and released ex ante
0.1,1.0,7925000.0,0.75,18.75,8696901.432774127,-771901.4327741265,False,True,hypothetical scenario; guaranteed floor assumed bankable and released ex ante
0.1,1.0,7925000.0,1.0,25.0,9297269.21382067,-1372269.2138206698,False,True,hypothetical scenario; guaranteed floor assumed bankable and released ex ante
0.2,0.0,0.0,0.25,6.25,171533.65172758378,7753466.348272416,True,True,hypothetical scenario; guaranteed floor assumed bankable and released ex ante
0.2,0.0,0.0,0.5,12.5,686134.6069103351,7238865.393089665,True,True,hypothetical scenario; guaranteed floor assumed bankable and released ex ante
0.2,0.0,0.0,0.75,18.75,1543802.865548254,6381197.134451746,True,True,hypothetical scenario; guaranteed floor assumed bankable and released ex ante
0.2,0.0,0.0,1.0,25.0,2744538.4276413405,5180461.5723586595,True,True,hypothetical scenario; guaranteed floor assumed bankable and released ex ante
0.2,0.05,396250.0,0.25,6.25,567783.6517275837,7357216.348272417,True,True,hypothetical scenario; guaranteed floor assumed bankable and released ex ante
0.2,0.05,396250.0,0.5,12.5,1082384.6069103351,6842615.393089665,True,True,hypothetical scenario; guaranteed floor assumed bankable and released ex ante
0.2,0.05,396250.0,0.75,18.75,1940052.865548254,5984947.134451746,True,True,hypothetical scenario; guaranteed floor assumed bankable and released ex ante
0.2,0.05,396250.0,1.0,25.0,3140788.4276413405,4784211.5723586595,True,True,hypothetical scenario; guaranteed floor assumed bankable and released ex ante
0.2,0.1,792500.0,0.25,6.25,964033.6517275837,6960966.348272417,True,True,hypothetical scenario; guaranteed floor assumed bankable and released ex ante
0.2,0.1,792500.0,0.5,12.5,1478634.6069103351,6446365.393089665,True,True,hypothetical scenario; guaranteed floor assumed bankable and released ex ante
0.2,0.1,792500.0,0.75,18.75,2336302.865548254,5588697.134451746,True,True,hypothetical scenario; guaranteed floor assumed bankable and released ex ante
0.2,0.1,792500.0,1.0,25.0,3537038.4276413405,4387961.5723586595,True,True,hypothetical scenario; guaranteed floor assumed bankable and released ex ante
0.2,0.15,1188750.0,0.25,6.25,1360283.6517275837,6564716.348272417,True,True,hypothetical scenario; guaranteed floor assumed bankable and released ex ante
0.2,0.15,1188750.0,0.5,12.5,1874884.6069103351,6050115.393089665,True,True,hypothetical scenario; guaranteed floor assumed bankable and released ex ante
0.2,0.15,1188750.0,0.75,18.75,2732552.865548254,5192447.134451746,True,True,hypothetical scenario; guaranteed floor assumed bankable and released ex ante
0.2,0.15,1188750.0,1.0,25.0,3933288.4276413405,3991711.5723586595,True,True,hypothetical scenario; guaranteed floor assumed bankable and released ex ante
0.2,0.2,1585000.0,0.25,6.25,1756533.6517275837,6168466.348272417,True,True,hypothetical scenario; guaranteed floor assumed bankable and released ex ante
0.2,0.2,1585000.0,0.5,12.5,2271134.606910335,5653865.393089665,True,True,hypothetical scenario; guaranteed floor assumed bankable and released ex ante
0.2,0.2,1585000.0,0.75,18.75,3128802.865548254,4796197.134451746,True,True,hypothetical scenario; guaranteed floor assumed bankable and released ex ante
0.2,0.2,1585000.0,1.0,25.0,4329538.4276413405,3595461.5723586595,True,True,hypothetical scenario; guaranteed floor assumed bankable and released ex ante
0.2,0.25,1981250.0,0.25,6.25,2152783.6517275837,5772216.348272417,True,True,hypothetical scenario; guaranteed floor assumed bankable and released ex ante
0.2,0.25,1981250.0,0.5,12.5,2667384.606910335,5257615.393089665,True,True,hypothetical scenario; guaranteed floor assumed bankable and released ex ante
0.2,0.25,1981250.0,0.75,18.75,3525052.865548254,4399947.134451746,True,True,hypothetical scenario; guaranteed floor assumed bankable and released ex ante
0.2,0.25,1981250.0,1.0,25.0,4725788.4276413405,3199211.5723586595,True,True,hypothetical scenario; guaranteed floor assumed bankable and released ex ante
0.2,0.3,2377500.0,0.25,6.25,2549033.6517275837,5375966.348272417,True,True,hypothetical scenario; guaranteed floor assumed bankable and released ex ante
0.2,0.3,2377500.0,0.5,12.5,3063634.606910335,4861365.393089665,True,True,hypothetical scenario; guaranteed floor assumed bankable and released ex ante
0.2,0.3,2377500.0,0.75,18.75,3921302.865548254,4003697.134451746,True,True,hypothetical scenario; guaranteed floor assumed bankable and released ex ante
0.2,0.3,2377500.0,1.0,25.0,5122038.4276413405,2802961.5723586595,True,True,hypothetical scenario; guaranteed floor assumed bankable and released ex ante
0.2,0.35,2773750.0,0.25,6.25,2945283.6517275837,4979716.348272417,True,True,hypothetical scenario; guaranteed floor assumed bankable and released ex ante
0.2,0.35,2773750.0,0.5,12.5,3459884.606910335,4465115.393089665,True,True,hypothetical scenario; guaranteed floor assumed bankable and released ex ante
0.2,0.35,2773750.0,0.75,18.75,4317552.865548254,3607447.134451746,True,True,hypothetical scenario; guaranteed floor assumed bankable and released ex ante
0.2,0.35,2773750.0,1.0,25.0,5518288.4276413405,2406711.5723586595,True,True,hypothetical scenario; guaranteed floor assumed bankable and released ex ante
0.2,0.4,3170000.0,0.25,6.25,3341533.6517275837,4583466.348272417,True,True,hypothetical scenario; guaranteed floor assumed bankable and released ex ante
0.2,0.4,3170000.0,0.5,12.5,3856134.606910335,4068865.393089665,True,True,hypothetical scenario; guaranteed floor assumed bankable and released ex ante
0.2,0.4,3170000.0,0.75,18.75,4713802.865548254,3211197.134451746,True,True,hypothetical scenario; guaranteed floor assumed bankable and released ex ante
0.2,0.4,3170000.0,1.0,25.0,5914538.4276413405,2010461.5723586595,True,True,hypothetical scenario; guaranteed floor assumed bankable and released ex ante
0.2,0.45,3566250.0,0.25,6.25,3737783.6517275837,4187216.3482724163,True,True,hypothetical scenario; guaranteed floor assumed bankable and released ex ante
0.2,0.45,3566250.0,0.5,12.5,4252384.606910335,3672615.393089665,True,True,hypothetical scenario; guaranteed floor assumed bankable and released ex ante
0.2,0.45,3566250.0,0.75,18.75,5110052.865548254,2814947.134451746,True,True,hypothetical scenario; guaranteed floor assumed bankable and released ex ante
0.2,0.45,3566250.0,1.0,25.0,6310788.4276413405,1614211.5723586595,True,True,hypothetical scenario; guaranteed floor assumed bankable and released ex ante
0.2,0.5,3962500.0,0.25,6.25,4134033.6517275837,3790966.3482724163,True,True,hypothetical scenario; guaranteed floor assumed bankable and released ex ante
0.2,0.5,3962500.0,0.5,12.5,4648634.606910335,3276365.393089665,True,True,hypothetical scenario; guaranteed floor assumed bankable and released ex ante
0.2,0.5,3962500.0,0.75,18.75,5506302.865548254,2418697.134451746,True,True,hypothetical scenario; guaranteed floor assumed bankable and released ex ante
0.2,0.5,3962500.0,1.0,25.0,6707038.4276413405,1217961.5723586595,True,True,hypothetical scenario; guaranteed floor assumed bankable and released ex ante
0.2,0.55,4358750.0,0.25,6.25,4530283.651727584,3394716.348272416,True,True,hypothetical scenario; guaranteed floor assumed bankable and released ex ante
0.2,0.55,4358750.0,0.5,12.5,5044884.606910335,2880115.393089665,True,True,hypothetical scenario; guaranteed floor assumed bankable and released ex ante
0.2,0.55,4358750.0,0.75,18.75,5902552.865548254,2022447.134451746,True,True,hypothetical scenario; guaranteed floor assumed bankable and released ex ante
0.2,0.55,4358750.0,1.0,25.0,7103288.4276413405,821711.5723586595,True,True,hypothetical scenario; guaranteed floor assumed bankable and released ex ante
0.2,0.6,4755000.0,0.25,6.25,4926533.651727584,2998466.348272416,True,True,hypothetical scenario; guaranteed floor assumed bankable and released ex ante
0.2,0.6,4755000.0,0.5,12.5,5441134.606910335,2483865.393089665,True,True,hypothetical scenario; guaranteed floor assumed bankable and released ex ante
0.2,0.6,4755000.0,0.75,18.75,6298802.865548254,1626197.134451746,True,True,hypothetical scenario; guaranteed floor assumed bankable and released ex ante
0.2,0.6,4755000.0,1.0,25.0,7499538.4276413405,425461.57235865947,True,True,hypothetical scenario; guaranteed floor assumed bankable and released ex ante
0.2,0.65,5151250.0,0.25,6.25,5322783.651727584,2602216.348272416,True,True,hypothetical scenario; guaranteed floor assumed bankable and released ex ante
0.2,0.65,5151250.0,0.5,12.5,5837384.606910335,2087615.393089665,True,True,hypothetical scenario; guaranteed floor assumed bankable and released ex ante
0.2,0.65,5151250.0,0.75,18.75,6695052.865548254,1229947.134451746,True,True,hypothetical scenario; guaranteed floor assumed bankable and released ex ante
0.2,0.65,5151250.0,1.0,25.0,7895788.4276413405,29211.57235865947,True,True,hypothetical scenario; guaranteed floor assumed bankable and released ex ante
0.2,0.7,5547500.0,0.25,6.25,5719033.651727584,2205966.348272416,True,True,hypothetical scenario; guaranteed floor assumed bankable and released ex ante
0.2,0.7,5547500.0,0.5,12.5,6233634.606910335,1691365.393089665,True,True,hypothetical scenario; guaranteed floor assumed bankable and released ex ante
0.2,0.7,5547500.0,0.75,18.75,7091302.865548254,833697.134451746,True,True,hypothetical scenario; guaranteed floor assumed bankable and released ex ante
0.2,0.7,5547500.0,1.0,25.0,8292038.4276413405,-367038.42764134053,False,True,hypothetical scenario; guaranteed floor assumed bankable and released ex ante
0.2,0.75,5943750.0,0.25,6.25,6115283.651727584,1809716.3482724158,True,True,hypothetical scenario; guaranteed floor assumed bankable and released ex ante
0.2,0.75,5943750.0,0.5,12.5,6629884.606910335,1295115.393089665,True,True,hypothetical scenario; guaranteed floor assumed bankable and released ex ante
0.2,0.75,5943750.0,0.75,18.75,7487552.865548254,437447.134451746,True,True,hypothetical scenario; guaranteed floor assumed bankable and released ex ante
0.2,0.75,5943750.0,1.0,25.0,8688288.42764134,-763288.4276413396,False,True,hypothetical scenario; guaranteed floor assumed bankable and released ex ante
0.2,0.8,6340000.0,0.25,6.25,6511533.651727584,1413466.3482724158,True,True,hypothetical scenario; guaranteed floor assumed bankable and released ex ante
0.2,0.8,6340000.0,0.5,12.5,7026134.606910335,898865.3930896651,True,True,hypothetical scenario; guaranteed floor assumed bankable and released ex ante
0.2,0.8,6340000.0,0.75,18.75,7883802.865548254,41197.13445174601,True,True,hypothetical scenario; guaranteed floor assumed bankable and released ex ante
0.2,0.8,6340000.0,1.0,25.0,9084538.42764134,-1159538.4276413396,False,True,hypothetical scenario; guaranteed floor assumed bankable and released ex ante
0.2,0.85,6736250.0,0.25,6.25,6907783.651727584,1017216.3482724158,True,True,hypothetical scenario; guaranteed floor assumed bankable and released ex ante
0.2,0.85,6736250.0,0.5,12.5,7422384.606910335,502615.3930896651,True,True,hypothetical scenario; guaranteed floor assumed bankable and released ex ante
0.2,0.85,6736250.0,0.75,18.75,8280052.865548254,-355052.865548254,False,True,hypothetical scenario; guaranteed floor assumed bankable and released ex ante
0.2,0.85,6736250.0,1.0,25.0,9480788.42764134,-1555788.4276413396,False,True,hypothetical scenario; guaranteed floor assumed bankable and released ex ante
0.2,0.9,7132500.0,0.25,6.25,7304033.651727584,620966.3482724158,True,True,hypothetical scenario; guaranteed floor assumed bankable and released ex ante
0.2,0.9,7132500.0,0.5,12.5,7818634.606910335,106365.3930896651,True,True,hypothetical scenario; guaranteed floor assumed bankable and released ex ante
0.2,0.9,7132500.0,0.75,18.75,8676302.865548253,-751302.8655482531,False,True,hypothetical scenario; guaranteed floor assumed bankable and released ex ante
0.2,0.9,7132500.0,1.0,25.0,9877038.42764134,-1952038.4276413396,False,True,hypothetical scenario; guaranteed floor assumed bankable and released ex ante
0.2,0.95,7528750.0,0.25,6.25,7700283.651727584,224716.3482724158,True,True,hypothetical scenario; guaranteed floor assumed bankable and released ex ante
0.2,0.95,7528750.0,0.5,12.5,8214884.606910335,-289884.6069103349,False,True,hypothetical scenario; guaranteed floor assumed bankable and released ex ante
0.2,0.95,7528750.0,0.75,18.75,9072552.865548253,-1147552.865548253,False,True,hypothetical scenario; guaranteed floor assumed bankable and released ex ante
0.2,0.95,7528750.0,1.0,25.0,10273288.42764134,-2348288.4276413396,False,True,hypothetical scenario; guaranteed floor assumed bankable and released ex ante
0.2,1.0,7925000.0,0.25,6.25,8096533.651727584,-171533.6517275842,False,True,hypothetical scenario; guaranteed floor assumed bankable and released ex ante
0.2,1.0,7925000.0,0.5,12.5,8611134.606910335,-686134.6069103349,False,True,hypothetical scenario; guaranteed floor assumed bankable and released ex ante
0.2,1.0,7925000.0,0.75,18.75,9468802.865548253,-1543802.865548253,False,True,hypothetical scenario; guaranteed floor assumed bankable and released ex ante
0.2,1.0,7925000.0,1.0,25.0,10669538.42764134,-2744538.4276413396,False,True,hypothetical scenario; guaranteed floor assumed bankable and released ex ante
0.3,0.0,0.0,0.25,6.25,257300.4775913756,7667699.522408624,True,True,hypothetical scenario; guaranteed floor assumed bankable and released ex ante
0.3,0.0,0.0,0.5,12.5,1029201.9103655024,6895798.089634498,True,True,hypothetical scenario; guaranteed floor assumed bankable and released ex ante
0.3,0.0,0.0,0.75,18.75,2315704.2983223805,5609295.7016776195,True,True,hypothetical scenario; guaranteed floor assumed bankable and released ex ante
0.3,0.0,0.0,1.0,25.0,4116807.6414620094,3808192.3585379906,True,True,hypothetical scenario; guaranteed floor assumed bankable and released ex ante
0.3,0.05,396250.0,0.25,6.25,653550.4775913756,7271449.522408624,True,True,hypothetical scenario; guaranteed floor assumed bankable and released ex ante
0.3,0.05,396250.0,0.5,12.5,1425451.9103655024,6499548.089634498,True,True,hypothetical scenario; guaranteed floor assumed bankable and released ex ante
0.3,0.05,396250.0,0.75,18.75,2711954.2983223805,5213045.7016776195,True,True,hypothetical scenario; guaranteed floor assumed bankable and released ex ante
0.3,0.05,396250.0,1.0,25.0,4513057.641462009,3411942.3585379906,True,True,hypothetical scenario; guaranteed floor assumed bankable and released ex ante
0.3,0.1,792500.0,0.25,6.25,1049800.4775913756,6875199.522408624,True,True,hypothetical scenario; guaranteed floor assumed bankable and released ex ante
0.3,0.1,792500.0,0.5,12.5,1821701.9103655024,6103298.089634498,True,True,hypothetical scenario; guaranteed floor assumed bankable and released ex ante
0.3,0.1,792500.0,0.75,18.75,3108204.2983223805,4816795.7016776195,True,True,hypothetical scenario; guaranteed floor assumed bankable and released ex ante
0.3,0.1,792500.0,1.0,25.0,4909307.641462009,3015692.3585379906,True,True,hypothetical scenario; guaranteed floor assumed bankable and released ex ante
0.3,0.15,1188750.0,0.25,6.25,1446050.4775913756,6478949.522408624,True,True,hypothetical scenario; guaranteed floor assumed bankable and released ex ante
0.3,0.15,1188750.0,0.5,12.5,2217951.9103655024,5707048.089634498,True,True,hypothetical scenario; guaranteed floor assumed bankable and released ex ante
0.3,0.15,1188750.0,0.75,18.75,3504454.2983223805,4420545.7016776195,True,True,hypothetical scenario; guaranteed floor assumed bankable and released ex ante
0.3,0.15,1188750.0,1.0,25.0,5305557.641462009,2619442.3585379906,True,True,hypothetical scenario; guaranteed floor assumed bankable and released ex ante
0.3,0.2,1585000.0,0.25,6.25,1842300.4775913756,6082699.522408624,True,True,hypothetical scenario; guaranteed floor assumed bankable and released ex ante
0.3,0.2,1585000.0,0.5,12.5,2614201.9103655024,5310798.089634498,True,True,hypothetical scenario; guaranteed floor assumed bankable and released ex ante
0.3,0.2,1585000.0,0.75,18.75,3900704.2983223805,4024295.7016776195,True,True,hypothetical scenario; guaranteed floor assumed bankable and released ex ante
0.3,0.2,1585000.0,1.0,25.0,5701807.641462009,2223192.3585379906,True,True,hypothetical scenario; guaranteed floor assumed bankable and released ex ante
0.3,0.25,1981250.0,0.25,6.25,2238550.477591376,5686449.522408624,True,True,hypothetical scenario; guaranteed floor assumed bankable and released ex ante
0.3,0.25,1981250.0,0.5,12.5,3010451.9103655024,4914548.089634498,True,True,hypothetical scenario; guaranteed floor assumed bankable and released ex ante
0.3,0.25,1981250.0,0.75,18.75,4296954.2983223805,3628045.7016776195,True,True,hypothetical scenario; guaranteed floor assumed bankable and released ex ante
0.3,0.25,1981250.0,1.0,25.0,6098057.641462009,1826942.3585379906,True,True,hypothetical scenario; guaranteed floor assumed bankable and released ex ante
0.3,0.3,2377500.0,0.25,6.25,2634800.477591376,5290199.522408624,True,True,hypothetical scenario; guaranteed floor assumed bankable and released ex ante
0.3,0.3,2377500.0,0.5,12.5,3406701.9103655024,4518298.089634498,True,True,hypothetical scenario; guaranteed floor assumed bankable and released ex ante
0.3,0.3,2377500.0,0.75,18.75,4693204.2983223805,3231795.7016776195,True,True,hypothetical scenario; guaranteed floor assumed bankable and released ex ante
0.3,0.3,2377500.0,1.0,25.0,6494307.641462009,1430692.3585379906,True,True,hypothetical scenario; guaranteed floor assumed bankable and released ex ante
0.3,0.35,2773750.0,0.25,6.25,3031050.477591376,4893949.522408624,True,True,hypothetical scenario; guaranteed floor assumed bankable and released ex ante
0.3,0.35,2773750.0,0.5,12.5,3802951.9103655024,4122048.0896344976,True,True,hypothetical scenario; guaranteed floor assumed bankable and released ex ante
0.3,0.35,2773750.0,0.75,18.75,5089454.2983223805,2835545.7016776195,True,True,hypothetical scenario; guaranteed floor assumed bankable and released ex ante
0.3,0.35,2773750.0,1.0,25.0,6890557.641462009,1034442.3585379906,True,True,hypothetical scenario; guaranteed floor assumed bankable and released ex ante
0.3,0.4,3170000.0,0.25,6.25,3427300.477591376,4497699.522408624,True,True,hypothetical scenario; guaranteed floor assumed bankable and released ex ante
0.3,0.4,3170000.0,0.5,12.5,4199201.910365502,3725798.0896344976,True,True,hypothetical scenario; guaranteed floor assumed bankable and released ex ante
0.3,0.4,3170000.0,0.75,18.75,5485704.2983223805,2439295.7016776195,True,True,hypothetical scenario; guaranteed floor assumed bankable and released ex ante
0.3,0.4,3170000.0,1.0,25.0,7286807.641462009,638192.3585379906,True,True,hypothetical scenario; guaranteed floor assumed bankable and released ex ante
0.3,0.45,3566250.0,0.25,6.25,3823550.477591376,4101449.522408624,True,True,hypothetical scenario; guaranteed floor assumed bankable and released ex ante
0.3,0.45,3566250.0,0.5,12.5,4595451.910365502,3329548.0896344976,True,True,hypothetical scenario; guaranteed floor assumed bankable and released ex ante
0.3,0.45,3566250.0,0.75,18.75,5881954.2983223805,2043045.7016776195,True,True,hypothetical scenario; guaranteed floor assumed bankable and released ex ante
0.3,0.45,3566250.0,1.0,25.0,7683057.641462009,241942.3585379906,True,True,hypothetical scenario; guaranteed floor assumed bankable and released ex ante
0.3,0.5,3962500.0,0.25,6.25,4219800.477591376,3705199.522408624,True,True,hypothetical scenario; guaranteed floor assumed bankable and released ex ante
0.3,0.5,3962500.0,0.5,12.5,4991701.910365502,2933298.0896344976,True,True,hypothetical scenario; guaranteed floor assumed bankable and released ex ante
0.3,0.5,3962500.0,0.75,18.75,6278204.2983223805,1646795.7016776195,True,True,hypothetical scenario; guaranteed floor assumed bankable and released ex ante
0.3,0.5,3962500.0,1.0,25.0,8079307.641462009,-154307.6414620094,False,True,hypothetical scenario; guaranteed floor assumed bankable and released ex ante
0.3,0.55,4358750.0,0.25,6.25,4616050.477591376,3308949.522408624,True,True,hypothetical scenario; guaranteed floor assumed bankable and released ex ante
0.3,0.55,4358750.0,0.5,12.5,5387951.910365502,2537048.0896344976,True,True,hypothetical scenario; guaranteed floor assumed bankable and released ex ante
0.3,0.55,4358750.0,0.75,18.75,6674454.2983223805,1250545.7016776195,True,True,hypothetical scenario; guaranteed floor assumed bankable and released ex ante
0.3,0.55,4358750.0,1.0,25.0,8475557.64146201,-550557.6414620094,False,True,hypothetical scenario; guaranteed floor assumed bankable and released ex ante
0.3,0.6,4755000.0,0.25,6.25,5012300.477591376,2912699.522408624,True,True,hypothetical scenario; guaranteed floor assumed bankable and released ex ante
0.3,0.6,4755000.0,0.5,12.5,5784201.910365502,2140798.0896344976,True,True,hypothetical scenario; guaranteed floor assumed bankable and released ex ante
0.3,0.6,4755000.0,0.75,18.75,7070704.2983223805,854295.7016776195,True,True,hypothetical scenario; guaranteed floor assumed bankable and released ex ante
0.3,0.6,4755000.0,1.0,25.0,8871807.64146201,-946807.6414620094,False,True,hypothetical scenario; guaranteed floor assumed bankable and released ex ante
0.3,0.65,5151250.0,0.25,6.25,5408550.477591376,2516449.522408624,True,True,hypothetical scenario; guaranteed floor assumed bankable and released ex ante
0.3,0.65,5151250.0,0.5,12.5,6180451.910365502,1744548.0896344976,True,True,hypothetical scenario; guaranteed floor assumed bankable and released ex ante
0.3,0.65,5151250.0,0.75,18.75,7466954.2983223805,458045.7016776195,True,True,hypothetical scenario; guaranteed floor assumed bankable and released ex ante
0.3,0.65,5151250.0,1.0,25.0,9268057.64146201,-1343057.6414620094,False,True,hypothetical scenario; guaranteed floor assumed bankable and released ex ante
0.3,0.7,5547500.0,0.25,6.25,5804800.477591376,2120199.522408624,True,True,hypothetical scenario; guaranteed floor assumed bankable and released ex ante
0.3,0.7,5547500.0,0.5,12.5,6576701.910365502,1348298.0896344976,True,True,hypothetical scenario; guaranteed floor assumed bankable and released ex ante
0.3,0.7,5547500.0,0.75,18.75,7863204.2983223805,61795.70167761948,True,True,hypothetical scenario; guaranteed floor assumed bankable and released ex ante
0.3,0.7,5547500.0,1.0,25.0,9664307.64146201,-1739307.6414620094,False,True,hypothetical scenario; guaranteed floor assumed bankable and released ex ante
0.3,0.75,5943750.0,0.25,6.25,6201050.477591376,1723949.5224086242,True,True,hypothetical scenario; guaranteed floor assumed bankable and released ex ante
0.3,0.75,5943750.0,0.5,12.5,6972951.910365502,952048.0896344976,True,True,hypothetical scenario; guaranteed floor assumed bankable and released ex ante
0.3,0.75,5943750.0,0.75,18.75,8259454.2983223805,-334454.2983223805,False,True,hypothetical scenario; guaranteed floor assumed bankable and released ex ante
0.3,0.75,5943750.0,1.0,25.0,10060557.64146201,-2135557.6414620094,False,True,hypothetical scenario; guaranteed floor assumed bankable and released ex ante
0.3,0.8,6340000.0,0.25,6.25,6597300.477591376,1327699.5224086242,True,True,hypothetical scenario; guaranteed floor assumed bankable and released ex ante
0.3,0.8,6340000.0,0.5,12.5,7369201.910365502,555798.0896344976,True,True,hypothetical scenario; guaranteed floor assumed bankable and released ex ante
0.3,0.8,6340000.0,0.75,18.75,8655704.29832238,-730704.2983223796,False,True,hypothetical scenario; guaranteed floor assumed bankable and released ex ante
0.3,0.8,6340000.0,1.0,25.0,10456807.64146201,-2531807.6414620094,False,True,hypothetical scenario; guaranteed floor assumed bankable and released ex ante
0.3,0.85,6736250.0,0.25,6.25,6993550.477591376,931449.5224086242,True,True,hypothetical scenario; guaranteed floor assumed bankable and released ex ante
0.3,0.85,6736250.0,0.5,12.5,7765451.910365502,159548.08963449765,True,True,hypothetical scenario; guaranteed floor assumed bankable and released ex ante
0.3,0.85,6736250.0,0.75,18.75,9051954.29832238,-1126954.2983223796,False,True,hypothetical scenario; guaranteed floor assumed bankable and released ex ante
0.3,0.85,6736250.0,1.0,25.0,10853057.64146201,-2928057.6414620094,False,True,hypothetical scenario; guaranteed floor assumed bankable and released ex ante
0.3,0.9,7132500.0,0.25,6.25,7389800.477591376,535199.5224086242,True,True,hypothetical scenario; guaranteed floor assumed bankable and released ex ante
0.3,0.9,7132500.0,0.5,12.5,8161701.910365502,-236701.91036550235,False,True,hypothetical scenario; guaranteed floor assumed bankable and released ex ante
0.3,0.9,7132500.0,0.75,18.75,9448204.29832238,-1523204.2983223796,False,True,hypothetical scenario; guaranteed floor assumed bankable and released ex ante
0.3,0.9,7132500.0,1.0,25.0,11249307.64146201,-3324307.6414620094,False,True,hypothetical scenario; guaranteed floor assumed bankable and released ex ante
0.3,0.95,7528750.0,0.25,6.25,7786050.477591376,138949.52240862418,True,True,hypothetical scenario; guaranteed floor assumed bankable and released ex ante
0.3,0.95,7528750.0,0.5,12.5,8557951.910365503,-632951.9103655033,False,True,hypothetical scenario; guaranteed floor assumed bankable and released ex ante
0.3,0.95,7528750.0,0.75,18.75,9844454.29832238,-1919454.2983223796,False,True,hypothetical scenario; guaranteed floor assumed bankable and released ex ante
0.3,0.95,7528750.0,1.0,25.0,11645557.64146201,-3720557.6414620094,False,True,hypothetical scenario; guaranteed floor assumed bankable and released ex ante
0.3,1.0,7925000.0,0.25,6.25,8182300.477591376,-257300.47759137582,False,True,hypothetical scenario; guaranteed floor assumed bankable and released ex ante
0.3,1.0,7925000.0,0.5,12.5,8954201.910365503,-1029201.9103655033,False,True,hypothetical scenario; guaranteed floor assumed bankable and released ex ante
0.3,1.0,7925000.0,0.75,18.75,10240704.29832238,-2315704.2983223796,False,True,hypothetical scenario; guaranteed floor assumed bankable and released ex ante
0.3,1.0,7925000.0,1.0,25.0,12041807.64146201,-4116807.6414620094,False,True,hypothetical scenario; guaranteed floor assumed bankable and released ex ante
