family,floor_fraction,sd_reference_fraction,reference_mean_tco2e,budget_eur,floor_eur,sd_tco2e,halfwidth_tco2e,threshold_tco2e,constant_contract,expected_payment_eur,marginal_eur_per_tco2e,marginal_fraction_of_cap,reported_emissions_negative_probability,value_status
uniform,0.9,0.05,316912.0,7925000.0,7132500.0,15845.6,27445.384276413402,285212.0,False,7925000.0,25.0,1.0,0.0,hypothetical scenario
uniform,0.95,0.05,316912.0,7925000.0,7528750.0,15845.6,27445.384276413402,302643.6291934122,False,7925000.0,18.998529344171942,0.7599411737668776,0.0,hypothetical scenario
uniform,0.99,0.05,316912.0,7925000.0,7845750.0,15845.6,27445.384276413402,325702.4258839398,False,7925000.0,8.496400617218598,0.3398560246887439,0.0,hypothetical scenario
uniform,0.9,0.1,316912.0,7925000.0,7132500.0,31691.2,54890.768552826805,288375.2583868244,False,7925000.0,18.998529344171942,0.7599411737668776,0.0,hypothetical scenario
uniform,0.95,0.1,316912.0,7925000.0,7528750.0,31691.2,54890.768552826805,312810.6103769369,False,7925000.0,13.433988931835586,0.5373595572734234,0.0,hypothetical scenario
uniform,0.99,0.1,316912.0,7925000.0,7845750.0,31691.2,54890.768552826805,345420.67338868487,False,7925000.0,6.00786249211283,0.24031449968451318,0.0,hypothetical scenario
uniform,0.9,0.2,316912.0,7925000.0,7132500.0,63382.4,109781.53710565361,308709.2207538737,False,7925000.0,13.433988931835591,0.5373595572734237,0.0,hypothetical scenario
uniform,0.95,0.2,316912.0,7925000.0,7528750.0,63382.4,109781.53710565361,343266.0269396512,False,7925000.0,9.499264672085971,0.3799705868834388,0.0,hypothetical scenario
uniform,0.99,0.2,316912.0,7925000.0,7845750.0,63382.4,109781.53710565361,389383.6203207064,False,7925000.0,4.2482003086092925,0.16992801234437171,0.0,hypothetical scenario
uniform,0.9,0.3,316912.0,7925000.0,7132500.0,95073.59999999999,164672.30565848039,337083.61930199515,False,7925000.0,10.968806031064677,0.43875224124258705,0.0,hypothetical scenario
uniform,0.95,0.3,316912.0,7925000.0,7528750.0,95073.59999999999,164672.30565848039,379406.89044969925,False,7925000.0,7.756117126085734,0.31024468504342934,0.0,hypothetical scenario
uniform,0.99,0.3,316912.0,7925000.0,7845750.0,95073.59999999999,164672.30565848039,435889.1764240693,False,7925000.0,3.468641027075602,0.1387456410830241,0.0,hypothetical scenario
gaussian,0.9,0.05,316912.0,7925000.0,7132500.0,15845.6,,285349.4965105663,False,7925000.0,24.420194558830694,0.9768077823532277,2.7536241186061556e-89,hypothetical scenario
gaussian,0.95,0.05,316912.0,7925000.0,7528750.0,15845.6,,302653.9402445916,False,7925000.0,20.397245625856687,0.8158898250342674,2.7536241186061556e-89,hypothetical scenario
gaussian,0.99,0.05,316912.0,7925000.0,7845750.0,15845.6,,324719.26655621163,False,7925000.0,7.777729488082705,0.3111091795233082,2.7536241186061556e-89,hypothetical scenario
gaussian,0.9,0.1,316912.0,7925000.0,7132500.0,31691.2,,288395.8804891832,False,7925000.0,20.397245625856698,0.8158898250342679,7.61985302416047e-24,hypothetical scenario
gaussian,0.95,0.1,316912.0,7925000.0,7528750.0,31691.2,,310944.8361685494,False,7925000.0,14.366892040097701,0.574675681603908,7.61985302416047e-24,hypothetical scenario
gaussian,0.99,0.1,316912.0,7925000.0,7845750.0,31691.2,,345503.641792129,False,7925000.0,4.58691621244948,0.18347664849797918,7.61985302416047e-24,hypothetical scenario
gaussian,0.9,0.2,316912.0,7925000.0,7132500.0,63382.4,,304977.67233709875,False,7925000.000000001,14.366892040097701,0.574675681603908,2.866515718791933e-07,hypothetical scenario
gaussian,0.95,0.2,316912.0,7925000.0,7528750.0,63382.4,,338758.4771380752,False,7925000.0,9.129211927580272,0.3651684771032109,2.866515718791933e-07,hypothetical scenario
gaussian,0.99,0.2,316912.0,7925000.0,7845750.0,63382.4,,396485.3731973388,False,7925000.0,2.6164474582131225,0.1046578983285249,2.866515718791933e-07,hypothetical scenario
gaussian,0.9,0.3,316912.0,7925000.0,7132500.0,95073.59999999999,,330098.1977647775,False,7925000.0,11.121143272611528,0.4448457309044611,0.0004290603331968372,hypothetical scenario
gaussian,0.95,0.3,316912.0,7925000.0,7528750.0,95073.59999999999,,374638.517481217,False,7924999.999999999,6.796666934157095,0.2718666773662838,0.0004290603331968372,hypothetical scenario
gaussian,0.99,0.3,316912.0,7925000.0,7845750.0,95073.59999999999,,454088.7667685301,False,7925000.0,1.8632906899849082,0.07453162759939633,0.0004290603331968372,hypothetical scenario
