cap,budget,formula,lp,formula_minus_lp
0.5,0.0,0.0,-0.0,0.0
0.5,0.005,0.07071067811865475,0.07070905172413794,1.6263945168126792e-06
0.5,0.05,0.22360679774997896,0.2236067423413567,5.540862227371157e-08
0.5,0.125,0.25,0.25,0.0
0.5,0.25,0.25,0.25,0.0
0.5,0.375,0.25,0.25,0.0
0.5,0.5,0.25,0.25,0.0
0.5,0.625,0.25,0.25,0.0
1,0,0.0,-0.0,0.0
1,0.01,0.1,0.09999885670731708,1.143292682928565e-06
1,0.1,0.31622776601683794,0.3162275405718702,2.2544496774967726e-07
1,0.25,0.5,0.5,0.0
1,0.5,0.5,0.5,0.0
1,0.75,0.5,0.5,0.0
1,1,0.5,0.5,0.0
1,1.25,0.5,0.5,0.0
2,0,0.0,-0.0,0.0
2,0.02,0.1414213562373095,0.14142084775086505,5.084864444504511e-07
2,0.2,0.4472135954999579,0.4472135416666667,5.383329121366742e-08
2,0.5,0.7071067811865476,0.7071067330917875,4.809476006339963e-08
2,1.0,1,1.0,0.0
2,1.5,1,1.0,0.0
2,2,1,1.0,0.0
2,2.5,1,1.0,0.0
4,0,0.0,-0.0,0.0
4,0.04,0.2,0.19999961797066015,3.8202933985709286e-07
4,0.4,0.6324555320336759,0.6324553571428572,1.7489081871602252e-07
4,1.0,1,1.0,0.0
4,2.0,1,1.0,0.0
4,3.0,1,1.0,0.0
4,4,1,1.0,0.0
4,5.0,1,1.0,0.0
