mean_or_budget,exact_max,ceiling_max
0.0,0.0,0.0
0.005,0.07071067811865475,0.07071067811865475
0.01,0.1,0.1
0.015,0.1224744871391589,0.1224744871391589
0.02,0.1414213562373095,0.1414213562373095
0.025,0.15811388300841897,0.15811388300841897
0.03,0.17320508075688773,0.17320508075688773
0.035,0.18708286933869708,0.18708286933869708
0.04,0.2,0.2
0.045,0.21213203435596426,0.21213203435596426
0.05,0.22360679774997896,0.22360679774997896
0.055,0.2345207879911715,0.2345207879911715
0.06,0.2449489742783178,0.2449489742783178
0.065,0.25495097567963926,0.25495097567963926
0.07,0.2645751311064591,0.2645751311064591
0.075,0.27386127875258304,0.27386127875258304
0.08,0.282842712474619,0.282842712474619
0.085,0.29154759474226505,0.29154759474226505
0.09,0.3,0.3
0.095,0.3082207001484488,0.3082207001484488
0.1,0.31622776601683794,0.31622776601683794
0.105,0.324037034920393,0.324037034920393
0.11,0.33166247903553997,0.33166247903553997
0.115,0.3391164991562634,0.3391164991562634
0.12,0.34641016151377546,0.34641016151377546
0.125,0.3535533905932738,0.3535533905932738
0.13,0.36055512754639896,0.36055512754639896
0.135,0.3674234614174767,0.3674234614174767
0.14,0.37416573867739417,0.37416573867739417
0.145,0.3807886552931954,0.3807886552931954
0.15,0.3872983346207417,0.3872983346207417
0.155,0.39370039370059057,0.39370039370059057
0.16,0.4,0.4
0.165,0.406201920231798,0.406201920231798
0.17,0.41231056256176607,0.41231056256176607
0.17500000000000002,0.4183300132670378,0.4183300132670378
0.18,0.4242640687119285,0.4242640687119285
0.185,0.4301162633521313,0.4301162633521313
0.19,0.43588989435406733,0.43588989435406733
0.195,0.44158804331639234,0.44158804331639234
0.2,0.4472135954999579,0.4472135954999579
0.20500000000000002,0.45276925690687087,0.45276925690687087
0.21,0.458257569495584,0.458257569495584
0.215,0.4636809247747852,0.4636809247747852
0.22,0.469041575982343,0.469041575982343
0.225,0.4743416490252569,0.4743416490252569
0.23,0.47958315233127197,0.47958315233127197
0.23500000000000001,0.48476798574163293,0.48476798574163293
0.24,0.4898979485566356,0.4898979485566356
0.245,0.4949747468305833,0.4949747468305833
0.25,0.5,0.5
0.255,0.5049752469181039,0.5049752469181039
0.26,0.5099019513592785,0.5099019513592785
0.265,0.51478150704935,0.51478150704935
0.27,0.5196152422706632,0.5196152422706632
0.275,0.5244044240850758,0.5244044240850758
0.28,0.5291502622129182,0.5291502622129182
0.28500000000000003,0.5338539126015656,0.5338539126015656
0.29,0.5385164807134504,0.5385164807134504
0.295,0.5431390245600107,0.5431390245600107
0.3,0.5477225575051661,0.5477225575051661
0.305,0.552268050859363,0.552268050859363
0.31,0.5567764362830022,0.5567764362830022
0.315,0.5612486080160912,0.5612486080160912
0.32,0.565685424949238,0.565685424949238
0.325,0.570087712549569,0.570087712549569
0.33,0.5744562646538028,0.5744562646538028
0.335,0.5787918451395113,0.5787918451395113
0.34,0.5830951894845301,0.5830951894845301
0.34500000000000003,0.5873670062235365,0.5873670062235365
0.35000000000000003,0.5916079783099616,0.5916079783099616
0.355,0.5958187643906492,0.5958187643906492
0.36,0.6,0.6
0.365,0.6041522986797286,0.6041522986797286
0.37,0.6082762530298219,0.6082762530298219
0.375,0.6123724356957945,0.6123724356957945
0.38,0.6164414002968976,0.6164414002968976
0.385,0.6204836822995429,0.6204836822995429
0.39,0.6244997998398398,0.6244997998398398
0.395,0.6284902544988268,0.6284902544988268
0.4,0.6324555320336759,0.6324555320336759
0.405,0.6363961030678927,0.6363961030678927
0.41000000000000003,0.6403124237432849,0.6403124237432849
0.41500000000000004,0.6442049363362563,0.6442049363362563
0.42,0.648074069840786,0.648074069840786
0.425,0.6519202405202649,0.6519202405202649
0.43,0.6557438524302001,0.6557438524302001
0.435,0.6595452979136459,0.6595452979136459
0.44,0.6633249580710799,0.6633249580710799
0.445,0.6670832032063166,0.6670832032063166
0.45,0.6708203932499369,0.6708203932499369
0.455,0.6745368781616021,0.6745368781616021
0.46,0.6782329983125268,0.6782329983125268
0.465,0.6819090848492928,0.6819090848492928
0.47000000000000003,0.6855654600401044,0.6855654600401044
0.47500000000000003,0.6892024376045112,0.6892024376045112
0.48,0.6928203230275509,0.6928203230275509
0.485,0.6964194138592059,0.6964194138592059
0.49,0.7,0.7
0.495,0.7035623639735145,0.7035623639735145
0.5,0.7071067811865476,0.7071067811865476
0.505,0.7106335201775947,0.7106335201775947
0.51,0.714142842854285,0.714142842854285
0.515,0.7176350047203662,0.7176350047203662
0.52,0.7211102550927979,0.7211102550927979
0.525,0.724568837309472,0.724568837309472
0.53,0.7280109889280518,0.7280109889280518
0.535,0.7314369419163897,0.7314369419163897
0.54,0.7348469228349535,0.7348469228349535
0.545,0.73824115301167,0.73824115301167
0.55,0.7416198487095663,0.7416198487095663
0.555,0.744983221287567,0.744983221287567
0.56,0.7483314773547883,0.7483314773547883
0.5650000000000001,0.7516648189186454,0.7516648189186454
0.5700000000000001,0.754983443527075,0.754983443527075
0.5750000000000001,0.7582875444051551,0.7582875444051551
0.58,0.7615773105863908,0.7615773105863908
0.585,0.7648529270389177,0.7648529270389177
0.59,0.7681145747868608,0.7681145747868608
0.595,0.7713624310270756,0.7713624310270756
0.6,0.7745966692414834,0.7745966692414834
0.605,0.7778174593052023,0.7778174593052023
0.61,0.7810249675906654,0.7810249675906654
0.615,0.7842193570679061,0.7842193570679061
0.62,0.7874007874011811,0.7874007874011811
0.625,0.7905694150420949,0.7905694150420949
0.63,0.7937253933193772,0.7937253933193772
0.635,0.7968688725254613,0.7968688725254613
0.64,0.8,0.8
0.645,0.8031189202104505,0.8031189202104505
0.65,0.806225774829855,0.806225774829855
0.655,0.8093207028119322,0.8093207028119322
0.66,0.812403840463596,0.812403840463596
0.665,0.8154753215150046,0.8154753215150046
0.67,0.8185352771872451,0.8185352771872451
0.675,0.8215838362577492,0.8215838362577492
0.68,0.8246211251235321,0.8246211251235321
0.685,0.8276472678623424,0.8276472678623424
0.6900000000000001,0.8306623862918076,0.8306623862918076
0.6950000000000001,0.8336666000266534,0.8336666000266534
0.7000000000000001,0.8366600265340756,0.8366600265340756
0.705,0.8396427811873333,0.8396427811873333
0.71,0.8426149773176358,0.8426149773176358
0.715,0.8455767262643882,0.8455767262643882
0.72,0.848528137423857,0.848528137423857
0.725,0.85146931829632,0.85146931829632
0.73,0.8544003745317531,0.8544003745317531
0.735,0.8573214099741123,0.8573214099741123
0.74,0.8602325267042626,0.8602325267042626
0.745,0.8631338250816034,0.8631338250816034
0.75,0.8660254037844386,0.8660254037844386
0.755,0.8689073598491384,0.8689073598491384
0.76,0.8717797887081347,0.8717797887081347
0.765,0.8746427842267951,0.8746427842267951
0.77,0.8774964387392122,0.8774964387392122
0.775,0.8803408430829505,0.8803408430829505
0.78,0.8831760866327847,0.8831760866327847
0.785,0.8860022573334675,0.8860022573334675
0.79,0.8888194417315589,0.8888194417315589
0.795,0.8916277250063505,0.8916277250063505
0.8,0.8944271909999159,0.8944271909999159
0.805,0.897217922246318,0.897217922246318
0.81,0.9,0.9
0.8150000000000001,0.9027735042633894,0.9027735042633894
0.8200000000000001,0.9055385138137417,0.9055385138137417
0.8250000000000001,0.9082951062292476,0.9082951062292476
0.8300000000000001,0.9110433579144299,0.9110433579144299
0.835,0.9137833441248533,0.9137833441248533
0.84,0.916515138991168,0.916515138991168
0.845,0.9192388155425117,0.9192388155425117
0.85,0.9219544457292888,0.9219544457292888
0.855,0.9246621004453465,0.9246621004453465
0.86,0.9273618495495703,0.9273618495495703
0.865,0.9300537618869137,0.9300537618869137
0.87,0.9327379053088815,0.9327379053088815
0.875,0.9354143466934853,0.9354143466934853
0.88,0.938083151964686,0.938083151964686
0.885,0.9407443861113389,0.9407443861113389
0.89,0.9433981132056604,0.9433981132056604
0.895,0.9460443964212251,0.9460443964212251
0.9,0.9486832980505138,0.9486832980505138
0.905,0.9513148795220224,0.9513148795220224
0.91,0.9539392014169457,0.9539392014169457
0.915,0.9565563234854496,0.9565563234854496
0.92,0.9591663046625439,0.9591663046625439
0.925,0.9617692030835673,0.9617692030835673
0.93,0.9643650760992956,0.9643650760992956
0.935,0.9669539802906858,0.9669539802906858
0.9400000000000001,0.9695359714832659,0.9695359714832659
0.9450000000000001,0.972111104761179,0.972111104761179
0.9500000000000001,0.9746794344808964,0.9746794344808964
0.9550000000000001,0.9772410142846032,0.9772410142846032
0.96,0.9797958971132712,0.9797958971132712
0.965,0.982344135219425,0.982344135219425
0.97,0.9848857801796105,0.9848857801796105
0.975,0.9874208829065749,0.9874208829065749
0.98,0.9899494936611666,0.9899494936611666
0.985,0.9924716620639604,0.9924716620639604
0.99,0.99498743710662,0.99498743710662
0.995,0.9974968671630001,0.9974968671630001
1.0,1.0,1.0
1.0050000000000001,0.9974968671630001,1.0
1.01,0.99498743710662,1.0
1.0150000000000001,0.9924716620639603,1.0
1.02,0.9899494936611666,1.0
1.025,0.987420882906575,1.0
1.03,0.9848857801796105,1.0
1.035,0.9823441352194251,1.0
1.04,0.9797958971132712,1.0
1.045,0.9772410142846032,1.0
1.05,0.9746794344808963,1.0
1.055,0.972111104761179,1.0
1.06,0.9695359714832658,1.0
1.065,0.9669539802906858,1.0
1.07,0.9643650760992954,1.0
1.075,0.9617692030835673,1.0
1.08,0.9591663046625438,1.0
1.085,0.9565563234854496,1.0
1.09,0.9539392014169457,1.0
1.095,0.9513148795220224,1.0
1.1,0.9486832980505138,1.0
1.105,0.9460443964212251,1.0
1.11,0.9433981132056604,1.0
1.115,0.9407443861113389,1.0
1.12,0.9380831519646858,1.0
1.125,0.9354143466934853,1.0
1.1300000000000001,0.9327379053088815,1.0
1.135,0.9300537618869137,1.0
1.1400000000000001,0.9273618495495703,1.0
1.145,0.9246621004453465,1.0
1.1500000000000001,0.9219544457292886,1.0
1.155,0.9192388155425117,1.0
1.16,0.9165151389911681,1.0
1.165,0.9137833441248533,1.0
1.17,0.9110433579144299,1.0
1.175,0.9082951062292475,1.0
1.18,0.9055385138137417,1.0
1.185,0.9027735042633894,1.0
1.19,0.9,1.0
1.195,0.897217922246318,1.0
1.2,0.8944271909999159,1.0
1.205,0.8916277250063503,1.0
1.21,0.8888194417315589,1.0
1.215,0.8860022573334675,1.0
1.22,0.8831760866327847,1.0
1.225,0.8803408430829504,1.0
1.23,0.8774964387392122,1.0
1.235,0.874642784226795,1.0
1.24,0.8717797887081347,1.0
1.245,0.8689073598491382,1.0
1.25,0.8660254037844386,1.0
1.2550000000000001,0.8631338250816034,1.0
1.26,0.8602325267042626,1.0
1.2650000000000001,0.8573214099741122,1.0
1.27,0.8544003745317531,1.0
1.2750000000000001,0.85146931829632,1.0
1.28,0.848528137423857,1.0
1.285,0.8455767262643882,1.0
1.29,0.8426149773176358,1.0
1.295,0.8396427811873333,1.0
1.3,0.8366600265340756,1.0
1.305,0.8336666000266534,1.0
1.31,0.8306623862918074,1.0
1.315,0.8276472678623424,1.0
1.32,0.824621125123532,1.0
1.325,0.8215838362577492,1.0
1.33,0.818535277187245,1.0
1.335,0.8154753215150046,1.0
1.34,0.812403840463596,1.0
1.345,0.8093207028119322,1.0
1.35,0.8062257748298549,1.0
1.355,0.8031189202104505,1.0
1.36,0.7999999999999999,1.0
1.365,0.7968688725254613,1.0
1.37,0.7937253933193771,1.0
1.375,0.7905694150420949,1.0
1.3800000000000001,0.787400787401181,1.0
1.385,0.7842193570679061,1.0
1.3900000000000001,0.7810249675906653,1.0
1.395,0.7778174593052023,1.0
1.4000000000000001,0.7745966692414833,1.0
1.405,0.7713624310270756,1.0
1.41,0.7681145747868608,1.0
1.415,0.7648529270389177,1.0
1.42,0.7615773105863909,1.0
1.425,0.758287544405155,1.0
1.43,0.754983443527075,1.0
1.435,0.7516648189186453,1.0
1.44,0.7483314773547883,1.0
1.445,0.744983221287567,1.0
1.45,0.7416198487095663,1.0
1.455,0.7382411530116699,1.0
1.46,0.7348469228349535,1.0
1.465,0.7314369419163896,1.0
1.47,0.7280109889280518,1.0
1.475,0.7245688373094719,1.0
1.48,0.7211102550927979,1.0
1.485,0.7176350047203661,1.0
1.49,0.714142842854285,1.0
1.495,0.7106335201775947,1.0
1.5,0.7071067811865476,1.0
1.5050000000000001,0.7035623639735143,1.0
1.51,0.7,1.0
1.5150000000000001,0.6964194138592059,1.0
1.52,0.6928203230275509,1.0
1.5250000000000001,0.6892024376045109,1.0
1.53,0.6855654600401044,1.0
1.5350000000000001,0.6819090848492927,1.0
1.54,0.6782329983125268,1.0
1.545,0.6745368781616021,1.0
1.55,0.6708203932499369,1.0
1.555,0.6670832032063168,1.0
1.56,0.6633249580710799,1.0
1.565,0.659545297913646,1.0
1.57,0.6557438524302001,1.0
1.575,0.6519202405202649,1.0
1.58,0.648074069840786,1.0
1.585,0.6442049363362563,1.0
1.59,0.6403124237432848,1.0
1.595,0.6363961030678927,1.0
1.6,0.6324555320336758,1.0
1.605,0.6284902544988268,1.0
1.61,0.6244997998398397,1.0
1.615,0.6204836822995429,1.0
1.62,0.6164414002968975,1.0
1.625,0.6123724356957945,1.0
1.6300000000000001,0.6082762530298219,1.0
1.635,0.6041522986797286,1.0
1.6400000000000001,0.5999999999999999,1.0
1.645,0.5958187643906492,1.0
1.6500000000000001,0.5916079783099615,1.0
1.655,0.5873670062235365,1.0
1.6600000000000001,0.5830951894845299,1.0
1.665,0.5787918451395112,1.0
1.67,0.574456264653803,1.0
1.675,0.5700877125495689,1.0
1.68,0.5656854249492381,1.0
1.685,0.5612486080160911,1.0
1.69,0.5567764362830022,1.0
1.695,0.552268050859363,1.0
1.7,0.5477225575051662,1.0
1.705,0.5431390245600107,1.0
1.71,0.5385164807134505,1.0
1.715,0.5338539126015655,1.0
1.72,0.5291502622129182,1.0
1.725,0.5244044240850757,1.0
1.73,0.5196152422706632,1.0
1.735,0.5147815070493499,1.0
1.74,0.5099019513592785,1.0
1.745,0.5049752469181038,1.0
1.75,0.5,1.0
1.7550000000000001,0.4949747468305831,1.0
1.76,0.4898979485566356,1.0
1.7650000000000001,0.48476798574163277,1.0
1.77,0.4795831523312719,1.0
1.7750000000000001,0.4743416490252568,1.0
1.78,0.4690415759823429,1.0
1.7850000000000001,0.463680924774785,1.0
1.79,0.45825756949558394,1.0
1.795,0.4527692569068709,1.0
1.8,0.44721359549995787,1.0
1.805,0.4415880433163924,1.0
1.81,0.4358898943540673,1.0
1.815,0.4301162633521314,1.0
1.82,0.42426406871192845,1.0
1.825,0.41833001326703784,1.0
1.83,0.41231056256176596,1.0
1.835,0.4062019202317981,1.0
1.84,0.3999999999999999,1.0
1.845,0.39370039370059057,1.0
1.85,0.3872983346207416,1.0
1.855,0.38078865529319544,1.0
1.86,0.374165738677394,1.0
1.865,0.3674234614174767,1.0
1.87,0.3605551275463988,1.0
1.875,0.3535533905932738,1.0
1.8800000000000001,0.3464101615137753,1.0
1.885,0.3391164991562634,1.0
1.8900000000000001,0.3316624790355398,1.0
1.895,0.324037034920393,1.0
1.9000000000000001,0.3162277660168377,1.0
1.905,0.30822070014844877,1.0
1.9100000000000001,0.29999999999999977,1.0
1.915,0.29154759474226494,1.0
1.92,0.2828427124746191,1.0
1.925,0.273861278752583,1.0
1.93,0.2645751311064592,1.0
1.935,0.25495097567963915,1.0
1.94,0.2449489742783179,1.0
1.945,0.23452078799117135,1.0
1.95,0.22360679774997907,1.0
1.955,0.2121320343559641,1.0
1.96,0.2000000000000001,1.0
1.965,0.18708286933869686,1.0
1.97,0.1732050807568878,1.0
1.975,0.1581138830084187,1.0
1.98,0.14142135623730956,1.0
1.985,0.12247448713915851,1.0
1.99,0.10000000000000005,1.0
1.995,0.070710678118654,1.0
2.0,0.0,1.0
2.005,nan,1.0
2.0100000000000002,nan,1.0
2.015,nan,1.0
2.02,nan,1.0
2.025,nan,1.0
2.0300000000000002,nan,1.0
2.035,nan,1.0
2.04,nan,1.0
2.045,nan,1.0
2.05,nan,1.0
2.055,nan,1.0
2.06,nan,1.0
2.065,nan,1.0
2.07,nan,1.0
2.075,nan,1.0
2.08,nan,1.0
2.085,nan,1.0
2.09,nan,1.0
2.095,nan,1.0
2.1,nan,1.0
2.105,nan,1.0
2.11,nan,1.0
2.115,nan,1.0
2.12,nan,1.0
2.125,nan,1.0
2.13,nan,1.0
2.1350000000000002,nan,1.0
2.14,nan,1.0
2.145,nan,1.0
2.15,nan,1.0
2.1550000000000002,nan,1.0
2.16,nan,1.0
2.165,nan,1.0
2.17,nan,1.0
2.1750000000000003,nan,1.0
2.18,nan,1.0
2.185,nan,1.0
2.19,nan,1.0
2.195,nan,1.0
2.2,nan,1.0
2.205,nan,1.0
2.21,nan,1.0
2.215,nan,1.0
2.22,nan,1.0
2.225,nan,1.0
2.23,nan,1.0
2.235,nan,1.0
2.24,nan,1.0
2.245,nan,1.0
2.25,nan,1.0
2.255,nan,1.0
2.2600000000000002,nan,1.0
2.265,nan,1.0
2.27,nan,1.0
2.275,nan,1.0
2.2800000000000002,nan,1.0
2.285,nan,1.0
2.29,nan,1.0
2.295,nan,1.0
2.3000000000000003,nan,1.0
2.305,nan,1.0
2.31,nan,1.0
2.315,nan,1.0
2.32,nan,1.0
2.325,nan,1.0
2.33,nan,1.0
2.335,nan,1.0
2.34,nan,1.0
2.345,nan,1.0
2.35,nan,1.0
2.355,nan,1.0
2.36,nan,1.0
2.365,nan,1.0
2.37,nan,1.0
2.375,nan,1.0
2.38,nan,1.0
2.3850000000000002,nan,1.0
2.39,nan,1.0
2.395,nan,1.0
2.4,nan,1.0
2.4050000000000002,nan,1.0
2.41,nan,1.0
2.415,nan,1.0
2.42,nan,1.0
2.4250000000000003,nan,1.0
2.43,nan,1.0
2.435,nan,1.0
2.44,nan,1.0
2.445,nan,1.0
2.45,nan,1.0
2.455,nan,1.0
2.46,nan,1.0
2.465,nan,1.0
2.47,nan,1.0
2.475,nan,1.0
2.48,nan,1.0
2.485,nan,1.0
2.49,nan,1.0
2.495,nan,1.0
2.5,nan,1.0
