cap,mean,formula,lp,formula_minus_lp
0.25,0.0025,0.006645869462354301,0.0066457691310820265,1.0033127227464245e-07
0.25,0.025,0.04376088505476028,0.0437605543409885,3.307137717775688e-07
0.25,0.0625,0.07923788786603858,0.07923719419653145,6.936695071263488e-07
0.25,0.125,0.09947644966022584,0.09947495515970792,1.494500517923436e-06
0.25,0.225,0.04376088505476017,0.043760554340988286,3.307137718816522e-07
0.25,0.2475,0.00664586946235457,0.006645769131081494,1.0033127307608469e-07
0.5,0.005,0.013193026085572455,0.013192893664208347,1.324213641084454e-07
0.5,0.05,0.08685278482821489,0.0868519850987523,7.997294625833318e-07
0.5,0.125,0.15725323557641763,0.15725119343039573,2.0421460218966736e-06
0.5,0.25,0.1974126513658474,0.19740968695093286,2.964414914541358e-06
0.5,0.45,0.08685278482821523,0.08685198509875236,7.997294628747653e-07
0.5,0.495,0.013193026085572157,0.013192893664209508,1.3242136264954296e-07
1,0.01,0.025706905802281712,0.025706650501893403,2.5530038830906543e-07
1,0.1,0.16872569969551293,0.16872369776557516,2.001929937767155e-06
1,0.25,0.30515949457091535,0.3051553216376479,4.172933267432288e-06
1,0.5,0.38292492254802624,0.3829195610061049,5.3615419213226545e-06
1,0.9,0.16872569969551288,0.16872369776557494,2.0019299379336886e-06
1,0.99,0.025706905802282187,0.025706650501893937,2.5530038825008483e-07
2,0.02,0.04808913795478297,0.048088783657798485,3.5429698448663505e-07
2,0.2,0.30696079881269656,0.3069568650019574,3.933810739153998e-06
2,0.5,0.5475323014333355,0.547527031644448,5.269788887485305e-06
2,1.0,0.6826894921370859,0.6826821078328611,7.384304224755667e-06
2,1.8,0.30696079881269633,0.3069568650019574,3.933810738931953e-06
2,1.98,0.04808913795478231,0.04808878365779887,3.5429698344580096e-07
4,0.04,0.0868777176780076,0.0868773934298741,3.2424813349585246e-07
4,0.4,0.500817014596696,0.5008137598495597,3.2547471363608693e-06
4,1.0,0.8149194128380712,0.8149154564904479,3.956347623290668e-06
4,2.0,0.9544997361036416,0.9544964343078101,3.3017958315229023e-06
4,3.6,0.5008170145966957,0.5008137598495614,3.2547471342514456e-06
4,3.96,0.08687771767800567,0.08687737847516201,3.3920284366051323e-07
8,0.08,0.15357063853625058,0.15356960976446188,1.0287717887025316e-06
8,0.8,0.7398067143119101,0.7398036118638814,3.102448028702298e-06
8,2.0,0.9767765652931936,0.9767760280390415,5.372541520554108e-07
8,4.0,0.9999366575163338,0.9999366412585984,1.6257735380165173e-08
8,7.2,0.7398067143119104,0.7398036050404221,3.109271488277443e-06
8,7.92,0.15357063853624986,0.15356958582880176,1.0527074481014864e-06
